source,timestamp_utc,value_mwh
Solar,2025-09-07 22:00:00,6.8
Solar,2025-09-07 23:00:00,5.78
Solar,2025-09-08 00:00:00,6.79
Solar,2025-09-08 01:00:00,5.52
Solar,2025-09-08 02:00:00,5.72
Solar,2025-09-08 03:00:00,8.52
Solar,2025-09-08 04:00:00,134.25
Solar,2025-09-08 05:00:00,3475.67
Solar,2025-09-08 06:00:00,11865.9
Solar,2025-09-08 07:00:00,21257.04
Solar,2025-09-08 08:00:00,28455.25
Solar,2025-09-08 09:00:00,32172.3
Solar,2025-09-08 10:00:00,32539.71
Solar,2025-09-08 11:00:00,30301.79
Solar,2025-09-08 12:00:00,26612.54
Solar,2025-09-08 13:00:00,22086.12
Solar,2025-09-08 14:00:00,16447.15
Solar,2025-09-08 15:00:00,9722.03
Solar,2025-09-08 16:00:00,3856.07
Solar,2025-09-08 17:00:00,571.27
Solar,2025-09-08 18:00:00,57.0
Solar,2025-09-08 19:00:00,13.16
Solar,2025-09-08 20:00:00,8.33
Solar,2025-09-08 21:00:00,6.67
Solar,2025-09-08 22:00:00,6.64
Solar,2025-09-08 23:00:00,6.28
Solar,2025-09-09 00:00:00,8.09
Solar,2025-09-09 01:00:00,6.86
Solar,2025-09-09 02:00:00,6.8
Solar,2025-09-09 03:00:00,7.37
Solar,2025-09-09 04:00:00,97.21
Solar,2025-09-09 05:00:00,2416.66
Solar,2025-09-09 06:00:00,7307.77
Solar,2025-09-09 07:00:00,12281.79
Solar,2025-09-09 08:00:00,16320.13
Solar,2025-09-09 09:00:00,20189.25
Solar,2025-09-09 10:00:00,21880.45
Solar,2025-09-09 11:00:00,21621.01
Solar,2025-09-09 12:00:00,19539.09
Solar,2025-09-09 13:00:00,16408.38
Solar,2025-09-09 14:00:00,12712.69
Solar,2025-09-09 15:00:00,7950.16
Solar,2025-09-09 16:00:00,3368.46
Solar,2025-09-09 17:00:00,503.8
Solar,2025-09-09 18:00:00,45.67
Solar,2025-09-09 19:00:00,11.72
Solar,2025-09-09 20:00:00,8.18
Solar,2025-09-09 21:00:00,9.52
Solar,2025-09-09 22:00:00,5.08
Solar,2025-09-09 23:00:00,5.04
Solar,2025-09-10 00:00:00,5.26
Solar,2025-09-10 01:00:00,5.55
Solar,2025-09-10 02:00:00,5.6
Solar,2025-09-10 03:00:00,7.9
Solar,2025-09-10 04:00:00,54.16
Solar,2025-09-10 05:00:00,1656.77
Solar,2025-09-10 06:00:00,5912.87
Solar,2025-09-10 07:00:00,11282.67
Solar,2025-09-10 08:00:00,15645.9
Solar,2025-09-10 09:00:00,18566.51
Solar,2025-09-10 10:00:00,20554.39
Solar,2025-09-10 11:00:00,20932.46
Solar,2025-09-10 12:00:00,19932.68
Solar,2025-09-10 13:00:00,17905.98
Solar,2025-09-10 14:00:00,14404.49
Solar,2025-09-10 15:00:00,9674.19
Solar,2025-09-10 16:00:00,4249.72
Solar,2025-09-10 17:00:00,648.97
Solar,2025-09-10 18:00:00,53.62
Solar,2025-09-10 19:00:00,11.44
Solar,2025-09-10 20:00:00,12.02
Solar,2025-09-10 21:00:00,7.11
Solar,2025-09-10 22:00:00,8.72
Solar,2025-09-10 23:00:00,8.46
Solar,2025-09-11 00:00:00,8.29
Solar,2025-09-11 01:00:00,8.8
Solar,2025-09-11 02:00:00,8.28
Solar,2025-09-11 03:00:00,8.09
Solar,2025-09-11 04:00:00,45.7
Solar,2025-09-11 05:00:00,1910.4
Solar,2025-09-11 06:00:00,7635.05
Solar,2025-09-11 07:00:00,15303.17
Solar,2025-09-11 08:00:00,22637.66
Solar,2025-09-11 09:00:00,28127.65
Solar,2025-09-11 10:00:00,29004.45
Solar,2025-09-11 11:00:00,28530.48
Solar,2025-09-11 12:00:00,25864.42
Solar,2025-09-11 13:00:00,23361.39
Solar,2025-09-11 14:00:00,17938.28
Solar,2025-09-11 15:00:00,11118.51
Solar,2025-09-11 16:00:00,4332.4
Solar,2025-09-11 17:00:00,490.44
Solar,2025-09-11 18:00:00,84.84
Solar,2025-09-11 19:00:00,40.79
Solar,2025-09-11 20:00:00,14.94
Solar,2025-09-11 21:00:00,9.97
Solar,2025-09-11 22:00:00,9.54
Solar,2025-09-11 23:00:00,10.44
Solar,2025-09-12 00:00:00,10.07
Solar,2025-09-12 01:00:00,10.48
Solar,2025-09-12 02:00:00,11.57
Solar,2025-09-12 03:00:00,11.28
Solar,2025-09-12 04:00:00,73.32
Solar,2025-09-12 05:00:00,2251.55
Solar,2025-09-12 06:00:00,8890.96
Solar,2025-09-12 07:00:00,17242.66
Solar,2025-09-12 08:00:00,23982.64
Solar,2025-09-12 09:00:00,27041.29
Solar,2025-09-12 10:00:00,29537.1
Solar,2025-09-12 11:00:00,30049.62
Solar,2025-09-12 12:00:00,28872.29
Solar,2025-09-12 13:00:00,26016.01
Solar,2025-09-12 14:00:00,21585.18
Solar,2025-09-12 15:00:00,13680.33
Solar,2025-09-12 16:00:00,4914.1
Solar,2025-09-12 17:00:00,536.04
Solar,2025-09-12 18:00:00,66.13
Solar,2025-09-12 19:00:00,30.83
Solar,2025-09-12 20:00:00,37.96
Solar,2025-09-12 21:00:00,14.43
Solar,2025-09-12 22:00:00,14.05
Solar,2025-09-12 23:00:00,11.34
Solar,2025-09-13 00:00:00,10.51
Solar,2025-09-13 01:00:00,10.14
Solar,2025-09-13 02:00:00,9.77
Solar,2025-09-13 03:00:00,9.26
Solar,2025-09-13 04:00:00,39.78
Solar,2025-09-13 05:00:00,1681.83
Solar,2025-09-13 06:00:00,7526.13
Solar,2025-09-13 07:00:00,16107.91
Solar,2025-09-13 08:00:00,25821.05
Solar,2025-09-13 09:00:00,32707.38
Solar,2025-09-13 10:00:00,34873.05
Solar,2025-09-13 11:00:00,33091.34
Solar,2025-09-13 12:00:00,29947.18
Solar,2025-09-13 13:00:00,25480.1
Solar,2025-09-13 14:00:00,20469.9
Solar,2025-09-13 15:00:00,12032.07
Solar,2025-09-13 16:00:00,3985.75
Solar,2025-09-13 17:00:00,350.35
Solar,2025-09-13 18:00:00,81.62
Solar,2025-09-13 19:00:00,26.27
Solar,2025-09-13 20:00:00,11.35
Solar,2025-09-13 21:00:00,11.99
Solar,2025-09-13 22:00:00,10.44
Solar,2025-09-13 23:00:00,10.05
Solar,2025-09-14 00:00:00,7.76
Solar,2025-09-14 01:00:00,9.41
Solar,2025-09-14 02:00:00,8.61
Solar,2025-09-14 03:00:00,7.29
Solar,2025-09-14 04:00:00,16.25
Solar,2025-09-14 05:00:00,742.22
Solar,2025-09-14 06:00:00,4506.23
Solar,2025-09-14 07:00:00,10970.4
Solar,2025-09-14 08:00:00,18376.17
Solar,2025-09-14 09:00:00,26311.65
Solar,2025-09-14 10:00:00,31954.0
Solar,2025-09-14 11:00:00,34410.59
Solar,2025-09-14 12:00:00,34121.48
Solar,2025-09-14 13:00:00,31176.76
Solar,2025-09-14 14:00:00,24524.17
Solar,2025-09-14 15:00:00,14493.13
Solar,2025-09-14 16:00:00,4363.1
Solar,2025-09-14 17:00:00,332.19
Solar,2025-09-14 18:00:00,61.35
Solar,2025-09-14 19:00:00,19.87
Solar,2025-09-14 20:00:00,22.7
Solar,2025-09-14 21:00:00,17.75
Solar,2025-09-14 22:00:00,13.69
Solar,2025-09-14 23:00:00,13.51
Solar,2025-09-15 00:00:00,13.65
Solar,2025-09-15 01:00:00,13.86
Solar,2025-09-15 02:00:00,12.73
Solar,2025-09-15 03:00:00,13.43
Solar,2025-09-15 04:00:00,25.63
Solar,2025-09-15 05:00:00,1041.25
Solar,2025-09-15 06:00:00,5888.06
Solar,2025-09-15 07:00:00,13966.51
Solar,2025-09-15 08:00:00,20849.78
Solar,2025-09-15 09:00:00,27285.9
Solar,2025-09-15 10:00:00,29840.48
Solar,2025-09-15 11:00:00,30725.81
Solar,2025-09-15 12:00:00,29880.36
Solar,2025-09-15 13:00:00,26779.7
Solar,2025-09-15 14:00:00,20866.62
Solar,2025-09-15 15:00:00,12708.57
Solar,2025-09-15 16:00:00,4303.91
Solar,2025-09-15 17:00:00,351.47
Solar,2025-09-15 18:00:00,73.24
Solar,2025-09-15 19:00:00,36.07
Solar,2025-09-15 20:00:00,14.48
Solar,2025-09-15 21:00:00,11.36
Solar,2025-09-15 22:00:00,11.04
Solar,2025-09-15 23:00:00,10.95
Solar,2025-09-16 00:00:00,6.41
Solar,2025-09-16 01:00:00,6.51
Solar,2025-09-16 02:00:00,6.32
Solar,2025-09-16 03:00:00,8.18
Solar,2025-09-16 04:00:00,25.77
Solar,2025-09-16 05:00:00,1485.53
Solar,2025-09-16 06:00:00,6880.33
Solar,2025-09-16 07:00:00,14139.62
Solar,2025-09-16 08:00:00,20165.39
Solar,2025-09-16 09:00:00,23353.1
Solar,2025-09-16 10:00:00,24875.02
Solar,2025-09-16 11:00:00,25783.3
Solar,2025-09-16 12:00:00,24243.54
Solar,2025-09-16 13:00:00,20909.46
Solar,2025-09-16 14:00:00,16431.75
Solar,2025-09-16 15:00:00,10137.11
Solar,2025-09-16 16:00:00,3197.41
Solar,2025-09-16 17:00:00,179.71
Solar,2025-09-16 18:00:00,29.92
Solar,2025-09-16 19:00:00,19.44
Solar,2025-09-16 20:00:00,14.8
Solar,2025-09-16 21:00:00,14.34
Solar,2025-09-16 22:00:00,12.52
Solar,2025-09-16 23:00:00,12.0
Solar,2025-09-17 00:00:00,7.65
Solar,2025-09-17 01:00:00,8.26
Solar,2025-09-17 02:00:00,8.76
Solar,2025-09-17 03:00:00,9.19
Solar,2025-09-17 04:00:00,34.89
Solar,2025-09-17 05:00:00,1775.16
Solar,2025-09-17 06:00:00,8540.0
Solar,2025-09-17 07:00:00,17337.49
Solar,2025-09-17 08:00:00,24140.65
Solar,2025-09-17 09:00:00,27254.78
Solar,2025-09-17 10:00:00,27374.33
Solar,2025-09-17 11:00:00,24780.39
Solar,2025-09-17 12:00:00,22321.72
Solar,2025-09-17 13:00:00,19261.17
Solar,2025-09-17 14:00:00,15243.79
Solar,2025-09-17 15:00:00,8949.7
Solar,2025-09-17 16:00:00,2789.23
Solar,2025-09-17 17:00:00,208.95
Solar,2025-09-17 18:00:00,51.53
Solar,2025-09-17 19:00:00,14.94
Solar,2025-09-17 20:00:00,11.86
Solar,2025-09-17 21:00:00,7.28
Solar,2025-09-17 22:00:00,7.73
Solar,2025-09-17 23:00:00,7.37
Solar,2025-09-18 00:00:00,7.31
Solar,2025-09-18 01:00:00,7.41
Solar,2025-09-18 02:00:00,7.37
Solar,2025-09-18 03:00:00,7.97
Solar,2025-09-18 04:00:00,17.18
Solar,2025-09-18 05:00:00,1275.68
Solar,2025-09-18 06:00:00,7394.43
Solar,2025-09-18 07:00:00,16057.22
Solar,2025-09-18 08:00:00,23938.27
Solar,2025-09-18 09:00:00,29331.66
Solar,2025-09-18 10:00:00,33022.14
Solar,2025-09-18 11:00:00,34414.79
Solar,2025-09-18 12:00:00,32584.11
Solar,2025-09-18 13:00:00,28738.19
Solar,2025-09-18 14:00:00,21774.44
Solar,2025-09-18 15:00:00,12847.99
Solar,2025-09-18 16:00:00,3695.18
Solar,2025-09-18 17:00:00,194.63
Solar,2025-09-18 18:00:00,35.42
Solar,2025-09-18 19:00:00,9.75
Solar,2025-09-18 20:00:00,8.72
Solar,2025-09-18 21:00:00,7.24
Solar,2025-09-18 22:00:00,7.4
Solar,2025-09-18 23:00:00,7.28
Solar,2025-09-19 00:00:00,7.4
Solar,2025-09-19 01:00:00,7.63
Solar,2025-09-19 02:00:00,7.61
Solar,2025-09-19 03:00:00,8.18
Solar,2025-09-19 04:00:00,45.29
Solar,2025-09-19 05:00:00,1810.9
Solar,2025-09-19 06:00:00,9595.15
Solar,2025-09-19 07:00:00,20636.14
Solar,2025-09-19 08:00:00,30413.07
Solar,2025-09-19 09:00:00,37142.13
Solar,2025-09-19 10:00:00,41887.52
Solar,2025-09-19 11:00:00,43233.61
Solar,2025-09-19 12:00:00,41543.44
Solar,2025-09-19 13:00:00,36352.96
Solar,2025-09-19 14:00:00,27517.86
Solar,2025-09-19 15:00:00,15534.14
Solar,2025-09-19 16:00:00,4384.3
Solar,2025-09-19 17:00:00,234.04
Solar,2025-09-19 18:00:00,75.11
Solar,2025-09-19 19:00:00,18.04
Solar,2025-09-19 20:00:00,9.96
Solar,2025-09-19 21:00:00,6.78
Solar,2025-09-19 22:00:00,9.69
Solar,2025-09-19 23:00:00,6.26
Solar,2025-09-20 00:00:00,5.01
Solar,2025-09-20 01:00:00,5.39
Solar,2025-09-20 02:00:00,5.48
Solar,2025-09-20 03:00:00,6.32
Solar,2025-09-20 04:00:00,23.63
Solar,2025-09-20 05:00:00,1960.08
Solar,2025-09-20 06:00:00,10909.73
Solar,2025-09-20 07:00:00,22674.62
Solar,2025-09-20 08:00:00,32456.66
Solar,2025-09-20 09:00:00,38591.89
Solar,2025-09-20 10:00:00,40744.06
Solar,2025-09-20 11:00:00,39374.77
Solar,2025-09-20 12:00:00,35504.89
Solar,2025-09-20 13:00:00,29898.77
Solar,2025-09-20 14:00:00,22213.62
Solar,2025-09-20 15:00:00,11486.06
Solar,2025-09-20 16:00:00,2982.7
Solar,2025-09-20 17:00:00,143.25
Solar,2025-09-20 18:00:00,39.72
Solar,2025-09-20 19:00:00,22.47
Solar,2025-09-20 20:00:00,13.11
Solar,2025-09-20 21:00:00,13.68
Solar,2025-09-20 22:00:00,11.33
Solar,2025-09-20 23:00:00,5.69
Solar,2025-09-21 00:00:00,5.53
Solar,2025-09-21 01:00:00,7.57
Solar,2025-09-21 02:00:00,6.08
Solar,2025-09-21 03:00:00,8.11
Solar,2025-09-21 04:00:00,14.57
Solar,2025-09-21 05:00:00,1471.88
Solar,2025-09-21 06:00:00,7089.78
Solar,2025-09-21 07:00:00,13826.4
Solar,2025-09-21 08:00:00,20713.34
Solar,2025-09-21 09:00:00,24207.55
Solar,2025-09-21 10:00:00,25222.55
Solar,2025-09-21 11:00:00,23551.23
Solar,2025-09-21 12:00:00,20382.6
Solar,2025-09-21 13:00:00,15798.35
Solar,2025-09-21 14:00:00,10563.47
Solar,2025-09-21 15:00:00,4890.81
Solar,2025-09-21 16:00:00,1238.79
Solar,2025-09-21 17:00:00,69.15
Solar,2025-09-21 18:00:00,17.09
Solar,2025-09-21 19:00:00,9.46
Solar,2025-09-21 20:00:00,8.82
Solar,2025-09-21 21:00:00,6.98
Solar,2025-09-21 22:00:00,7.06
Solar,2025-09-21 23:00:00,7.01
Solar,2025-09-22 00:00:00,8.86
Solar,2025-09-22 01:00:00,7.15
Solar,2025-09-22 02:00:00,6.73
Solar,2025-09-22 03:00:00,7.21
Solar,2025-09-22 04:00:00,23.12
Solar,2025-09-22 05:00:00,627.48
Solar,2025-09-22 06:00:00,3281.7
Solar,2025-09-22 07:00:00,7634.3
Solar,2025-09-22 08:00:00,12418.74
Solar,2025-09-22 09:00:00,16453.74
Solar,2025-09-22 10:00:00,17814.95
Solar,2025-09-22 11:00:00,17235.06
Solar,2025-09-22 12:00:00,15953.18
Solar,2025-09-22 13:00:00,13605.04
Solar,2025-09-22 14:00:00,9812.86
Solar,2025-09-22 15:00:00,5573.7
Solar,2025-09-22 16:00:00,1566.78
Solar,2025-09-22 17:00:00,80.07
Solar,2025-09-22 18:00:00,13.74
Solar,2025-09-22 19:00:00,9.63
Solar,2025-09-22 20:00:00,6.91
Solar,2025-09-22 21:00:00,6.04
Solar,2025-09-22 22:00:00,6.74
Solar,2025-09-22 23:00:00,6.76
Solar,2025-09-23 00:00:00,6.11
Solar,2025-09-23 01:00:00,6.05
Solar,2025-09-23 02:00:00,5.97
Solar,2025-09-23 03:00:00,6.36
Solar,2025-09-23 04:00:00,15.37
Solar,2025-09-23 05:00:00,1113.93
Solar,2025-09-23 06:00:00,6742.51
Solar,2025-09-23 07:00:00,15307.45
Solar,2025-09-23 08:00:00,22742.39
Solar,2025-09-23 09:00:00,26641.32
Solar,2025-09-23 10:00:00,27719.67
Solar,2025-09-23 11:00:00,27083.19
Solar,2025-09-23 12:00:00,24053.58
Solar,2025-09-23 13:00:00,19785.52
Solar,2025-09-23 14:00:00,13834.06
Solar,2025-09-23 15:00:00,7230.4
Solar,2025-09-23 16:00:00,1849.5
Solar,2025-09-23 17:00:00,131.97
Solar,2025-09-23 18:00:00,32.07
Solar,2025-09-23 19:00:00,13.7
Solar,2025-09-23 20:00:00,12.26
Solar,2025-09-23 21:00:00,12.86
Solar,2025-09-23 22:00:00,10.51
Solar,2025-09-23 23:00:00,10.21
Solar,2025-09-24 00:00:00,9.35
Solar,2025-09-24 01:00:00,10.1
Solar,2025-09-24 02:00:00,9.46
Solar,2025-09-24 03:00:00,10.4
Solar,2025-09-24 04:00:00,21.72
Solar,2025-09-24 05:00:00,866.1
Solar,2025-09-24 06:00:00,5529.05
Solar,2025-09-24 07:00:00,12158.28
Solar,2025-09-24 08:00:00,17934.0
Solar,2025-09-24 09:00:00,21534.22
Solar,2025-09-24 10:00:00,22965.78
Solar,2025-09-24 11:00:00,22245.15
Solar,2025-09-24 12:00:00,20154.2
Solar,2025-09-24 13:00:00,17065.64
Solar,2025-09-24 14:00:00,12259.43
Solar,2025-09-24 15:00:00,6106.88
Solar,2025-09-24 16:00:00,1306.81
Solar,2025-09-24 17:00:00,57.5
Solar,2025-09-24 18:00:00,16.53
Solar,2025-09-24 19:00:00,11.87
Solar,2025-09-24 20:00:00,8.01
Solar,2025-09-24 21:00:00,10.12
Solar,2025-09-24 22:00:00,10.1
Solar,2025-09-24 23:00:00,10.22
Solar,2025-09-25 00:00:00,9.85
Solar,2025-09-25 01:00:00,9.89
Solar,2025-09-25 02:00:00,8.93
Solar,2025-09-25 03:00:00,12.45
Solar,2025-09-25 04:00:00,25.94
Solar,2025-09-25 05:00:00,580.66
Solar,2025-09-25 06:00:00,3648.02
Solar,2025-09-25 07:00:00,7892.99
Solar,2025-09-25 08:00:00,11802.91
Solar,2025-09-25 09:00:00,14554.72
Solar,2025-09-25 10:00:00,16211.83
Solar,2025-09-25 11:00:00,16571.08
Solar,2025-09-25 12:00:00,15150.43
Solar,2025-09-25 13:00:00,12482.14
Solar,2025-09-25 14:00:00,8678.03
Solar,2025-09-25 15:00:00,4336.93
Solar,2025-09-25 16:00:00,981.25
Solar,2025-09-25 17:00:00,51.93
Solar,2025-09-25 18:00:00,19.82
Solar,2025-09-25 19:00:00,13.24
Solar,2025-09-25 20:00:00,9.5
Solar,2025-09-25 21:00:00,6.84
Solar,2025-09-25 22:00:00,6.54
Solar,2025-09-25 23:00:00,5.91
Solar,2025-09-26 00:00:00,6.23
Solar,2025-09-26 01:00:00,6.69
Solar,2025-09-26 02:00:00,6.86
Solar,2025-09-26 03:00:00,7.49
Solar,2025-09-26 04:00:00,11.96
Solar,2025-09-26 05:00:00,411.65
Solar,2025-09-26 06:00:00,3071.87
Solar,2025-09-26 07:00:00,7634.47
Solar,2025-09-26 08:00:00,12381.57
Solar,2025-09-26 09:00:00,15590.31
Solar,2025-09-26 10:00:00,17811.59
Solar,2025-09-26 11:00:00,18432.88
Solar,2025-09-26 12:00:00,17280.14
Solar,2025-09-26 13:00:00,15229.48
Solar,2025-09-26 14:00:00,10594.85
Solar,2025-09-26 15:00:00,4800.16
Solar,2025-09-26 16:00:00,1038.36
Solar,2025-09-26 17:00:00,78.32
Solar,2025-09-26 18:00:00,52.01
Solar,2025-09-26 19:00:00,14.17
Solar,2025-09-26 20:00:00,11.62
Solar,2025-09-26 21:00:00,6.9
Solar,2025-09-26 22:00:00,6.73
Solar,2025-09-26 23:00:00,7.06
Solar,2025-09-27 00:00:00,6.14
Solar,2025-09-27 01:00:00,6.71
Solar,2025-09-27 02:00:00,6.34
Solar,2025-09-27 03:00:00,6.49
Solar,2025-09-27 04:00:00,9.3
Solar,2025-09-27 05:00:00,533.01
Solar,2025-09-27 06:00:00,3713.09
Solar,2025-09-27 07:00:00,8985.59
Solar,2025-09-27 08:00:00,14599.53
Solar,2025-09-27 09:00:00,18596.71
Solar,2025-09-27 10:00:00,20864.63
Solar,2025-09-27 11:00:00,21079.33
Solar,2025-09-27 12:00:00,20849.49
Solar,2025-09-27 13:00:00,18191.11
Solar,2025-09-27 14:00:00,12844.5
Solar,2025-09-27 15:00:00,6299.69
Solar,2025-09-27 16:00:00,1282.86
Solar,2025-09-27 17:00:00,77.73
Solar,2025-09-27 18:00:00,50.2
Solar,2025-09-27 19:00:00,15.44
Solar,2025-09-27 20:00:00,8.01
Solar,2025-09-27 21:00:00,7.45
Solar,2025-09-27 22:00:00,10.03
Solar,2025-09-27 23:00:00,7.06
Solar,2025-09-28 00:00:00,5.91
Solar,2025-09-28 01:00:00,6.03
Solar,2025-09-28 02:00:00,5.79
Solar,2025-09-28 03:00:00,6.17
Solar,2025-09-28 04:00:00,10.94
Solar,2025-09-28 05:00:00,662.76
Solar,2025-09-28 06:00:00,5676.06
Solar,2025-09-28 07:00:00,13585.21
Solar,2025-09-28 08:00:00,21388.36
Solar,2025-09-28 09:00:00,27820.34
Solar,2025-09-28 10:00:00,31020.26
Solar,2025-09-28 11:00:00,31443.1
Solar,2025-09-28 12:00:00,29653.76
Solar,2025-09-28 13:00:00,25704.35
Solar,2025-09-28 14:00:00,18440.98
Solar,2025-09-28 15:00:00,9078.78
Solar,2025-09-28 16:00:00,1701.3
Solar,2025-09-28 17:00:00,31.29
Solar,2025-09-28 18:00:00,9.95
Solar,2025-09-28 19:00:00,8.42
Solar,2025-09-28 20:00:00,6.68
Solar,2025-09-28 21:00:00,6.81
Solar,2025-09-28 22:00:00,8.06
Solar,2025-09-28 23:00:00,7.95
Solar,2025-09-29 00:00:00,6.04
Solar,2025-09-29 01:00:00,5.95
Solar,2025-09-29 02:00:00,5.8
Solar,2025-09-29 03:00:00,6.3
Solar,2025-09-29 04:00:00,15.25
Solar,2025-09-29 05:00:00,773.96
Solar,2025-09-29 06:00:00,5608.94
Solar,2025-09-29 07:00:00,13504.52
Solar,2025-09-29 08:00:00,21839.6
Solar,2025-09-29 09:00:00,28358.95
Solar,2025-09-29 10:00:00,31997.09
Solar,2025-09-29 11:00:00,32020.96
Solar,2025-09-29 12:00:00,28905.19
Solar,2025-09-29 13:00:00,23163.8
Solar,2025-09-29 14:00:00,15209.38
Solar,2025-09-29 15:00:00,7164.65
Solar,2025-09-29 16:00:00,1245.87
Solar,2025-09-29 17:00:00,54.92
Solar,2025-09-29 18:00:00,11.7
Solar,2025-09-29 19:00:00,8.2
Solar,2025-09-29 20:00:00,6.87
Solar,2025-09-29 21:00:00,5.95
Solar,2025-09-29 22:00:00,6.73
Solar,2025-09-29 23:00:00,6.14
Solar,2025-09-30 00:00:00,5.99
Solar,2025-09-30 01:00:00,6.14
Solar,2025-09-30 02:00:00,6.34
Solar,2025-09-30 03:00:00,7.1
Solar,2025-09-30 04:00:00,13.55
Solar,2025-09-30 05:00:00,556.56
Solar,2025-09-30 06:00:00,4156.8
Solar,2025-09-30 07:00:00,10684.88
Solar,2025-09-30 08:00:00,17776.33
Solar,2025-09-30 09:00:00,23413.77
Solar,2025-09-30 10:00:00,26294.25
Solar,2025-09-30 11:00:00,25752.09
Solar,2025-09-30 12:00:00,23111.79
Solar,2025-09-30 13:00:00,18890.48
Solar,2025-09-30 14:00:00,12894.25
Solar,2025-09-30 15:00:00,6038.9
Solar,2025-09-30 16:00:00,1102.96
Solar,2025-09-30 17:00:00,51.06
Solar,2025-09-30 18:00:00,11.88
Solar,2025-09-30 19:00:00,8.82
Solar,2025-09-30 20:00:00,6.8
Solar,2025-09-30 21:00:00,6.64
Solar,2025-09-30 22:00:00,9.83
Solar,2025-09-30 23:00:00,9.7
Solar,2025-10-01 00:00:00,9.61
Solar,2025-10-01 01:00:00,9.71
Solar,2025-10-01 02:00:00,10.06
Solar,2025-10-01 03:00:00,10.06
Solar,2025-10-01 04:00:00,25.63
Solar,2025-10-01 05:00:00,695.48
Solar,2025-10-01 06:00:00,6239.09
Solar,2025-10-01 07:00:00,16168.96
Solar,2025-10-01 08:00:00,26165.36
Solar,2025-10-01 09:00:00,32771.03
Solar,2025-10-01 10:00:00,34196.63
Solar,2025-10-01 11:00:00,32497.1
Solar,2025-10-01 12:00:00,28674.34
Solar,2025-10-01 13:00:00,23353.08
Solar,2025-10-01 14:00:00,16367.36
Solar,2025-10-01 15:00:00,7974.59
Solar,2025-10-01 16:00:00,1322.01
Solar,2025-10-01 17:00:00,61.05
Solar,2025-10-01 18:00:00,31.19
Solar,2025-10-01 19:00:00,13.65
Solar,2025-10-01 20:00:00,12.14
Solar,2025-10-01 21:00:00,11.25
Solar,2025-10-01 22:00:00,10.69
Solar,2025-10-01 23:00:00,11.4
Solar,2025-10-02 00:00:00,10.38
Solar,2025-10-02 01:00:00,11.28
Solar,2025-10-02 02:00:00,11.36
Solar,2025-10-02 03:00:00,11.98
Solar,2025-10-02 04:00:00,15.46
Solar,2025-10-02 05:00:00,671.58
Solar,2025-10-02 06:00:00,6847.78
Solar,2025-10-02 07:00:00,17831.55
Solar,2025-10-02 08:00:00,28973.98
Solar,2025-10-02 09:00:00,37312.31
Solar,2025-10-02 10:00:00,40697.92
Solar,2025-10-02 11:00:00,38887.05
Solar,2025-10-02 12:00:00,35255.95
Solar,2025-10-02 13:00:00,29547.56
Solar,2025-10-02 14:00:00,20810.72
Solar,2025-10-02 15:00:00,10114.84
Solar,2025-10-02 16:00:00,1527.8
Solar,2025-10-02 17:00:00,75.48
Solar,2025-10-02 18:00:00,54.99
Solar,2025-10-02 19:00:00,27.74
Solar,2025-10-02 20:00:00,21.47
Solar,2025-10-02 21:00:00,10.81
Solar,2025-10-02 22:00:00,11.12
Solar,2025-10-02 23:00:00,10.1
Solar,2025-10-03 00:00:00,10.84
Solar,2025-10-03 01:00:00,10.45
Solar,2025-10-03 02:00:00,10.45
Solar,2025-10-03 03:00:00,10.68
Solar,2025-10-03 04:00:00,12.6
Solar,2025-10-03 05:00:00,825.24
Solar,2025-10-03 06:00:00,7887.41
Solar,2025-10-03 07:00:00,18599.16
Solar,2025-10-03 08:00:00,27326.02
Solar,2025-10-03 09:00:00,32216.31
Solar,2025-10-03 10:00:00,34525.69
Solar,2025-10-03 11:00:00,33367.41
Solar,2025-10-03 12:00:00,29720.96
Solar,2025-10-03 13:00:00,23708.1
Solar,2025-10-03 14:00:00,15257.78
Solar,2025-10-03 15:00:00,6294.14
Solar,2025-10-03 16:00:00,719.13
Solar,2025-10-03 17:00:00,62.82
Solar,2025-10-03 18:00:00,46.01
Solar,2025-10-03 19:00:00,35.24
Solar,2025-10-03 20:00:00,19.64
Solar,2025-10-03 21:00:00,17.07
Solar,2025-10-03 22:00:00,18.82
Solar,2025-10-03 23:00:00,10.89
Solar,2025-10-04 00:00:00,10.6
Solar,2025-10-04 01:00:00,10.44
Solar,2025-10-04 02:00:00,10.42
Solar,2025-10-04 03:00:00,10.7
Solar,2025-10-04 04:00:00,12.43
Solar,2025-10-04 05:00:00,265.27
Solar,2025-10-04 06:00:00,1669.28
Solar,2025-10-04 07:00:00,3818.12
Solar,2025-10-04 08:00:00,6857.15
Solar,2025-10-04 09:00:00,10353.54
Solar,2025-10-04 10:00:00,12839.54
Solar,2025-10-04 11:00:00,13637.21
Solar,2025-10-04 12:00:00,13508.19
Solar,2025-10-04 13:00:00,10568.59
Solar,2025-10-04 14:00:00,7218.51
Solar,2025-10-04 15:00:00,3687.77
Solar,2025-10-04 16:00:00,696.15
Solar,2025-10-04 17:00:00,53.41
Solar,2025-10-04 18:00:00,33.06
Solar,2025-10-04 19:00:00,19.25
Solar,2025-10-04 20:00:00,22.1
Solar,2025-10-04 21:00:00,10.68
Solar,2025-10-04 22:00:00,10.31
Solar,2025-10-04 23:00:00,10.1
Solar,2025-10-05 00:00:00,10.26
Solar,2025-10-05 01:00:00,10.96
Solar,2025-10-05 02:00:00,11.06
Solar,2025-10-05 03:00:00,11.18
Solar,2025-10-05 04:00:00,12.21
Solar,2025-10-05 05:00:00,279.17
Solar,2025-10-05 06:00:00,3126.15
Solar,2025-10-05 07:00:00,7918.47
Solar,2025-10-05 08:00:00,12336.53
Solar,2025-10-05 09:00:00,14867.69
Solar,2025-10-05 10:00:00,17072.26
Solar,2025-10-05 11:00:00,17685.84
Solar,2025-10-05 12:00:00,16441.7
Solar,2025-10-05 13:00:00,13614.77
Solar,2025-10-05 14:00:00,9286.13
Solar,2025-10-05 15:00:00,3928.06
Solar,2025-10-05 16:00:00,480.12
Solar,2025-10-05 17:00:00,25.57
Solar,2025-10-05 18:00:00,19.66
Solar,2025-10-05 19:00:00,17.62
Solar,2025-10-05 20:00:00,16.16
Solar,2025-10-05 21:00:00,15.81
Solar,2025-10-05 22:00:00,15.84
Solar,2025-10-05 23:00:00,15.74
Solar,2025-10-06 00:00:00,16.21
Solar,2025-10-06 01:00:00,15.97
Solar,2025-10-06 02:00:00,15.51
Solar,2025-10-06 03:00:00,16.11
Solar,2025-10-06 04:00:00,16.79
Solar,2025-10-06 05:00:00,189.65
Solar,2025-10-06 06:00:00,2204.76
Solar,2025-10-06 07:00:00,5557.25
Solar,2025-10-06 08:00:00,8337.48
Solar,2025-10-06 09:00:00,9871.2
Solar,2025-10-06 10:00:00,10663.74
Solar,2025-10-06 11:00:00,10530.88
Solar,2025-10-06 12:00:00,9163.31
Solar,2025-10-06 13:00:00,6810.3
Solar,2025-10-06 14:00:00,4293.06
Solar,2025-10-06 15:00:00,1722.49
Solar,2025-10-06 16:00:00,182.1
Solar,2025-10-06 17:00:00,27.73
Solar,2025-10-06 18:00:00,22.27
Solar,2025-10-06 19:00:00,18.31
Solar,2025-10-06 20:00:00,15.53
Solar,2025-10-06 21:00:00,16.89
Solar,2025-10-06 22:00:00,14.74
Solar,2025-10-06 23:00:00,14.2
Solar,2025-10-07 00:00:00,14.2
Solar,2025-10-07 01:00:00,15.11
Solar,2025-10-07 02:00:00,13.97
Solar,2025-10-07 03:00:00,12.22
Solar,2025-10-07 04:00:00,13.92
Solar,2025-10-07 05:00:00,119.7
Solar,2025-10-07 06:00:00,1510.7
Solar,2025-10-07 07:00:00,4512.9
Solar,2025-10-07 08:00:00,8058.92
Solar,2025-10-07 09:00:00,10999.27
Solar,2025-10-07 10:00:00,12557.21
Solar,2025-10-07 11:00:00,12360.82
Solar,2025-10-07 12:00:00,11053.53
Solar,2025-10-07 13:00:00,8172.36
Solar,2025-10-07 14:00:00,4915.12
Solar,2025-10-07 15:00:00,2020.75
Solar,2025-10-07 16:00:00,238.4
Solar,2025-10-07 17:00:00,64.15
Solar,2025-10-07 18:00:00,53.56
Solar,2025-10-07 19:00:00,12.54
Solar,2025-10-07 20:00:00,11.29
Solar,2025-10-07 21:00:00,10.8
Solar,2025-10-07 22:00:00,10.2
Solar,2025-10-07 23:00:00,10.51
Solar,2025-10-08 00:00:00,10.21
Solar,2025-10-08 01:00:00,9.93
Solar,2025-10-08 02:00:00,9.72
Solar,2025-10-08 03:00:00,9.94
Solar,2025-10-08 04:00:00,15.45
Solar,2025-10-08 05:00:00,154.93
Solar,2025-10-08 06:00:00,2323.41
Solar,2025-10-08 07:00:00,6665.95
Solar,2025-10-08 08:00:00,11839.74
Solar,2025-10-08 09:00:00,15770.93
Solar,2025-10-08 10:00:00,17773.17
Solar,2025-10-08 11:00:00,18113.24
Solar,2025-10-08 12:00:00,16424.61
Solar,2025-10-08 13:00:00,13304.42
Solar,2025-10-08 14:00:00,8510.62
Solar,2025-10-08 15:00:00,3328.78
Solar,2025-10-08 16:00:00,369.4
Solar,2025-10-08 17:00:00,106.63
Solar,2025-10-08 18:00:00,33.51
Solar,2025-10-08 19:00:00,13.13
Solar,2025-10-08 20:00:00,10.06
Solar,2025-10-08 21:00:00,9.3
Solar,2025-10-08 22:00:00,9.06
Solar,2025-10-08 23:00:00,9.74
Solar,2025-10-09 00:00:00,9.65
Solar,2025-10-09 01:00:00,9.82
Solar,2025-10-09 02:00:00,9.74
Solar,2025-10-09 03:00:00,10.54
Solar,2025-10-09 04:00:00,17.85
Solar,2025-10-09 05:00:00,96.0
Solar,2025-10-09 06:00:00,2105.47
Solar,2025-10-09 07:00:00,6970.78
Solar,2025-10-09 08:00:00,12684.86
Solar,2025-10-09 09:00:00,16821.98
Solar,2025-10-09 10:00:00,17258.39
Solar,2025-10-09 11:00:00,15578.36
Solar,2025-10-09 12:00:00,13683.61
Solar,2025-10-09 13:00:00,11065.7
Solar,2025-10-09 14:00:00,7163.5
Solar,2025-10-09 15:00:00,2898.99
Solar,2025-10-09 16:00:00,293.18
Solar,2025-10-09 17:00:00,40.4
Solar,2025-10-09 18:00:00,22.7
Solar,2025-10-09 19:00:00,12.5
Solar,2025-10-09 20:00:00,10.82
Solar,2025-10-09 21:00:00,9.9
Solar,2025-10-09 22:00:00,9.79
Solar,2025-10-09 23:00:00,9.81
Solar,2025-10-10 00:00:00,10.24
Solar,2025-10-10 01:00:00,10.49
Solar,2025-10-10 02:00:00,10.52
Solar,2025-10-10 03:00:00,10.78
Solar,2025-10-10 04:00:00,12.69
Solar,2025-10-10 05:00:00,116.4
Solar,2025-10-10 06:00:00,2092.62
Solar,2025-10-10 07:00:00,6110.56
Solar,2025-10-10 08:00:00,10128.98
Solar,2025-10-10 09:00:00,12554.53
Solar,2025-10-10 10:00:00,13270.41
Solar,2025-10-10 11:00:00,12606.53
Solar,2025-10-10 12:00:00,11032.04
Solar,2025-10-10 13:00:00,8777.27
Solar,2025-10-10 14:00:00,5482.0
Solar,2025-10-10 15:00:00,2133.85
Solar,2025-10-10 16:00:00,203.87
Solar,2025-10-10 17:00:00,48.95
Solar,2025-10-10 18:00:00,15.54
Solar,2025-10-10 19:00:00,11.69
Solar,2025-10-10 20:00:00,10.16
Solar,2025-10-10 21:00:00,8.91
Solar,2025-10-10 22:00:00,9.07
Solar,2025-10-10 23:00:00,8.98
Solar,2025-10-11 00:00:00,9.31
Solar,2025-10-11 01:00:00,9.7
Solar,2025-10-11 02:00:00,9.38
Solar,2025-10-11 03:00:00,9.82
Solar,2025-10-11 04:00:00,11.83
Solar,2025-10-11 05:00:00,57.85
Solar,2025-10-11 06:00:00,1683.62
Solar,2025-10-11 07:00:00,5652.01
Solar,2025-10-11 08:00:00,10376.93
Solar,2025-10-11 09:00:00,14243.97
Solar,2025-10-11 10:00:00,16524.05
Solar,2025-10-11 11:00:00,16642.85
Solar,2025-10-11 12:00:00,14843.23
Solar,2025-10-11 13:00:00,11154.29
Solar,2025-10-11 14:00:00,6485.49
Solar,2025-10-11 15:00:00,2313.51
Solar,2025-10-11 16:00:00,214.98
Solar,2025-10-11 17:00:00,82.4
Solar,2025-10-11 18:00:00,37.81
Solar,2025-10-11 19:00:00,17.0
Solar,2025-10-11 20:00:00,12.11
Solar,2025-10-11 21:00:00,10.92
Solar,2025-10-11 22:00:00,11.52
Solar,2025-10-11 23:00:00,12.87
Solar,2025-10-12 00:00:00,10.95
Solar,2025-10-12 01:00:00,11.02
Solar,2025-10-12 02:00:00,11.34
Solar,2025-10-12 03:00:00,10.68
Solar,2025-10-12 04:00:00,11.08
Solar,2025-10-12 05:00:00,65.54
Solar,2025-10-12 06:00:00,1742.27
Solar,2025-10-12 07:00:00,5553.57
Solar,2025-10-12 08:00:00,9805.44
Solar,2025-10-12 09:00:00,12891.84
Solar,2025-10-12 10:00:00,14447.82
Solar,2025-10-12 11:00:00,14075.68
Solar,2025-10-12 12:00:00,13025.17
Solar,2025-10-12 13:00:00,10303.67
Solar,2025-10-12 14:00:00,6354.21
Solar,2025-10-12 15:00:00,2392.54
Solar,2025-10-12 16:00:00,188.89
Solar,2025-10-12 17:00:00,21.46
Solar,2025-10-12 18:00:00,14.4
Solar,2025-10-12 19:00:00,12.73
Solar,2025-10-12 20:00:00,10.8
Solar,2025-10-12 21:00:00,9.64
Solar,2025-10-12 22:00:00,9.82
Solar,2025-10-12 23:00:00,9.23
Solar,2025-10-13 00:00:00,9.67
Solar,2025-10-13 01:00:00,10.04
Solar,2025-10-13 02:00:00,10.36
Solar,2025-10-13 03:00:00,10.43
Solar,2025-10-13 04:00:00,15.88
Solar,2025-10-13 05:00:00,143.53
Solar,2025-10-13 06:00:00,2226.95
Solar,2025-10-13 07:00:00,6856.34
Solar,2025-10-13 08:00:00,12045.47
Solar,2025-10-13 09:00:00,16421.56
Solar,2025-10-13 10:00:00,19317.33
Solar,2025-10-13 11:00:00,19853.33
Solar,2025-10-13 12:00:00,18029.87
Solar,2025-10-13 13:00:00,14441.48
Solar,2025-10-13 14:00:00,9179.66
Solar,2025-10-13 15:00:00,3270.7
Solar,2025-10-13 16:00:00,246.96
Solar,2025-10-13 17:00:00,81.22
Solar,2025-10-13 18:00:00,19.6
Solar,2025-10-13 19:00:00,11.29
Solar,2025-10-13 20:00:00,11.39
Solar,2025-10-13 21:00:00,10.18
Solar,2025-10-13 22:00:00,10.07
Solar,2025-10-13 23:00:00,9.81
Solar,2025-10-14 00:00:00,9.86
Solar,2025-10-14 01:00:00,9.87
Solar,2025-10-14 02:00:00,10.03
Solar,2025-10-14 03:00:00,10.51
Solar,2025-10-14 04:00:00,12.05
Solar,2025-10-14 05:00:00,90.24
Solar,2025-10-14 06:00:00,2217.36
Solar,2025-10-14 07:00:00,7093.62
Solar,2025-10-14 08:00:00,12604.89
Solar,2025-10-14 09:00:00,17740.72
Solar,2025-10-14 10:00:00,20741.98
Solar,2025-10-14 11:00:00,20771.54
Solar,2025-10-14 12:00:00,19075.46
Solar,2025-10-14 13:00:00,15562.62
Solar,2025-10-14 14:00:00,9965.94
Solar,2025-10-14 15:00:00,3541.1
Solar,2025-10-14 16:00:00,245.19
Solar,2025-10-14 17:00:00,101.85
Solar,2025-10-14 18:00:00,32.49
Solar,2025-10-14 19:00:00,12.3
Solar,2025-10-14 20:00:00,11.14
Solar,2025-10-14 21:00:00,10.91
Solar,2025-10-14 22:00:00,11.07
Solar,2025-10-14 23:00:00,10.57
Solar,2025-10-15 00:00:00,9.29
Solar,2025-10-15 01:00:00,9.61
Solar,2025-10-15 02:00:00,9.68
Solar,2025-10-15 03:00:00,9.96
Solar,2025-10-15 04:00:00,12.73
Solar,2025-10-15 05:00:00,78.04
Solar,2025-10-15 06:00:00,1889.83
Solar,2025-10-15 07:00:00,6469.15
Solar,2025-10-15 08:00:00,11846.5
Solar,2025-10-15 09:00:00,15981.01
Solar,2025-10-15 10:00:00,17457.51
Solar,2025-10-15 11:00:00,16376.91
Solar,2025-10-15 12:00:00,13895.16
Solar,2025-10-15 13:00:00,10510.95
Solar,2025-10-15 14:00:00,6535.59
Solar,2025-10-15 15:00:00,2392.88
Solar,2025-10-15 16:00:00,170.0
Solar,2025-10-15 17:00:00,44.84
Solar,2025-10-15 18:00:00,28.07
Solar,2025-10-15 19:00:00,24.22
Solar,2025-10-15 20:00:00,14.07
Solar,2025-10-15 21:00:00,10.35
Solar,2025-10-15 22:00:00,10.54
Solar,2025-10-15 23:00:00,10.24
Solar,2025-10-16 00:00:00,10.14
Solar,2025-10-16 01:00:00,10.39
Solar,2025-10-16 02:00:00,10.34
Solar,2025-10-16 03:00:00,11.6
Solar,2025-10-16 04:00:00,27.14
Solar,2025-10-16 05:00:00,51.07
Solar,2025-10-16 06:00:00,1576.25
Solar,2025-10-16 07:00:00,5517.58
Solar,2025-10-16 08:00:00,10052.57
Solar,2025-10-16 09:00:00,14295.63
Solar,2025-10-16 10:00:00,16744.77
Solar,2025-10-16 11:00:00,16485.76
Solar,2025-10-16 12:00:00,14335.55
Solar,2025-10-16 13:00:00,11084.76
Solar,2025-10-16 14:00:00,6573.87
Solar,2025-10-16 15:00:00,2075.4
Solar,2025-10-16 16:00:00,140.59
Solar,2025-10-16 17:00:00,55.83
Solar,2025-10-16 18:00:00,19.62
Solar,2025-10-16 19:00:00,18.85
Solar,2025-10-16 20:00:00,12.06
Solar,2025-10-16 21:00:00,11.15
Solar,2025-10-16 22:00:00,11.33
Solar,2025-10-16 23:00:00,11.39
Solar,2025-10-17 00:00:00,11.24
Solar,2025-10-17 01:00:00,10.05
Solar,2025-10-17 02:00:00,10.11
Solar,2025-10-17 03:00:00,10.44
Solar,2025-10-17 04:00:00,12.89
Solar,2025-10-17 05:00:00,47.32
Solar,2025-10-17 06:00:00,1602.18
Solar,2025-10-17 07:00:00,5867.07
Solar,2025-10-17 08:00:00,11044.88
Solar,2025-10-17 09:00:00,15025.57
Solar,2025-10-17 10:00:00,16321.28
Solar,2025-10-17 11:00:00,14917.09
Solar,2025-10-17 12:00:00,12454.96
Solar,2025-10-17 13:00:00,9142.57
Solar,2025-10-17 14:00:00,5131.54
Solar,2025-10-17 15:00:00,1618.14
Solar,2025-10-17 16:00:00,118.62
Solar,2025-10-17 17:00:00,46.14
Solar,2025-10-17 18:00:00,20.08
Solar,2025-10-17 19:00:00,13.8
Solar,2025-10-17 20:00:00,12.08
Solar,2025-10-17 21:00:00,10.65
Solar,2025-10-17 22:00:00,9.77
Solar,2025-10-17 23:00:00,9.63
Solar,2025-10-18 00:00:00,9.97
Solar,2025-10-18 01:00:00,9.78
Solar,2025-10-18 02:00:00,10.1
Solar,2025-10-18 03:00:00,10.25
Solar,2025-10-18 04:00:00,12.33
Solar,2025-10-18 05:00:00,63.55
Solar,2025-10-18 06:00:00,2944.88
Solar,2025-10-18 07:00:00,11484.87
Solar,2025-10-18 08:00:00,21736.69
Solar,2025-10-18 09:00:00,29728.58
Solar,2025-10-18 10:00:00,32773.28
Solar,2025-10-18 11:00:00,32607.67
Solar,2025-10-18 12:00:00,30158.79
Solar,2025-10-18 13:00:00,24493.22
Solar,2025-10-18 14:00:00,15317.69
Solar,2025-10-18 15:00:00,4377.94
Solar,2025-10-18 16:00:00,157.66
Solar,2025-10-18 17:00:00,60.75
Solar,2025-10-18 18:00:00,31.83
Solar,2025-10-18 19:00:00,25.77
Solar,2025-10-18 20:00:00,25.36
Solar,2025-10-18 21:00:00,25.52
Solar,2025-10-18 22:00:00,13.94
Solar,2025-10-18 23:00:00,12.56
Solar,2025-10-19 00:00:00,11.95
Solar,2025-10-19 01:00:00,12.3
Solar,2025-10-19 02:00:00,11.91
Solar,2025-10-19 03:00:00,13.41
Solar,2025-10-19 04:00:00,12.98
Solar,2025-10-19 05:00:00,89.48
Solar,2025-10-19 06:00:00,2563.51
Solar,2025-10-19 07:00:00,9077.07
Solar,2025-10-19 08:00:00,17126.72
Solar,2025-10-19 09:00:00,24364.49
Solar,2025-10-19 10:00:00,27919.87
Solar,2025-10-19 11:00:00,27839.94
Solar,2025-10-19 12:00:00,24421.12
Solar,2025-10-19 13:00:00,18411.83
Solar,2025-10-19 14:00:00,9648.65
Solar,2025-10-19 15:00:00,2325.54
Solar,2025-10-19 16:00:00,72.15
Solar,2025-10-19 17:00:00,19.52
Solar,2025-10-19 18:00:00,13.49
Solar,2025-10-19 19:00:00,14.17
Solar,2025-10-19 20:00:00,12.25
Solar,2025-10-19 21:00:00,10.12
Solar,2025-10-19 22:00:00,10.55
Solar,2025-10-19 23:00:00,10.87
Solar,2025-10-20 00:00:00,10.25
Solar,2025-10-20 01:00:00,10.83
Solar,2025-10-20 02:00:00,10.59
Solar,2025-10-20 03:00:00,11.1
Solar,2025-10-20 04:00:00,13.01
Solar,2025-10-20 05:00:00,97.44
Solar,2025-10-20 06:00:00,2171.7
Solar,2025-10-20 07:00:00,7003.65
Solar,2025-10-20 08:00:00,11932.34
Solar,2025-10-20 09:00:00,15493.3
Solar,2025-10-20 10:00:00,16260.87
Solar,2025-10-20 11:00:00,15726.59
Solar,2025-10-20 12:00:00,13371.33
Solar,2025-10-20 13:00:00,9631.15
Solar,2025-10-20 14:00:00,5183.99
Solar,2025-10-20 15:00:00,1529.35
Solar,2025-10-20 16:00:00,127.33
Solar,2025-10-20 17:00:00,64.08
Solar,2025-10-20 18:00:00,28.12
Solar,2025-10-20 19:00:00,14.34
Solar,2025-10-20 20:00:00,15.59
Solar,2025-10-20 21:00:00,15.75
Solar,2025-10-20 22:00:00,16.22
Solar,2025-10-20 23:00:00,15.96
Solar,2025-10-21 00:00:00,14.77
Solar,2025-10-21 01:00:00,15.1
Solar,2025-10-21 02:00:00,14.8
Solar,2025-10-21 03:00:00,15.37
Solar,2025-10-21 04:00:00,15.81
Solar,2025-10-21 05:00:00,33.12
Solar,2025-10-21 06:00:00,1833.22
Solar,2025-10-21 07:00:00,7746.55
Solar,2025-10-21 08:00:00,14062.38
Solar,2025-10-21 09:00:00,17662.17
Solar,2025-10-21 10:00:00,18983.11
Solar,2025-10-21 11:00:00,18270.36
Solar,2025-10-21 12:00:00,16177.89
Solar,2025-10-21 13:00:00,12913.76
Solar,2025-10-21 14:00:00,7705.94
Solar,2025-10-21 15:00:00,2101.76
Solar,2025-10-21 16:00:00,72.19
Solar,2025-10-21 17:00:00,30.49
Solar,2025-10-21 18:00:00,18.15
Solar,2025-10-21 19:00:00,16.28
Solar,2025-10-21 20:00:00,14.35
Solar,2025-10-21 21:00:00,12.81
Solar,2025-10-21 22:00:00,13.47
Solar,2025-10-21 23:00:00,14.59
Solar,2025-10-22 00:00:00,14.52
Solar,2025-10-22 01:00:00,14.31
Solar,2025-10-22 02:00:00,14.57
Solar,2025-10-22 03:00:00,15.56
Solar,2025-10-22 04:00:00,14.47
Solar,2025-10-22 05:00:00,27.82
Solar,2025-10-22 06:00:00,1017.08
Solar,2025-10-22 07:00:00,4348.47
Solar,2025-10-22 08:00:00,8512.31
Solar,2025-10-22 09:00:00,11577.21
Solar,2025-10-22 10:00:00,13388.98
Solar,2025-10-22 11:00:00,13899.71
Solar,2025-10-22 12:00:00,12326.72
Solar,2025-10-22 13:00:00,9214.26
Solar,2025-10-22 14:00:00,5121.9
Solar,2025-10-22 15:00:00,1357.89
Solar,2025-10-22 16:00:00,109.3
Solar,2025-10-22 17:00:00,89.38
Solar,2025-10-22 18:00:00,49.07
Solar,2025-10-22 19:00:00,21.97
Solar,2025-10-22 20:00:00,16.19
Solar,2025-10-22 21:00:00,11.64
Solar,2025-10-22 22:00:00,18.59
Solar,2025-10-22 23:00:00,12.55
Solar,2025-10-23 00:00:00,10.6
Solar,2025-10-23 01:00:00,10.58
Solar,2025-10-23 02:00:00,10.91
Solar,2025-10-23 03:00:00,11.34
Solar,2025-10-23 04:00:00,13.55
Solar,2025-10-23 05:00:00,27.24
Solar,2025-10-23 06:00:00,758.7
Solar,2025-10-23 07:00:00,2867.76
Solar,2025-10-23 08:00:00,5658.13
Solar,2025-10-23 09:00:00,8012.11
Solar,2025-10-23 10:00:00,9989.6
Solar,2025-10-23 11:00:00,10500.07
Solar,2025-10-23 12:00:00,9743.22
Solar,2025-10-23 13:00:00,8112.22
Solar,2025-10-23 14:00:00,4615.36
Solar,2025-10-23 15:00:00,1176.98
Solar,2025-10-23 16:00:00,58.1
Solar,2025-10-23 17:00:00,40.05
Solar,2025-10-23 18:00:00,27.67
Solar,2025-10-23 19:00:00,17.73
Solar,2025-10-23 20:00:00,16.67
Solar,2025-10-23 21:00:00,16.01
Solar,2025-10-23 22:00:00,15.42
Solar,2025-10-23 23:00:00,15.43
Solar,2025-10-24 00:00:00,15.56
Solar,2025-10-24 01:00:00,15.36
Solar,2025-10-24 02:00:00,15.65
Solar,2025-10-24 03:00:00,16.33
Solar,2025-10-24 04:00:00,17.59
Solar,2025-10-24 05:00:00,34.62
Solar,2025-10-24 06:00:00,1335.92
Solar,2025-10-24 07:00:00,5230.18
Solar,2025-10-24 08:00:00,9795.02
Solar,2025-10-24 09:00:00,13772.79
Solar,2025-10-24 10:00:00,16147.05
Solar,2025-10-24 11:00:00,16496.02
Solar,2025-10-24 12:00:00,15331.06
Solar,2025-10-24 13:00:00,12763.82
Solar,2025-10-24 14:00:00,7736.51
Solar,2025-10-24 15:00:00,2099.06
Solar,2025-10-24 16:00:00,89.26
Solar,2025-10-24 17:00:00,86.1
Solar,2025-10-24 18:00:00,36.03
Solar,2025-10-24 19:00:00,20.56
Solar,2025-10-24 20:00:00,17.33
Solar,2025-10-24 21:00:00,18.21
Solar,2025-10-24 22:00:00,20.41
Solar,2025-10-24 23:00:00,21.94
Solar,2025-10-25 00:00:00,15.43
Solar,2025-10-25 01:00:00,14.3
Solar,2025-10-25 02:00:00,12.67
Solar,2025-10-25 03:00:00,13.64
Solar,2025-10-25 04:00:00,15.84
Solar,2025-10-25 05:00:00,26.72
Solar,2025-10-25 06:00:00,1197.25
Solar,2025-10-25 07:00:00,5317.45
Solar,2025-10-25 08:00:00,8907.07
Solar,2025-10-25 09:00:00,11079.82
Solar,2025-10-25 10:00:00,11205.58
Solar,2025-10-25 11:00:00,10647.59
Solar,2025-10-25 12:00:00,10191.3
Solar,2025-10-25 13:00:00,7820.98
Solar,2025-10-25 14:00:00,4503.96
Solar,2025-10-25 15:00:00,1095.61
Solar,2025-10-25 16:00:00,67.32
Solar,2025-10-25 17:00:00,111.48
Solar,2025-10-25 18:00:00,35.35
Solar,2025-10-25 19:00:00,19.0
Solar,2025-10-25 20:00:00,20.37
Solar,2025-10-25 21:00:00,15.93
Solar,2025-10-25 22:00:00,19.44
Solar,2025-10-25 23:00:00,18.33
Solar,2025-10-26 00:00:00,14.96
Solar,2025-10-26 01:00:00,15.28
Solar,2025-10-26 02:00:00,14.34
Solar,2025-10-26 03:00:00,15.5
Solar,2025-10-26 04:00:00,15.69
Solar,2025-10-26 05:00:00,20.2
Solar,2025-10-26 06:00:00,1359.37
Solar,2025-10-26 07:00:00,6702.11
Solar,2025-10-26 08:00:00,12047.44
Solar,2025-10-26 09:00:00,14064.58
Solar,2025-10-26 10:00:00,14547.05
Solar,2025-10-26 11:00:00,13900.32
Solar,2025-10-26 12:00:00,11799.77
Solar,2025-10-26 13:00:00,8605.7
Solar,2025-10-26 14:00:00,4823.55
Solar,2025-10-26 15:00:00,1324.72
Solar,2025-10-26 16:00:00,53.28
Solar,2025-10-26 17:00:00,30.36
Solar,2025-10-26 18:00:00,22.23
Solar,2025-10-26 19:00:00,18.89
Solar,2025-10-26 20:00:00,17.78
Solar,2025-10-26 21:00:00,15.59
Solar,2025-10-26 22:00:00,16.14
Solar,2025-10-26 23:00:00,16.58
Solar,2025-10-27 00:00:00,16.3
Solar,2025-10-27 01:00:00,16.64
Solar,2025-10-27 02:00:00,16.01
Solar,2025-10-27 03:00:00,16.49
Solar,2025-10-27 04:00:00,16.25
Solar,2025-10-27 05:00:00,19.54
Solar,2025-10-27 06:00:00,333.63
Solar,2025-10-27 07:00:00,2113.69
Solar,2025-10-27 08:00:00,4748.97
Solar,2025-10-27 09:00:00,8400.21
Solar,2025-10-27 10:00:00,11383.83
Solar,2025-10-27 11:00:00,12197.23
Solar,2025-10-27 12:00:00,11605.87
Solar,2025-10-27 13:00:00,9523.74
Solar,2025-10-27 14:00:00,5443.17
Solar,2025-10-27 15:00:00,1295.37
Solar,2025-10-27 16:00:00,59.47
Solar,2025-10-27 17:00:00,73.62
Solar,2025-10-27 18:00:00,43.81
Solar,2025-10-27 19:00:00,17.03
Solar,2025-10-27 20:00:00,15.92
Solar,2025-10-27 21:00:00,15.71
Solar,2025-10-27 22:00:00,16.25
Solar,2025-10-27 23:00:00,16.77
Solar,2025-10-28 00:00:00,15.47
Solar,2025-10-28 01:00:00,15.34
Solar,2025-10-28 02:00:00,13.7
Solar,2025-10-28 03:00:00,13.77
Solar,2025-10-28 04:00:00,14.56
Solar,2025-10-28 05:00:00,21.03
Solar,2025-10-28 06:00:00,894.6
Solar,2025-10-28 07:00:00,3583.33
Solar,2025-10-28 08:00:00,5868.39
Solar,2025-10-28 09:00:00,8112.98
Solar,2025-10-28 10:00:00,10282.96
Solar,2025-10-28 11:00:00,11253.34
Solar,2025-10-28 12:00:00,10351.56
Solar,2025-10-28 13:00:00,7771.61
Solar,2025-10-28 14:00:00,4168.08
Solar,2025-10-28 15:00:00,938.95
Solar,2025-10-28 16:00:00,58.25
Solar,2025-10-28 17:00:00,52.53
Solar,2025-10-28 18:00:00,28.57
Solar,2025-10-28 19:00:00,18.29
Solar,2025-10-28 20:00:00,16.96
Solar,2025-10-28 21:00:00,14.57
Solar,2025-10-28 22:00:00,14.73
Solar,2025-10-28 23:00:00,14.92
Solar,2025-10-29 00:00:00,15.97
Solar,2025-10-29 01:00:00,15.14
Solar,2025-10-29 02:00:00,14.91
Solar,2025-10-29 03:00:00,13.49
Solar,2025-10-29 04:00:00,12.96
Solar,2025-10-29 05:00:00,45.75
Solar,2025-10-29 06:00:00,1687.53
Solar,2025-10-29 07:00:00,8301.56
Solar,2025-10-29 08:00:00,16464.81
Solar,2025-10-29 09:00:00,22327.62
Solar,2025-10-29 10:00:00,24209.85
Solar,2025-10-29 11:00:00,22626.5
Solar,2025-10-29 12:00:00,17818.25
Solar,2025-10-29 13:00:00,12335.83
Solar,2025-10-29 14:00:00,5401.2
Solar,2025-10-29 15:00:00,1013.96
Solar,2025-10-29 16:00:00,118.61
Solar,2025-10-29 17:00:00,65.7
Solar,2025-10-29 18:00:00,37.82
Solar,2025-10-29 19:00:00,36.95
Solar,2025-10-29 20:00:00,20.25
Solar,2025-10-29 21:00:00,18.25
Solar,2025-10-29 22:00:00,16.25
Solar,2025-10-29 23:00:00,16.06
Solar,2025-10-30 00:00:00,15.29
Solar,2025-10-30 01:00:00,14.7
Solar,2025-10-30 02:00:00,15.33
Solar,2025-10-30 03:00:00,15.81
Solar,2025-10-30 04:00:00,15.75
Solar,2025-10-30 05:00:00,19.21
Solar,2025-10-30 06:00:00,447.07
Solar,2025-10-30 07:00:00,4607.85
Solar,2025-10-30 08:00:00,12544.64
Solar,2025-10-30 09:00:00,18998.25
Solar,2025-10-30 10:00:00,23368.74
Solar,2025-10-30 11:00:00,24611.93
Solar,2025-10-30 12:00:00,22742.97
Solar,2025-10-30 13:00:00,18015.69
Solar,2025-10-30 14:00:00,9612.66
Solar,2025-10-30 15:00:00,1640.13
Solar,2025-10-30 16:00:00,52.64
Solar,2025-10-30 17:00:00,50.67
Solar,2025-10-30 18:00:00,43.9
Solar,2025-10-30 19:00:00,16.32
Solar,2025-10-30 20:00:00,14.45
Solar,2025-10-30 21:00:00,16.45
Solar,2025-10-30 22:00:00,11.75
Solar,2025-10-30 23:00:00,11.95
Solar,2025-10-31 00:00:00,12.81
Solar,2025-10-31 01:00:00,12.65
Solar,2025-10-31 02:00:00,12.88
Solar,2025-10-31 03:00:00,13.25
Solar,2025-10-31 04:00:00,13.69
Solar,2025-10-31 05:00:00,51.42
Solar,2025-10-31 06:00:00,1761.51
Solar,2025-10-31 07:00:00,8163.92
Solar,2025-10-31 08:00:00,15438.59
Solar,2025-10-31 09:00:00,21039.06
Solar,2025-10-31 10:00:00,23470.88
Solar,2025-10-31 11:00:00,22217.98
Solar,2025-10-31 12:00:00,17875.05
Solar,2025-10-31 13:00:00,11742.95
Solar,2025-10-31 14:00:00,5274.25
Solar,2025-10-31 15:00:00,853.16
Solar,2025-10-31 16:00:00,94.01
Solar,2025-10-31 17:00:00,76.36
Solar,2025-10-31 18:00:00,23.25
Solar,2025-10-31 19:00:00,16.44
Solar,2025-10-31 20:00:00,11.86
Solar,2025-10-31 21:00:00,11.3
Solar,2025-10-31 22:00:00,10.2
Solar,2025-10-31 23:00:00,6.64
Solar,2025-11-01 00:00:00,6.13
Solar,2025-11-01 01:00:00,5.32
Solar,2025-11-01 02:00:00,5.93
Solar,2025-11-01 03:00:00,6.06
Solar,2025-11-01 04:00:00,5.7
Solar,2025-11-01 05:00:00,11.32
Solar,2025-11-01 06:00:00,1478.91
Solar,2025-11-01 07:00:00,7200.81
Solar,2025-11-01 08:00:00,13181.38
Solar,2025-11-01 09:00:00,16111.34
Solar,2025-11-01 10:00:00,15895.46
Solar,2025-11-01 11:00:00,13072.79
Solar,2025-11-01 12:00:00,8830.43
Solar,2025-11-01 13:00:00,4491.57
Solar,2025-11-01 14:00:00,1727.5
Solar,2025-11-01 15:00:00,255.9
Solar,2025-11-01 16:00:00,53.66
Solar,2025-11-01 17:00:00,35.75
Solar,2025-11-01 18:00:00,22.63
Solar,2025-11-01 19:00:00,12.13
Solar,2025-11-01 20:00:00,8.47
Solar,2025-11-01 21:00:00,8.6
Solar,2025-11-01 22:00:00,6.68
Solar,2025-11-01 23:00:00,8.93
Solar,2025-11-02 00:00:00,9.48
Solar,2025-11-02 01:00:00,8.37
Solar,2025-11-02 02:00:00,7.67
Solar,2025-11-02 03:00:00,8.67
Solar,2025-11-02 04:00:00,10.13
Solar,2025-11-02 05:00:00,9.88
Solar,2025-11-02 06:00:00,184.25
Solar,2025-11-02 07:00:00,1688.37
Solar,2025-11-02 08:00:00,4516.31
Solar,2025-11-02 09:00:00,7732.94
Solar,2025-11-02 10:00:00,9631.2
Solar,2025-11-02 11:00:00,10033.44
Solar,2025-11-02 12:00:00,8615.08
Solar,2025-11-02 13:00:00,6103.0
Solar,2025-11-02 14:00:00,2890.78
Solar,2025-11-02 15:00:00,467.18
Solar,2025-11-02 16:00:00,77.7
Solar,2025-11-02 17:00:00,83.6
Solar,2025-11-02 18:00:00,33.71
Solar,2025-11-02 19:00:00,11.0
Solar,2025-11-02 20:00:00,9.29
Solar,2025-11-02 21:00:00,10.26
Solar,2025-11-02 22:00:00,10.43
Solar,2025-11-02 23:00:00,9.43
Solar,2025-11-03 00:00:00,8.85
Solar,2025-11-03 01:00:00,8.66
Solar,2025-11-03 02:00:00,9.11
Solar,2025-11-03 03:00:00,8.18
Solar,2025-11-03 04:00:00,9.32
Solar,2025-11-03 05:00:00,12.26
Solar,2025-11-03 06:00:00,703.89
Solar,2025-11-03 07:00:00,5475.97
Solar,2025-11-03 08:00:00,12483.81
Solar,2025-11-03 09:00:00,18334.37
Solar,2025-11-03 10:00:00,20890.45
Solar,2025-11-03 11:00:00,20114.24
Solar,2025-11-03 12:00:00,16884.85
Solar,2025-11-03 13:00:00,12564.72
Solar,2025-11-03 14:00:00,6273.97
Solar,2025-11-03 15:00:00,984.64
Solar,2025-11-03 16:00:00,44.25
Solar,2025-11-03 17:00:00,24.58
Solar,2025-11-03 18:00:00,14.78
Solar,2025-11-03 19:00:00,9.73
Solar,2025-11-03 20:00:00,8.76
Solar,2025-11-03 21:00:00,8.44
Solar,2025-11-03 22:00:00,6.4
Solar,2025-11-03 23:00:00,6.12
Solar,2025-11-04 00:00:00,6.16
Solar,2025-11-04 01:00:00,6.73
Solar,2025-11-04 02:00:00,6.76
Solar,2025-11-04 03:00:00,6.55
Solar,2025-11-04 04:00:00,7.16
Solar,2025-11-04 05:00:00,14.04
Solar,2025-11-04 06:00:00,1175.02
Solar,2025-11-04 07:00:00,7019.53
Solar,2025-11-04 08:00:00,14738.68
Solar,2025-11-04 09:00:00,21075.38
Solar,2025-11-04 10:00:00,24869.21
Solar,2025-11-04 11:00:00,25263.14
Solar,2025-11-04 12:00:00,21933.31
Solar,2025-11-04 13:00:00,15464.88
Solar,2025-11-04 14:00:00,7217.74
Solar,2025-11-04 15:00:00,1131.94
Solar,2025-11-04 16:00:00,71.99
Solar,2025-11-04 17:00:00,56.89
Solar,2025-11-04 18:00:00,23.92
Solar,2025-11-04 19:00:00,12.24
Solar,2025-11-04 20:00:00,10.18
Solar,2025-11-04 21:00:00,10.61
Solar,2025-11-04 22:00:00,9.0
Solar,2025-11-04 23:00:00,8.03
Solar,2025-11-05 00:00:00,8.06
Solar,2025-11-05 01:00:00,8.47
Solar,2025-11-05 02:00:00,9.28
Solar,2025-11-05 03:00:00,10.01
Solar,2025-11-05 04:00:00,10.67
Solar,2025-11-05 05:00:00,13.81
Solar,2025-11-05 06:00:00,1095.1
Solar,2025-11-05 07:00:00,7876.09
Solar,2025-11-05 08:00:00,17313.54
Solar,2025-11-05 09:00:00,24695.53
Solar,2025-11-05 10:00:00,28498.95
Solar,2025-11-05 11:00:00,28233.49
Solar,2025-11-05 12:00:00,24197.63
Solar,2025-11-05 13:00:00,17571.82
Solar,2025-11-05 14:00:00,8201.0
Solar,2025-11-05 15:00:00,1229.14
Solar,2025-11-05 16:00:00,53.76
Solar,2025-11-05 17:00:00,40.93
Solar,2025-11-05 18:00:00,28.82
Solar,2025-11-05 19:00:00,8.98
Solar,2025-11-05 20:00:00,8.01
Solar,2025-11-05 21:00:00,12.43
Solar,2025-11-05 22:00:00,7.57
Solar,2025-11-05 23:00:00,7.67
Solar,2025-11-06 00:00:00,8.91
Solar,2025-11-06 01:00:00,7.62
Solar,2025-11-06 02:00:00,13.29
Solar,2025-11-06 03:00:00,13.34
Solar,2025-11-06 04:00:00,13.41
Solar,2025-11-06 05:00:00,20.0
Solar,2025-11-06 06:00:00,811.74
Solar,2025-11-06 07:00:00,6506.56
Solar,2025-11-06 08:00:00,14642.03
Solar,2025-11-06 09:00:00,21057.6
Solar,2025-11-06 10:00:00,24738.85
Solar,2025-11-06 11:00:00,25067.34
Solar,2025-11-06 12:00:00,22066.06
Solar,2025-11-06 13:00:00,15437.42
Solar,2025-11-06 14:00:00,6437.36
Solar,2025-11-06 15:00:00,652.82
Solar,2025-11-06 16:00:00,60.13
Solar,2025-11-06 17:00:00,25.55
Solar,2025-11-06 18:00:00,14.23
Solar,2025-11-06 19:00:00,8.26
Solar,2025-11-06 20:00:00,7.32
Solar,2025-11-06 21:00:00,7.06
Solar,2025-11-06 22:00:00,9.51
Solar,2025-11-06 23:00:00,6.63
Solar,2025-11-07 00:00:00,8.46
Solar,2025-11-07 01:00:00,7.15
Solar,2025-11-07 02:00:00,7.56
Solar,2025-11-07 03:00:00,7.75
Solar,2025-11-07 04:00:00,7.97
Solar,2025-11-07 05:00:00,12.51
Solar,2025-11-07 06:00:00,455.95
Solar,2025-11-07 07:00:00,4069.58
Solar,2025-11-07 08:00:00,9474.64
Solar,2025-11-07 09:00:00,13983.48
Solar,2025-11-07 10:00:00,16535.94
Solar,2025-11-07 11:00:00,16737.37
Solar,2025-11-07 12:00:00,14469.8
Solar,2025-11-07 13:00:00,9838.48
Solar,2025-11-07 14:00:00,4041.72
Solar,2025-11-07 15:00:00,433.21
Solar,2025-11-07 16:00:00,65.78
Solar,2025-11-07 17:00:00,27.09
Solar,2025-11-07 18:00:00,17.83
Solar,2025-11-07 19:00:00,11.38
Solar,2025-11-07 20:00:00,7.46
Solar,2025-11-07 21:00:00,7.14
Solar,2025-11-07 22:00:00,6.6
Solar,2025-11-07 23:00:00,7.07
Solar,2025-11-08 00:00:00,6.54
Solar,2025-11-08 01:00:00,6.85
Solar,2025-11-08 02:00:00,6.99
Solar,2025-11-08 03:00:00,7.0
Solar,2025-11-08 04:00:00,7.09
Solar,2025-11-08 05:00:00,8.38
Solar,2025-11-08 06:00:00,247.29
Solar,2025-11-08 07:00:00,2461.92
Solar,2025-11-08 08:00:00,5898.6
Solar,2025-11-08 09:00:00,8905.56
Solar,2025-11-08 10:00:00,10530.66
Solar,2025-11-08 11:00:00,10545.8
Solar,2025-11-08 12:00:00,8951.18
Solar,2025-11-08 13:00:00,5690.94
Solar,2025-11-08 14:00:00,2307.53
Solar,2025-11-08 15:00:00,269.41
Solar,2025-11-08 16:00:00,28.32
Solar,2025-11-08 17:00:00,28.79
Solar,2025-11-08 18:00:00,13.67
Solar,2025-11-08 19:00:00,8.45
Solar,2025-11-08 20:00:00,7.73
Solar,2025-11-08 21:00:00,6.95
Solar,2025-11-08 22:00:00,6.55
Solar,2025-11-08 23:00:00,10.55
Solar,2025-11-09 00:00:00,6.87
Solar,2025-11-09 01:00:00,6.71
Solar,2025-11-09 02:00:00,6.87
Solar,2025-11-09 03:00:00,5.53
Solar,2025-11-09 04:00:00,5.67
Solar,2025-11-09 05:00:00,6.91
Solar,2025-11-09 06:00:00,115.54
Solar,2025-11-09 07:00:00,1280.63
Solar,2025-11-09 08:00:00,3225.51
Solar,2025-11-09 09:00:00,4940.17
Solar,2025-11-09 10:00:00,6036.59
Solar,2025-11-09 11:00:00,6188.77
Solar,2025-11-09 12:00:00,5220.67
Solar,2025-11-09 13:00:00,3542.01
Solar,2025-11-09 14:00:00,1582.14
Solar,2025-11-09 15:00:00,245.6
Solar,2025-11-09 16:00:00,25.56
Solar,2025-11-09 17:00:00,17.8
Solar,2025-11-09 18:00:00,12.92
Solar,2025-11-09 19:00:00,8.08
Solar,2025-11-09 20:00:00,7.45
Solar,2025-11-09 21:00:00,8.39
Solar,2025-11-09 22:00:00,5.56
Solar,2025-11-09 23:00:00,5.3
Solar,2025-11-10 00:00:00,5.55
Solar,2025-11-10 01:00:00,5.64
Solar,2025-11-10 02:00:00,7.19
Solar,2025-11-10 03:00:00,7.3
Solar,2025-11-10 04:00:00,7.75
Solar,2025-11-10 05:00:00,10.59
Solar,2025-11-10 06:00:00,185.27
Solar,2025-11-10 07:00:00,2288.14
Solar,2025-11-10 08:00:00,5988.85
Solar,2025-11-10 09:00:00,9233.46
Solar,2025-11-10 10:00:00,11529.3
Solar,2025-11-10 11:00:00,12831.72
Solar,2025-11-10 12:00:00,12242.94
Solar,2025-11-10 13:00:00,9072.43
Solar,2025-11-10 14:00:00,4026.42
Solar,2025-11-10 15:00:00,403.8
Solar,2025-11-10 16:00:00,93.0
Solar,2025-11-10 17:00:00,44.32
Solar,2025-11-10 18:00:00,15.21
Solar,2025-11-10 19:00:00,9.66
Solar,2025-11-10 20:00:00,14.22
Solar,2025-11-10 21:00:00,9.29
Solar,2025-11-10 22:00:00,10.38
Solar,2025-11-10 23:00:00,7.6
Solar,2025-11-11 00:00:00,7.02
Solar,2025-11-11 01:00:00,7.02
Solar,2025-11-11 02:00:00,7.24
Solar,2025-11-11 03:00:00,9.79
Solar,2025-11-11 04:00:00,10.41
Solar,2025-11-11 05:00:00,11.23
Solar,2025-11-11 06:00:00,180.14
Solar,2025-11-11 07:00:00,2299.27
Solar,2025-11-11 08:00:00,6828.14
Solar,2025-11-11 09:00:00,11802.7
Solar,2025-11-11 10:00:00,14955.27
Solar,2025-11-11 11:00:00,15748.14
Solar,2025-11-11 12:00:00,14169.87
Solar,2025-11-11 13:00:00,10005.34
Solar,2025-11-11 14:00:00,4527.57
Solar,2025-11-11 15:00:00,580.33
Solar,2025-11-11 16:00:00,101.03
Solar,2025-11-11 17:00:00,39.69
Solar,2025-11-11 18:00:00,13.99
Solar,2025-11-11 19:00:00,17.75
Solar,2025-11-11 20:00:00,9.37
Solar,2025-11-11 21:00:00,7.53
Solar,2025-11-11 22:00:00,8.41
Solar,2025-11-11 23:00:00,8.84
Solar,2025-11-12 00:00:00,9.36
Solar,2025-11-12 01:00:00,7.4
Solar,2025-11-12 02:00:00,8.41
Solar,2025-11-12 03:00:00,7.52
Solar,2025-11-12 04:00:00,9.16
Solar,2025-11-12 05:00:00,15.21
Solar,2025-11-12 06:00:00,326.52
Solar,2025-11-12 07:00:00,4197.26
Solar,2025-11-12 08:00:00,10673.83
Solar,2025-11-12 09:00:00,16357.73
Solar,2025-11-12 10:00:00,20500.37
Solar,2025-11-12 11:00:00,21070.47
Solar,2025-11-12 12:00:00,17827.36
Solar,2025-11-12 13:00:00,11061.87
Solar,2025-11-12 14:00:00,4160.16
Solar,2025-11-12 15:00:00,383.46
Solar,2025-11-12 16:00:00,60.5
Solar,2025-11-12 17:00:00,44.06
Solar,2025-11-12 18:00:00,27.7
Solar,2025-11-12 19:00:00,11.07
Solar,2025-11-12 20:00:00,10.1
Solar,2025-11-12 21:00:00,9.52
Solar,2025-11-12 22:00:00,8.65
Solar,2025-11-12 23:00:00,8.1
Solar,2025-11-13 00:00:00,7.84
Solar,2025-11-13 01:00:00,7.73
Solar,2025-11-13 02:00:00,8.26
Solar,2025-11-13 03:00:00,9.28
Solar,2025-11-13 04:00:00,9.75
Solar,2025-11-13 05:00:00,12.26
Solar,2025-11-13 06:00:00,329.12
Solar,2025-11-13 07:00:00,4252.89
Solar,2025-11-13 08:00:00,11224.23
Solar,2025-11-13 09:00:00,17574.61
Solar,2025-11-13 10:00:00,20858.46
Solar,2025-11-13 11:00:00,20371.27
Solar,2025-11-13 12:00:00,16484.03
Solar,2025-11-13 13:00:00,10077.76
Solar,2025-11-13 14:00:00,3892.19
Solar,2025-11-13 15:00:00,356.98
Solar,2025-11-13 16:00:00,29.53
Solar,2025-11-13 17:00:00,32.81
Solar,2025-11-13 18:00:00,17.83
Solar,2025-11-13 19:00:00,12.66
Solar,2025-11-13 20:00:00,12.93
Solar,2025-11-13 21:00:00,11.34
Solar,2025-11-13 22:00:00,11.14
Solar,2025-11-13 23:00:00,10.09
Solar,2025-11-14 00:00:00,9.21
Solar,2025-11-14 01:00:00,11.24
Solar,2025-11-14 02:00:00,11.52
Solar,2025-11-14 03:00:00,11.17
Solar,2025-11-14 04:00:00,10.66
Solar,2025-11-14 05:00:00,26.92
Solar,2025-11-14 06:00:00,410.63
Solar,2025-11-14 07:00:00,3077.42
Solar,2025-11-14 08:00:00,6638.5
Solar,2025-11-14 09:00:00,9391.08
Solar,2025-11-14 10:00:00,10623.62
Solar,2025-11-14 11:00:00,9864.23
Solar,2025-11-14 12:00:00,7849.78
Solar,2025-11-14 13:00:00,4891.91
Solar,2025-11-14 14:00:00,2054.91
Solar,2025-11-14 15:00:00,223.73
Solar,2025-11-14 16:00:00,51.16
Solar,2025-11-14 17:00:00,37.18
Solar,2025-11-14 18:00:00,20.9
Solar,2025-11-14 19:00:00,10.31
Solar,2025-11-14 20:00:00,7.39
Solar,2025-11-14 21:00:00,7.76
Solar,2025-11-14 22:00:00,6.44
Solar,2025-11-14 23:00:00,5.33
Solar,2025-11-15 00:00:00,4.95
Solar,2025-11-15 01:00:00,5.2
Solar,2025-11-15 02:00:00,8.04
Solar,2025-11-15 03:00:00,7.71
Solar,2025-11-15 04:00:00,7.35
Solar,2025-11-15 05:00:00,7.16
Solar,2025-11-15 06:00:00,75.39
Solar,2025-11-15 07:00:00,1554.25
Solar,2025-11-15 08:00:00,4701.7
Solar,2025-11-15 09:00:00,8064.62
Solar,2025-11-15 10:00:00,10219.57
Solar,2025-11-15 11:00:00,10095.64
Solar,2025-11-15 12:00:00,8164.96
Solar,2025-11-15 13:00:00,5274.77
Solar,2025-11-15 14:00:00,2124.07
Solar,2025-11-15 15:00:00,194.3
Solar,2025-11-15 16:00:00,48.45
Solar,2025-11-15 17:00:00,32.37
Solar,2025-11-15 18:00:00,14.0
Solar,2025-11-15 19:00:00,7.79
Solar,2025-11-15 20:00:00,10.67
Solar,2025-11-15 21:00:00,7.03
Solar,2025-11-15 22:00:00,5.62
Solar,2025-11-15 23:00:00,9.09
Solar,2025-11-16 00:00:00,7.54
Solar,2025-11-16 01:00:00,6.87
Solar,2025-11-16 02:00:00,5.93
Solar,2025-11-16 03:00:00,5.87
Solar,2025-11-16 04:00:00,5.94
Solar,2025-11-16 05:00:00,8.41
Solar,2025-11-16 06:00:00,172.4
Solar,2025-11-16 07:00:00,2686.55
Solar,2025-11-16 08:00:00,6995.01
Solar,2025-11-16 09:00:00,10289.43
Solar,2025-11-16 10:00:00,11732.47
Solar,2025-11-16 11:00:00,11193.72
Solar,2025-11-16 12:00:00,8068.47
Solar,2025-11-16 13:00:00,4401.73
Solar,2025-11-16 14:00:00,1534.78
Solar,2025-11-16 15:00:00,129.63
Solar,2025-11-16 16:00:00,52.42
Solar,2025-11-16 17:00:00,56.14
Solar,2025-11-16 18:00:00,30.61
Solar,2025-11-16 19:00:00,9.67
Solar,2025-11-16 20:00:00,8.25
Solar,2025-11-16 21:00:00,7.57
Solar,2025-11-16 22:00:00,6.25
Solar,2025-11-16 23:00:00,7.22
Solar,2025-11-17 00:00:00,7.84
Solar,2025-11-17 01:00:00,6.94
Solar,2025-11-17 02:00:00,6.4
Solar,2025-11-17 03:00:00,7.51
Solar,2025-11-17 04:00:00,8.28
Solar,2025-11-17 05:00:00,16.88
Solar,2025-11-17 06:00:00,42.2
Solar,2025-11-17 07:00:00,1086.33
Solar,2025-11-17 08:00:00,3870.81
Solar,2025-11-17 09:00:00,6802.92
Solar,2025-11-17 10:00:00,9560.1
Solar,2025-11-17 11:00:00,10173.56
Solar,2025-11-17 12:00:00,8947.26
Solar,2025-11-17 13:00:00,6137.31
Solar,2025-11-17 14:00:00,2449.77
Solar,2025-11-17 15:00:00,232.53
Solar,2025-11-17 16:00:00,40.23
Solar,2025-11-17 17:00:00,37.1
Solar,2025-11-17 18:00:00,35.58
Solar,2025-11-17 19:00:00,11.81
Solar,2025-11-17 20:00:00,9.93
Solar,2025-11-17 21:00:00,9.02
Solar,2025-11-17 22:00:00,7.09
Solar,2025-11-17 23:00:00,7.05
Solar,2025-11-18 00:00:00,6.21
Solar,2025-11-18 01:00:00,5.65
Solar,2025-11-18 02:00:00,7.19
Solar,2025-11-18 03:00:00,5.99
Solar,2025-11-18 04:00:00,5.64
Solar,2025-11-18 05:00:00,7.21
Solar,2025-11-18 06:00:00,192.03
Solar,2025-11-18 07:00:00,2983.16
Solar,2025-11-18 08:00:00,7889.59
Solar,2025-11-18 09:00:00,12318.66
Solar,2025-11-18 10:00:00,14908.38
Solar,2025-11-18 11:00:00,15398.3
Solar,2025-11-18 12:00:00,13540.07
Solar,2025-11-18 13:00:00,9064.3
Solar,2025-11-18 14:00:00,3724.63
Solar,2025-11-18 15:00:00,321.72
Solar,2025-11-18 16:00:00,61.2
Solar,2025-11-18 17:00:00,35.36
Solar,2025-11-18 18:00:00,14.59
Solar,2025-11-18 19:00:00,11.85
Solar,2025-11-18 20:00:00,10.89
Solar,2025-11-18 21:00:00,9.8
Solar,2025-11-18 22:00:00,7.57
Solar,2025-11-18 23:00:00,7.09
Solar,2025-11-19 00:00:00,7.57
Solar,2025-11-19 01:00:00,7.79
Solar,2025-11-19 02:00:00,7.49
Solar,2025-11-19 03:00:00,7.3
Solar,2025-11-19 04:00:00,7.38
Solar,2025-11-19 05:00:00,10.0
Solar,2025-11-19 06:00:00,150.44
Solar,2025-11-19 07:00:00,3173.64
Solar,2025-11-19 08:00:00,9037.21
Solar,2025-11-19 09:00:00,13543.86
Solar,2025-11-19 10:00:00,14675.01
Solar,2025-11-19 11:00:00,13326.17
Solar,2025-11-19 12:00:00,10183.44
Solar,2025-11-19 13:00:00,5602.17
Solar,2025-11-19 14:00:00,1933.78
Solar,2025-11-19 15:00:00,155.46
Solar,2025-11-19 16:00:00,41.71
Solar,2025-11-19 17:00:00,21.45
Solar,2025-11-19 18:00:00,16.75
Solar,2025-11-19 19:00:00,20.8
Solar,2025-11-19 20:00:00,10.53
Solar,2025-11-19 21:00:00,9.17
Solar,2025-11-19 22:00:00,8.74
Solar,2025-11-19 23:00:00,8.43
Solar,2025-11-20 00:00:00,7.99
Solar,2025-11-20 01:00:00,8.84
Solar,2025-11-20 02:00:00,9.26
Solar,2025-11-20 03:00:00,10.24
Solar,2025-11-20 04:00:00,10.24
Solar,2025-11-20 05:00:00,12.29
Solar,2025-11-20 06:00:00,36.82
Solar,2025-11-20 07:00:00,1042.98
Solar,2025-11-20 08:00:00,3819.83
Solar,2025-11-20 09:00:00,6653.92
Solar,2025-11-20 10:00:00,8733.35
Solar,2025-11-20 11:00:00,9432.57
Solar,2025-11-20 12:00:00,8444.7
Solar,2025-11-20 13:00:00,5933.51
Solar,2025-11-20 14:00:00,2380.7
Solar,2025-11-20 15:00:00,184.93
Solar,2025-11-20 16:00:00,30.46
Solar,2025-11-20 17:00:00,16.92
Solar,2025-11-20 18:00:00,14.67
Solar,2025-11-20 19:00:00,8.27
Solar,2025-11-20 20:00:00,7.69
Solar,2025-11-20 21:00:00,6.04
Solar,2025-11-20 22:00:00,5.02
Solar,2025-11-20 23:00:00,5.31
Solar,2025-11-21 00:00:00,5.5
Solar,2025-11-21 01:00:00,6.17
Solar,2025-11-21 02:00:00,6.67
Solar,2025-11-21 03:00:00,6.62
Solar,2025-11-21 04:00:00,5.97
Solar,2025-11-21 05:00:00,6.47
Solar,2025-11-21 06:00:00,44.65
Solar,2025-11-21 07:00:00,1981.29
Solar,2025-11-21 08:00:00,7713.4
Solar,2025-11-21 09:00:00,14472.17
Solar,2025-11-21 10:00:00,18570.71
Solar,2025-11-21 11:00:00,19094.4
Solar,2025-11-21 12:00:00,16265.33
Solar,2025-11-21 13:00:00,10460.29
Solar,2025-11-21 14:00:00,3540.29
Solar,2025-11-21 15:00:00,257.72
Solar,2025-11-21 16:00:00,80.16
Solar,2025-11-21 17:00:00,32.76
Solar,2025-11-21 18:00:00,26.94
Solar,2025-11-21 19:00:00,19.48
Solar,2025-11-21 20:00:00,10.58
Solar,2025-11-21 21:00:00,16.51
Solar,2025-11-21 22:00:00,11.33
Solar,2025-11-21 23:00:00,9.38
Solar,2025-11-22 00:00:00,8.44
Solar,2025-11-22 01:00:00,8.77
Solar,2025-11-22 02:00:00,7.14
Solar,2025-11-22 03:00:00,7.83
Solar,2025-11-22 04:00:00,8.07
Solar,2025-11-22 05:00:00,9.56
Solar,2025-11-22 06:00:00,73.48
Solar,2025-11-22 07:00:00,2783.31
Solar,2025-11-22 08:00:00,10001.79
Solar,2025-11-22 09:00:00,17893.65
Solar,2025-11-22 10:00:00,22830.79
Solar,2025-11-22 11:00:00,23586.52
Solar,2025-11-22 12:00:00,20072.85
Solar,2025-11-22 13:00:00,12933.43
Solar,2025-11-22 14:00:00,4503.35
Solar,2025-11-22 15:00:00,285.05
Solar,2025-11-22 16:00:00,51.47
Solar,2025-11-22 17:00:00,39.21
Solar,2025-11-22 18:00:00,19.13
Solar,2025-11-22 19:00:00,8.65
Solar,2025-11-22 20:00:00,19.5
Solar,2025-11-22 21:00:00,34.35
Solar,2025-11-22 22:00:00,13.17
Solar,2025-11-22 23:00:00,15.5
Solar,2025-11-23 00:00:00,10.43
Solar,2025-11-23 01:00:00,11.73
Solar,2025-11-23 02:00:00,8.35
Solar,2025-11-23 03:00:00,8.89
Solar,2025-11-23 04:00:00,9.25
Solar,2025-11-23 05:00:00,10.12
Solar,2025-11-23 06:00:00,70.66
Solar,2025-11-23 07:00:00,2845.64
Solar,2025-11-23 08:00:00,9213.86
Solar,2025-11-23 09:00:00,15889.81
Solar,2025-11-23 10:00:00,20133.88
Solar,2025-11-23 11:00:00,20926.05
Solar,2025-11-23 12:00:00,17117.84
Solar,2025-11-23 13:00:00,9431.22
Solar,2025-11-23 14:00:00,2359.54
Solar,2025-11-23 15:00:00,80.01
Solar,2025-11-23 16:00:00,30.67
Solar,2025-11-23 17:00:00,23.28
Solar,2025-11-23 18:00:00,20.03
Solar,2025-11-23 19:00:00,11.83
Solar,2025-11-23 20:00:00,10.51
Solar,2025-11-23 21:00:00,8.02
Solar,2025-11-23 22:00:00,7.17
Solar,2025-11-23 23:00:00,7.09
Solar,2025-11-24 00:00:00,6.97
Solar,2025-11-24 01:00:00,7.13
Solar,2025-11-24 02:00:00,7.17
Solar,2025-11-24 03:00:00,6.46
Solar,2025-11-24 04:00:00,5.61
Solar,2025-11-24 05:00:00,6.48
Solar,2025-11-24 06:00:00,13.55
Solar,2025-11-24 07:00:00,403.21
Solar,2025-11-24 08:00:00,1829.41
Solar,2025-11-24 09:00:00,3690.13
Solar,2025-11-24 10:00:00,5109.45
Solar,2025-11-24 11:00:00,5470.17
Solar,2025-11-24 12:00:00,4782.93
Solar,2025-11-24 13:00:00,3075.5
Solar,2025-11-24 14:00:00,1089.16
Solar,2025-11-24 15:00:00,73.6
Solar,2025-11-24 16:00:00,25.78
Solar,2025-11-24 17:00:00,21.67
Solar,2025-11-24 18:00:00,13.17
Solar,2025-11-24 19:00:00,6.93
Solar,2025-11-24 20:00:00,5.11
Solar,2025-11-24 21:00:00,5.21
Solar,2025-11-24 22:00:00,6.68
Solar,2025-11-24 23:00:00,6.49
Solar,2025-11-25 00:00:00,6.08
Solar,2025-11-25 01:00:00,6.26
Solar,2025-11-25 02:00:00,6.39
Solar,2025-11-25 03:00:00,6.49
Solar,2025-11-25 04:00:00,6.28
Solar,2025-11-25 05:00:00,7.39
Solar,2025-11-25 06:00:00,18.83
Solar,2025-11-25 07:00:00,709.75
Solar,2025-11-25 08:00:00,2890.05
Solar,2025-11-25 09:00:00,5258.02
Solar,2025-11-25 10:00:00,6831.84
Solar,2025-11-25 11:00:00,6780.34
Solar,2025-11-25 12:00:00,5402.85
Solar,2025-11-25 13:00:00,3079.79
Solar,2025-11-25 14:00:00,923.36
Solar,2025-11-25 15:00:00,79.0
Solar,2025-11-25 16:00:00,42.76
Solar,2025-11-25 17:00:00,18.18
Solar,2025-11-25 18:00:00,10.86
Solar,2025-11-25 19:00:00,8.95
Solar,2025-11-25 20:00:00,7.74
Solar,2025-11-25 21:00:00,6.53
Solar,2025-11-25 22:00:00,6.18
Solar,2025-11-25 23:00:00,6.7
Solar,2025-11-26 00:00:00,6.77
Solar,2025-11-26 01:00:00,6.93
Solar,2025-11-26 02:00:00,6.93
Solar,2025-11-26 03:00:00,7.15
Solar,2025-11-26 04:00:00,7.09
Solar,2025-11-26 05:00:00,9.84
Solar,2025-11-26 06:00:00,36.45
Solar,2025-11-26 07:00:00,615.0
Solar,2025-11-26 08:00:00,2687.73
Solar,2025-11-26 09:00:00,5232.78
Solar,2025-11-26 10:00:00,6702.06
Solar,2025-11-26 11:00:00,6530.6
Solar,2025-11-26 12:00:00,5259.29
Solar,2025-11-26 13:00:00,3209.07
Solar,2025-11-26 14:00:00,1050.59
Solar,2025-11-26 15:00:00,103.76
Solar,2025-11-26 16:00:00,87.28
Solar,2025-11-26 17:00:00,28.9
Solar,2025-11-26 18:00:00,14.11
Solar,2025-11-26 19:00:00,20.16
Solar,2025-11-26 20:00:00,10.03
Solar,2025-11-26 21:00:00,7.92
Solar,2025-11-26 22:00:00,7.28
Solar,2025-11-26 23:00:00,6.83
Solar,2025-11-27 00:00:00,6.58
Solar,2025-11-27 01:00:00,7.02
Solar,2025-11-27 02:00:00,5.74
Solar,2025-11-27 03:00:00,6.27
Solar,2025-11-27 04:00:00,6.07
Solar,2025-11-27 05:00:00,7.06
Solar,2025-11-27 06:00:00,18.0
Solar,2025-11-27 07:00:00,1083.21
Solar,2025-11-27 08:00:00,4702.37
Solar,2025-11-27 09:00:00,8938.06
Solar,2025-11-27 10:00:00,11069.05
Solar,2025-11-27 11:00:00,10384.62
Solar,2025-11-27 12:00:00,8325.24
Solar,2025-11-27 13:00:00,5095.22
Solar,2025-11-27 14:00:00,1759.13
Solar,2025-11-27 15:00:00,105.37
Solar,2025-11-27 16:00:00,33.18
Solar,2025-11-27 17:00:00,24.08
Solar,2025-11-27 18:00:00,14.7
Solar,2025-11-27 19:00:00,12.09
Solar,2025-11-27 20:00:00,11.21
Solar,2025-11-27 21:00:00,9.22
Solar,2025-11-27 22:00:00,7.2
Solar,2025-11-27 23:00:00,6.73
Solar,2025-11-28 00:00:00,6.92
Solar,2025-11-28 01:00:00,6.7
Solar,2025-11-28 02:00:00,6.62
Solar,2025-11-28 03:00:00,6.77
Solar,2025-11-28 04:00:00,7.55
Solar,2025-11-28 05:00:00,8.4
Solar,2025-11-28 06:00:00,46.17
Solar,2025-11-28 07:00:00,1262.53
Solar,2025-11-28 08:00:00,4249.74
Solar,2025-11-28 09:00:00,7456.39
Solar,2025-11-28 10:00:00,9054.14
Solar,2025-11-28 11:00:00,8836.38
Solar,2025-11-28 12:00:00,7165.65
Solar,2025-11-28 13:00:00,4203.31
Solar,2025-11-28 14:00:00,1256.46
Solar,2025-11-28 15:00:00,79.42
Solar,2025-11-28 16:00:00,58.42
Solar,2025-11-28 17:00:00,25.86
Solar,2025-11-28 18:00:00,17.47
Solar,2025-11-28 19:00:00,10.26
Solar,2025-11-28 20:00:00,8.71
Solar,2025-11-28 21:00:00,7.66
Solar,2025-11-28 22:00:00,7.18
Solar,2025-11-28 23:00:00,6.89
Solar,2025-11-29 00:00:00,6.31
Solar,2025-11-29 01:00:00,6.22
Solar,2025-11-29 02:00:00,5.9
Solar,2025-11-29 03:00:00,5.96
Solar,2025-11-29 04:00:00,7.58
Solar,2025-11-29 05:00:00,7.19
Solar,2025-11-29 06:00:00,17.11
Solar,2025-11-29 07:00:00,600.58
Solar,2025-11-29 08:00:00,2954.99
Solar,2025-11-29 09:00:00,5931.18
Solar,2025-11-29 10:00:00,7986.14
Solar,2025-11-29 11:00:00,8421.12
Solar,2025-11-29 12:00:00,7186.78
Solar,2025-11-29 13:00:00,4523.05
Solar,2025-11-29 14:00:00,1515.79
Solar,2025-11-29 15:00:00,82.68
Solar,2025-11-29 16:00:00,33.91
Solar,2025-11-29 17:00:00,20.5
Solar,2025-11-29 18:00:00,14.63
Solar,2025-11-29 19:00:00,11.05
Solar,2025-11-29 20:00:00,9.11
Solar,2025-11-29 21:00:00,8.59
Solar,2025-11-29 22:00:00,7.26
Solar,2025-11-29 23:00:00,7.0
Solar,2025-11-30 00:00:00,6.43
Solar,2025-11-30 01:00:00,7.19
Solar,2025-11-30 02:00:00,7.22
Solar,2025-11-30 03:00:00,7.2
Solar,2025-11-30 04:00:00,6.37
Solar,2025-11-30 05:00:00,8.46
Solar,2025-11-30 06:00:00,32.36
Solar,2025-11-30 07:00:00,1226.25
Solar,2025-11-30 08:00:00,4376.94
Solar,2025-11-30 09:00:00,7357.36
Solar,2025-11-30 10:00:00,8868.14
Solar,2025-11-30 11:00:00,8477.77
Solar,2025-11-30 12:00:00,6439.88
Solar,2025-11-30 13:00:00,3442.71
Solar,2025-11-30 14:00:00,1040.52
Solar,2025-11-30 15:00:00,54.32
Solar,2025-11-30 16:00:00,24.41
Solar,2025-11-30 17:00:00,17.48
Solar,2025-11-30 18:00:00,17.38
Solar,2025-11-30 19:00:00,8.3
Solar,2025-11-30 20:00:00,7.61
Solar,2025-11-30 21:00:00,7.18
Solar,2025-11-30 22:00:00,6.8
Solar,2025-11-30 23:00:00,6.04
Solar,2025-12-01 00:00:00,5.53
Solar,2025-12-01 01:00:00,5.87
Solar,2025-12-01 02:00:00,5.72
Solar,2025-12-01 03:00:00,5.5
Solar,2025-12-01 04:00:00,5.71
Solar,2025-12-01 05:00:00,6.92
Solar,2025-12-01 06:00:00,25.98
Solar,2025-12-01 07:00:00,1508.26
Solar,2025-12-01 08:00:00,6786.26
Solar,2025-12-01 09:00:00,12629.34
Solar,2025-12-01 10:00:00,16255.99
Solar,2025-12-01 11:00:00,15913.77
Solar,2025-12-01 12:00:00,12956.13
Solar,2025-12-01 13:00:00,7763.96
Solar,2025-12-01 14:00:00,2312.86
Solar,2025-12-01 15:00:00,99.02
Solar,2025-12-01 16:00:00,28.04
Solar,2025-12-01 17:00:00,21.15
Solar,2025-12-01 18:00:00,14.03
Solar,2025-12-01 19:00:00,10.69
Solar,2025-12-01 20:00:00,10.78
Solar,2025-12-01 21:00:00,11.13
Solar,2025-12-01 22:00:00,9.27
Solar,2025-12-01 23:00:00,8.03
Solar,2025-12-02 00:00:00,8.5
Solar,2025-12-02 01:00:00,7.9
Solar,2025-12-02 02:00:00,8.16
Solar,2025-12-02 03:00:00,9.83
Solar,2025-12-02 04:00:00,8.22
Solar,2025-12-02 05:00:00,15.13
Solar,2025-12-02 06:00:00,48.5
Solar,2025-12-02 07:00:00,1376.69
Solar,2025-12-02 08:00:00,5427.37
Solar,2025-12-02 09:00:00,9443.09
Solar,2025-12-02 10:00:00,12041.86
Solar,2025-12-02 11:00:00,12304.4
Solar,2025-12-02 12:00:00,10114.93
Solar,2025-12-02 13:00:00,6006.45
Solar,2025-12-02 14:00:00,1656.85
Solar,2025-12-02 15:00:00,68.72
Solar,2025-12-02 16:00:00,30.47
Solar,2025-12-02 17:00:00,18.26
Solar,2025-12-02 18:00:00,10.97
Solar,2025-12-02 19:00:00,10.28
Solar,2025-12-02 20:00:00,7.6
Solar,2025-12-02 21:00:00,6.56
Solar,2025-12-02 22:00:00,5.47
Solar,2025-12-02 23:00:00,5.26
Solar,2025-12-03 00:00:00,5.4
Solar,2025-12-03 01:00:00,5.19
Solar,2025-12-03 02:00:00,5.47
Solar,2025-12-03 03:00:00,5.66
Solar,2025-12-03 04:00:00,5.62
Solar,2025-12-03 05:00:00,8.87
Solar,2025-12-03 06:00:00,18.68
Solar,2025-12-03 07:00:00,748.08
Solar,2025-12-03 08:00:00,3086.28
Solar,2025-12-03 09:00:00,5286.01
Solar,2025-12-03 10:00:00,6764.15
Solar,2025-12-03 11:00:00,7111.43
Solar,2025-12-03 12:00:00,5879.11
Solar,2025-12-03 13:00:00,3729.75
Solar,2025-12-03 14:00:00,1190.32
Solar,2025-12-03 15:00:00,100.93
Solar,2025-12-03 16:00:00,63.66
Solar,2025-12-03 17:00:00,19.14
Solar,2025-12-03 18:00:00,17.24
Solar,2025-12-03 19:00:00,7.15
Solar,2025-12-03 20:00:00,7.34
Solar,2025-12-03 21:00:00,5.48
Solar,2025-12-03 22:00:00,4.75
Solar,2025-12-03 23:00:00,4.99
Solar,2025-12-04 00:00:00,4.97
Solar,2025-12-04 01:00:00,5.01
Solar,2025-12-04 02:00:00,5.34
Solar,2025-12-04 03:00:00,5.3
Solar,2025-12-04 04:00:00,5.37
Solar,2025-12-04 05:00:00,6.25
Solar,2025-12-04 06:00:00,12.31
Solar,2025-12-04 07:00:00,554.27
Solar,2025-12-04 08:00:00,2663.69
Solar,2025-12-04 09:00:00,5201.3
Solar,2025-12-04 10:00:00,6794.7
Solar,2025-12-04 11:00:00,7165.61
Solar,2025-12-04 12:00:00,6254.54
Solar,2025-12-04 13:00:00,3856.95
Solar,2025-12-04 14:00:00,1079.89
Solar,2025-12-04 15:00:00,42.76
Solar,2025-12-04 16:00:00,22.15
Solar,2025-12-04 17:00:00,31.97
Solar,2025-12-04 18:00:00,8.74
Solar,2025-12-04 19:00:00,6.89
Solar,2025-12-04 20:00:00,7.14
Solar,2025-12-04 21:00:00,6.36
Solar,2025-12-04 22:00:00,6.23
Solar,2025-12-04 23:00:00,5.05
Solar,2025-12-05 00:00:00,5.16
Solar,2025-12-05 01:00:00,5.01
Solar,2025-12-05 02:00:00,5.19
Solar,2025-12-05 03:00:00,5.28
Solar,2025-12-05 04:00:00,5.23
Solar,2025-12-05 05:00:00,5.89
Solar,2025-12-05 06:00:00,11.12
Solar,2025-12-05 07:00:00,314.83
Solar,2025-12-05 08:00:00,1777.15
Solar,2025-12-05 09:00:00,3795.98
Solar,2025-12-05 10:00:00,5269.86
Solar,2025-12-05 11:00:00,5461.63
Solar,2025-12-05 12:00:00,4569.45
Solar,2025-12-05 13:00:00,2911.31
Solar,2025-12-05 14:00:00,911.9
Solar,2025-12-05 15:00:00,43.32
Solar,2025-12-05 16:00:00,26.69
Solar,2025-12-05 17:00:00,18.79
Solar,2025-12-05 18:00:00,11.64
Solar,2025-12-05 19:00:00,8.26
Solar,2025-12-05 20:00:00,6.76
Solar,2025-12-05 21:00:00,5.01
Solar,2025-12-05 22:00:00,4.81
Solar,2025-12-05 23:00:00,7.42
Solar,2025-12-06 00:00:00,5.09
Solar,2025-12-06 01:00:00,5.95
Solar,2025-12-06 02:00:00,7.0
Solar,2025-12-06 03:00:00,8.09
Solar,2025-12-06 04:00:00,9.59
Solar,2025-12-06 05:00:00,10.35
Solar,2025-12-06 06:00:00,17.02
Solar,2025-12-06 07:00:00,572.35
Solar,2025-12-06 08:00:00,2647.82
Solar,2025-12-06 09:00:00,4906.9
Solar,2025-12-06 10:00:00,6399.24
Solar,2025-12-06 11:00:00,6635.16
Solar,2025-12-06 12:00:00,5320.76
Solar,2025-12-06 13:00:00,3221.04
Solar,2025-12-06 14:00:00,894.67
Solar,2025-12-06 15:00:00,51.09
Solar,2025-12-06 16:00:00,30.38
Solar,2025-12-06 17:00:00,19.89
Solar,2025-12-06 18:00:00,14.49
Solar,2025-12-06 19:00:00,10.71
Solar,2025-12-06 20:00:00,10.24
Solar,2025-12-06 21:00:00,10.14
Solar,2025-12-06 22:00:00,9.0
Solar,2025-12-06 23:00:00,8.44
Solar,2025-12-07 00:00:00,8.26
Solar,2025-12-07 01:00:00,8.58
Solar,2025-12-07 02:00:00,7.61
Solar,2025-12-07 03:00:00,7.69
Solar,2025-12-07 04:00:00,7.58
Solar,2025-12-07 05:00:00,7.83
Solar,2025-12-07 06:00:00,13.24
Solar,2025-12-07 07:00:00,441.53
Solar,2025-12-07 08:00:00,2338.79
Solar,2025-12-07 09:00:00,4837.22
Solar,2025-12-07 10:00:00,6275.14
Solar,2025-12-07 11:00:00,6396.04
Solar,2025-12-07 12:00:00,5188.81
Solar,2025-12-07 13:00:00,2969.09
Solar,2025-12-07 14:00:00,765.55
Solar,2025-12-07 15:00:00,33.75
Solar,2025-12-07 16:00:00,36.55
Solar,2025-12-07 17:00:00,28.25
Solar,2025-12-07 18:00:00,14.4
Solar,2025-12-07 19:00:00,10.8
Solar,2025-12-07 20:00:00,9.46
Solar,2025-12-07 21:00:00,9.12
Solar,2025-12-07 22:00:00,9.36
Solar,2025-12-07 23:00:00,9.17
Solar,2025-12-08 00:00:00,7.83
Solar,2025-12-08 01:00:00,9.1
Solar,2025-12-08 02:00:00,8.93
Solar,2025-12-08 03:00:00,9.07
Solar,2025-12-08 04:00:00,9.44
Solar,2025-12-08 05:00:00,8.92
Solar,2025-12-08 06:00:00,43.48
Solar,2025-12-08 07:00:00,732.01
Solar,2025-12-08 08:00:00,4187.32
Solar,2025-12-08 09:00:00,7964.55
Solar,2025-12-08 10:00:00,9314.26
Solar,2025-12-08 11:00:00,8523.77
Solar,2025-12-08 12:00:00,5965.71
Solar,2025-12-08 13:00:00,3224.49
Solar,2025-12-08 14:00:00,923.14
Solar,2025-12-08 15:00:00,45.88
Solar,2025-12-08 16:00:00,25.31
Solar,2025-12-08 17:00:00,17.53
Solar,2025-12-08 18:00:00,13.46
Solar,2025-12-08 19:00:00,11.08
Solar,2025-12-08 20:00:00,8.1
Solar,2025-12-08 21:00:00,8.45
Solar,2025-12-08 22:00:00,9.12
Solar,2025-12-08 23:00:00,8.5
Solar,2025-12-09 00:00:00,7.94
Solar,2025-12-09 01:00:00,6.65
Solar,2025-12-09 02:00:00,6.28
Solar,2025-12-09 03:00:00,6.6
Solar,2025-12-09 04:00:00,5.84
Solar,2025-12-09 05:00:00,8.8
Solar,2025-12-09 06:00:00,16.58
Solar,2025-12-09 07:00:00,962.78
Solar,2025-12-09 08:00:00,4552.36
Solar,2025-12-09 09:00:00,8657.45
Solar,2025-12-09 10:00:00,11565.18
Solar,2025-12-09 11:00:00,12340.76
Solar,2025-12-09 12:00:00,10914.13
Solar,2025-12-09 13:00:00,7010.03
Solar,2025-12-09 14:00:00,2234.06
Solar,2025-12-09 15:00:00,127.48
Solar,2025-12-09 16:00:00,40.81
Solar,2025-12-09 17:00:00,23.64
Solar,2025-12-09 18:00:00,13.24
Solar,2025-12-09 19:00:00,9.27
Solar,2025-12-09 20:00:00,7.58
Solar,2025-12-09 21:00:00,6.7
Solar,2025-12-09 22:00:00,6.15
Solar,2025-12-09 23:00:00,5.56
Solar,2025-12-10 00:00:00,5.61
Solar,2025-12-10 01:00:00,6.56
Solar,2025-12-10 02:00:00,7.34
Solar,2025-12-10 03:00:00,7.89
Solar,2025-12-10 04:00:00,8.5
Solar,2025-12-10 05:00:00,10.52
Solar,2025-12-10 06:00:00,14.33
Solar,2025-12-10 07:00:00,945.93
Solar,2025-12-10 08:00:00,3978.79
Solar,2025-12-10 09:00:00,6753.38
Solar,2025-12-10 10:00:00,8201.81
Solar,2025-12-10 11:00:00,8175.34
Solar,2025-12-10 12:00:00,6612.63
Solar,2025-12-10 13:00:00,3834.01
Solar,2025-12-10 14:00:00,1047.66
Solar,2025-12-10 15:00:00,48.24
Solar,2025-12-10 16:00:00,26.58
Solar,2025-12-10 17:00:00,16.21
Solar,2025-12-10 18:00:00,10.66
Solar,2025-12-10 19:00:00,7.51
Solar,2025-12-10 20:00:00,7.09
Solar,2025-12-10 21:00:00,5.1
Solar,2025-12-10 22:00:00,5.71
Solar,2025-12-10 23:00:00,6.03
Solar,2025-12-11 00:00:00,6.2
Solar,2025-12-11 01:00:00,6.08
Solar,2025-12-11 02:00:00,5.86
Solar,2025-12-11 03:00:00,5.87
Solar,2025-12-11 04:00:00,5.76
Solar,2025-12-11 05:00:00,6.95
Solar,2025-12-11 06:00:00,12.71
Solar,2025-12-11 07:00:00,600.03
Solar,2025-12-11 08:00:00,3740.76
Solar,2025-12-11 09:00:00,7598.87
Solar,2025-12-11 10:00:00,10117.36
Solar,2025-12-11 11:00:00,10765.5
Solar,2025-12-11 12:00:00,9446.87
Solar,2025-12-11 13:00:00,5887.77
Solar,2025-12-11 14:00:00,1735.65
Solar,2025-12-11 15:00:00,62.81
Solar,2025-12-11 16:00:00,21.23
Solar,2025-12-11 17:00:00,14.66
Solar,2025-12-11 18:00:00,9.76
Solar,2025-12-11 19:00:00,6.1
Solar,2025-12-11 20:00:00,5.63
Solar,2025-12-11 21:00:00,5.5
Solar,2025-12-11 22:00:00,5.53
Solar,2025-12-11 23:00:00,5.5
Solar,2025-12-12 00:00:00,5.77
Solar,2025-12-12 01:00:00,6.05
Solar,2025-12-12 02:00:00,7.71
Solar,2025-12-12 03:00:00,7.19
Solar,2025-12-12 04:00:00,7.06
Solar,2025-12-12 05:00:00,16.2
Solar,2025-12-12 06:00:00,16.64
Solar,2025-12-12 07:00:00,634.82
Solar,2025-12-12 08:00:00,3354.31
Solar,2025-12-12 09:00:00,7013.19
Solar,2025-12-12 10:00:00,9628.82
Solar,2025-12-12 11:00:00,10225.4
Solar,2025-12-12 12:00:00,8424.4
Solar,2025-12-12 13:00:00,4885.41
Solar,2025-12-12 14:00:00,1463.71
Solar,2025-12-12 15:00:00,100.31
Solar,2025-12-12 16:00:00,59.85
Solar,2025-12-12 17:00:00,40.2
Solar,2025-12-12 18:00:00,18.34
Solar,2025-12-12 19:00:00,8.08
Solar,2025-12-12 20:00:00,7.44
Solar,2025-12-12 21:00:00,5.68
Solar,2025-12-12 22:00:00,5.51
Solar,2025-12-12 23:00:00,5.45
Solar,2025-12-13 00:00:00,5.45
Solar,2025-12-13 01:00:00,5.96
Solar,2025-12-13 02:00:00,6.3
Solar,2025-12-13 03:00:00,6.21
Solar,2025-12-13 04:00:00,6.02
Solar,2025-12-13 05:00:00,6.84
Solar,2025-12-13 06:00:00,10.85
Solar,2025-12-13 07:00:00,257.41
Solar,2025-12-13 08:00:00,1661.31
Solar,2025-12-13 09:00:00,3422.27
Solar,2025-12-13 10:00:00,4572.45
Solar,2025-12-13 11:00:00,4798.15
Solar,2025-12-13 12:00:00,4090.72
Solar,2025-12-13 13:00:00,2516.87
Solar,2025-12-13 14:00:00,718.72
Solar,2025-12-13 15:00:00,49.58
Solar,2025-12-13 16:00:00,28.35
Solar,2025-12-13 17:00:00,20.47
Solar,2025-12-13 18:00:00,10.96
Solar,2025-12-13 19:00:00,6.35
Solar,2025-12-13 20:00:00,5.64
Solar,2025-12-13 21:00:00,5.47
Solar,2025-12-13 22:00:00,5.44
Solar,2025-12-13 23:00:00,5.67
Solar,2025-12-14 00:00:00,5.81
Solar,2025-12-14 01:00:00,5.93
Solar,2025-12-14 02:00:00,5.84
Solar,2025-12-14 03:00:00,5.68
Solar,2025-12-14 04:00:00,5.87
Solar,2025-12-14 05:00:00,6.69
Solar,2025-12-14 06:00:00,10.72
Solar,2025-12-14 07:00:00,317.13
Solar,2025-12-14 08:00:00,2168.2
Solar,2025-12-14 09:00:00,4797.0
Solar,2025-12-14 10:00:00,6878.48
Solar,2025-12-14 11:00:00,7339.01
Solar,2025-12-14 12:00:00,6086.84
Solar,2025-12-14 13:00:00,3538.94
Solar,2025-12-14 14:00:00,978.83
Solar,2025-12-14 15:00:00,47.39
Solar,2025-12-14 16:00:00,27.96
Solar,2025-12-14 17:00:00,21.88
Solar,2025-12-14 18:00:00,12.45
Solar,2025-12-14 19:00:00,12.76
Solar,2025-12-14 20:00:00,7.16
Solar,2025-12-14 21:00:00,6.42
Solar,2025-12-14 22:00:00,6.23
Solar,2025-12-14 23:00:00,6.13
Solar,2025-12-15 00:00:00,6.05
Solar,2025-12-15 01:00:00,5.78
Solar,2025-12-15 02:00:00,6.6
Solar,2025-12-15 03:00:00,6.64
Solar,2025-12-15 04:00:00,6.58
Solar,2025-12-15 05:00:00,7.91
Solar,2025-12-15 06:00:00,18.5
Solar,2025-12-15 07:00:00,642.9
Solar,2025-12-15 08:00:00,4359.38
Solar,2025-12-15 09:00:00,9647.91
Solar,2025-12-15 10:00:00,13811.98
Solar,2025-12-15 11:00:00,14944.68
Solar,2025-12-15 12:00:00,12272.8
Solar,2025-12-15 13:00:00,6992.94
Solar,2025-12-15 14:00:00,1829.68
Solar,2025-12-15 15:00:00,73.18
Solar,2025-12-15 16:00:00,26.72
Solar,2025-12-15 17:00:00,20.15
Solar,2025-12-15 18:00:00,11.42
Solar,2025-12-15 19:00:00,8.63
Solar,2025-12-15 20:00:00,6.63
Solar,2025-12-15 21:00:00,5.51
Solar,2025-12-15 22:00:00,5.6
Solar,2025-12-15 23:00:00,5.42
Solar,2025-12-16 00:00:00,5.53
Solar,2025-12-16 01:00:00,5.52
Solar,2025-12-16 02:00:00,6.03
Solar,2025-12-16 03:00:00,6.28
Solar,2025-12-16 04:00:00,6.16
Solar,2025-12-16 05:00:00,7.65
Solar,2025-12-16 06:00:00,17.28
Solar,2025-12-16 07:00:00,558.66
Solar,2025-12-16 08:00:00,4102.75
Solar,2025-12-16 09:00:00,9152.15
Solar,2025-12-16 10:00:00,12625.17
Solar,2025-12-16 11:00:00,13030.81
Solar,2025-12-16 12:00:00,9941.66
Solar,2025-12-16 13:00:00,5362.59
Solar,2025-12-16 14:00:00,1409.64
Solar,2025-12-16 15:00:00,55.94
Solar,2025-12-16 16:00:00,30.89
Solar,2025-12-16 17:00:00,26.69
Solar,2025-12-16 18:00:00,13.84
Solar,2025-12-16 19:00:00,9.76
Solar,2025-12-16 20:00:00,7.3
Solar,2025-12-16 21:00:00,6.08
Solar,2025-12-16 22:00:00,5.99
Solar,2025-12-16 23:00:00,5.11
Solar,2025-12-17 00:00:00,5.03
Solar,2025-12-17 01:00:00,5.03
Solar,2025-12-17 02:00:00,5.49
Solar,2025-12-17 03:00:00,5.53
Solar,2025-12-17 04:00:00,5.16
Solar,2025-12-17 05:00:00,7.49
Solar,2025-12-17 06:00:00,16.23
Solar,2025-12-17 07:00:00,433.62
Solar,2025-12-17 08:00:00,3579.75
Solar,2025-12-17 09:00:00,8058.55
Solar,2025-12-17 10:00:00,11343.44
Solar,2025-12-17 11:00:00,12089.68
Solar,2025-12-17 12:00:00,9690.13
Solar,2025-12-17 13:00:00,5480.08
Solar,2025-12-17 14:00:00,1477.87
Solar,2025-12-17 15:00:00,62.08
Solar,2025-12-17 16:00:00,32.29
Solar,2025-12-17 17:00:00,16.2
Solar,2025-12-17 18:00:00,13.06
Solar,2025-12-17 19:00:00,8.93
Solar,2025-12-17 20:00:00,6.89
Solar,2025-12-17 21:00:00,5.76
Solar,2025-12-17 22:00:00,6.7
Solar,2025-12-17 23:00:00,6.49
Solar,2025-12-18 00:00:00,7.76
Solar,2025-12-18 01:00:00,8.79
Solar,2025-12-18 02:00:00,8.74
Solar,2025-12-18 03:00:00,9.34
Solar,2025-12-18 04:00:00,8.62
Solar,2025-12-18 05:00:00,9.49
Solar,2025-12-18 06:00:00,16.22
Solar,2025-12-18 07:00:00,893.27
Solar,2025-12-18 08:00:00,5439.86
Solar,2025-12-18 09:00:00,10696.13
Solar,2025-12-18 10:00:00,14693.94
Solar,2025-12-18 11:00:00,15944.94
Solar,2025-12-18 12:00:00,13792.85
Solar,2025-12-18 13:00:00,8784.53
Solar,2025-12-18 14:00:00,2782.69
Solar,2025-12-18 15:00:00,129.19
Solar,2025-12-18 16:00:00,33.24
Solar,2025-12-18 17:00:00,20.88
Solar,2025-12-18 18:00:00,15.75
Solar,2025-12-18 19:00:00,12.77
Solar,2025-12-18 20:00:00,11.66
Solar,2025-12-18 21:00:00,11.13
Solar,2025-12-18 22:00:00,11.06
Solar,2025-12-18 23:00:00,10.71
Solar,2025-12-19 00:00:00,11.02
Solar,2025-12-19 01:00:00,10.43
Solar,2025-12-19 02:00:00,10.88
Solar,2025-12-19 03:00:00,10.39
Solar,2025-12-19 04:00:00,10.22
Solar,2025-12-19 05:00:00,9.56
Solar,2025-12-19 06:00:00,14.77
Solar,2025-12-19 07:00:00,662.96
Solar,2025-12-19 08:00:00,3355.3
Solar,2025-12-19 09:00:00,5676.84
Solar,2025-12-19 10:00:00,6762.69
Solar,2025-12-19 11:00:00,6270.13
Solar,2025-12-19 12:00:00,4694.76
Solar,2025-12-19 13:00:00,2644.85
Solar,2025-12-19 14:00:00,706.47
Solar,2025-12-19 15:00:00,49.43
Solar,2025-12-19 16:00:00,65.91
Solar,2025-12-19 17:00:00,33.29
Solar,2025-12-19 18:00:00,16.4
Solar,2025-12-19 19:00:00,10.78
Solar,2025-12-19 20:00:00,8.63
Solar,2025-12-19 21:00:00,7.27
Solar,2025-12-19 22:00:00,6.75
Solar,2025-12-19 23:00:00,6.66
Solar,2025-12-20 00:00:00,6.07
Solar,2025-12-20 01:00:00,6.36
Solar,2025-12-20 02:00:00,6.88
Solar,2025-12-20 03:00:00,6.7
Solar,2025-12-20 04:00:00,6.99
Solar,2025-12-20 05:00:00,7.56
Solar,2025-12-20 06:00:00,13.64
Solar,2025-12-20 07:00:00,580.37
Solar,2025-12-20 08:00:00,3557.47
Solar,2025-12-20 09:00:00,7134.17
Solar,2025-12-20 10:00:00,9559.15
Solar,2025-12-20 11:00:00,10121.18
Solar,2025-12-20 12:00:00,8562.12
Solar,2025-12-20 13:00:00,5263.11
Solar,2025-12-20 14:00:00,1653.93
Solar,2025-12-20 15:00:00,87.57
Solar,2025-12-20 16:00:00,60.08
Solar,2025-12-20 17:00:00,39.14
Solar,2025-12-20 18:00:00,21.48
Solar,2025-12-20 19:00:00,12.76
Solar,2025-12-20 20:00:00,8.64
Solar,2025-12-20 21:00:00,10.94
Solar,2025-12-20 22:00:00,6.1
Solar,2025-12-20 23:00:00,6.25
Solar,2025-12-21 00:00:00,6.5
Solar,2025-12-21 01:00:00,6.97
Solar,2025-12-21 02:00:00,7.57
Solar,2025-12-21 03:00:00,6.6
Solar,2025-12-21 04:00:00,6.01
Solar,2025-12-21 05:00:00,7.19
Solar,2025-12-21 06:00:00,12.91
Solar,2025-12-21 07:00:00,572.26
Solar,2025-12-21 08:00:00,3653.71
Solar,2025-12-21 09:00:00,7613.24
Solar,2025-12-21 10:00:00,10893.69
Solar,2025-12-21 11:00:00,12264.11
Solar,2025-12-21 12:00:00,10866.44
Solar,2025-12-21 13:00:00,6966.28
Solar,2025-12-21 14:00:00,2292.4
Solar,2025-12-21 15:00:00,106.59
Solar,2025-12-21 16:00:00,38.68
Solar,2025-12-21 17:00:00,20.01
Solar,2025-12-21 18:00:00,13.72
Solar,2025-12-21 19:00:00,10.95
Solar,2025-12-21 20:00:00,9.61
Solar,2025-12-21 21:00:00,7.01
Solar,2025-12-21 22:00:00,6.74
Solar,2025-12-21 23:00:00,9.23
Solar,2025-12-22 00:00:00,8.01
Solar,2025-12-22 01:00:00,8.67
Solar,2025-12-22 02:00:00,8.02
Solar,2025-12-22 03:00:00,8.09
Solar,2025-12-22 04:00:00,8.8
Solar,2025-12-22 05:00:00,9.79
Solar,2025-12-22 06:00:00,15.03
Solar,2025-12-22 07:00:00,235.18
Solar,2025-12-22 08:00:00,1689.07
Solar,2025-12-22 09:00:00,3438.11
Solar,2025-12-22 10:00:00,4595.25
Solar,2025-12-22 11:00:00,4797.74
Solar,2025-12-22 12:00:00,4113.89
Solar,2025-12-22 13:00:00,2586.29
Solar,2025-12-22 14:00:00,891.89
Solar,2025-12-22 15:00:00,58.49
Solar,2025-12-22 16:00:00,47.36
Solar,2025-12-22 17:00:00,26.29
Solar,2025-12-22 18:00:00,13.81
Solar,2025-12-22 19:00:00,9.98
Solar,2025-12-22 20:00:00,7.93
Solar,2025-12-22 21:00:00,6.95
Solar,2025-12-22 22:00:00,7.33
Solar,2025-12-22 23:00:00,7.41
Solar,2025-12-23 00:00:00,7.89
Solar,2025-12-23 01:00:00,8.26
Solar,2025-12-23 02:00:00,8.52
Solar,2025-12-23 03:00:00,9.19
Solar,2025-12-23 04:00:00,8.99
Solar,2025-12-23 05:00:00,9.53
Solar,2025-12-23 06:00:00,23.42
Solar,2025-12-23 07:00:00,118.14
Solar,2025-12-23 08:00:00,952.88
Solar,2025-12-23 09:00:00,2318.09
Solar,2025-12-23 10:00:00,3519.3
Solar,2025-12-23 11:00:00,3829.21
Solar,2025-12-23 12:00:00,3303.97
Solar,2025-12-23 13:00:00,1917.83
Solar,2025-12-23 14:00:00,466.34
Solar,2025-12-23 15:00:00,41.2
Solar,2025-12-23 16:00:00,26.65
Solar,2025-12-23 17:00:00,22.16
Solar,2025-12-23 18:00:00,16.75
Solar,2025-12-23 19:00:00,14.61
Solar,2025-12-23 20:00:00,12.53
Solar,2025-12-23 21:00:00,11.42
Solar,2025-12-23 22:00:00,11.42
Solar,2025-12-23 23:00:00,15.13
Solar,2025-12-24 00:00:00,11.98
Solar,2025-12-24 01:00:00,11.84
Solar,2025-12-24 02:00:00,11.51
Solar,2025-12-24 03:00:00,11.98
Solar,2025-12-24 04:00:00,12.27
Solar,2025-12-24 05:00:00,14.01
Solar,2025-12-24 06:00:00,17.51
Solar,2025-12-24 07:00:00,170.08
Solar,2025-12-24 08:00:00,1819.18
Solar,2025-12-24 09:00:00,4447.36
Solar,2025-12-24 10:00:00,6781.06
Solar,2025-12-24 11:00:00,8115.08
Solar,2025-12-24 12:00:00,7213.04
Solar,2025-12-24 13:00:00,4481.34
Solar,2025-12-24 14:00:00,1275.84
Solar,2025-12-24 15:00:00,70.68
Solar,2025-12-24 16:00:00,45.04
Solar,2025-12-24 17:00:00,23.03
Solar,2025-12-24 18:00:00,17.43
Solar,2025-12-24 19:00:00,13.46
Solar,2025-12-24 20:00:00,12.05
Solar,2025-12-24 21:00:00,11.9
Solar,2025-12-24 22:00:00,14.92
Solar,2025-12-24 23:00:00,12.27
Solar,2025-12-25 00:00:00,13.98
Solar,2025-12-25 01:00:00,11.76
Solar,2025-12-25 02:00:00,11.92
Solar,2025-12-25 03:00:00,11.8
Solar,2025-12-25 04:00:00,11.27
Solar,2025-12-25 05:00:00,11.85
Solar,2025-12-25 06:00:00,18.61
Solar,2025-12-25 07:00:00,549.37
Solar,2025-12-25 08:00:00,4569.79
Solar,2025-12-25 09:00:00,10869.83
Solar,2025-12-25 10:00:00,16219.36
Solar,2025-12-25 11:00:00,18278.93
Solar,2025-12-25 12:00:00,16211.52
Solar,2025-12-25 13:00:00,10407.28
Solar,2025-12-25 14:00:00,3247.57
Solar,2025-12-25 15:00:00,176.11
Solar,2025-12-25 16:00:00,45.79
Solar,2025-12-25 17:00:00,48.36
Solar,2025-12-25 18:00:00,27.15
Solar,2025-12-25 19:00:00,14.18
Solar,2025-12-25 20:00:00,15.66
Solar,2025-12-25 21:00:00,16.87
Solar,2025-12-25 22:00:00,11.82
Solar,2025-12-25 23:00:00,12.68
Solar,2025-12-26 00:00:00,8.71
Solar,2025-12-26 01:00:00,10.68
Solar,2025-12-26 02:00:00,9.73
Solar,2025-12-26 03:00:00,8.71
Solar,2025-12-26 04:00:00,9.51
Solar,2025-12-26 05:00:00,10.58
Solar,2025-12-26 06:00:00,16.42
Solar,2025-12-26 07:00:00,545.49
Solar,2025-12-26 08:00:00,4579.03
Solar,2025-12-26 09:00:00,10869.13
Solar,2025-12-26 10:00:00,15766.02
Solar,2025-12-26 11:00:00,17321.6
Solar,2025-12-26 12:00:00,15096.51
Solar,2025-12-26 13:00:00,9798.44
Solar,2025-12-26 14:00:00,3174.66
Solar,2025-12-26 15:00:00,159.43
Solar,2025-12-26 16:00:00,61.03
Solar,2025-12-26 17:00:00,55.97
Solar,2025-12-26 18:00:00,42.88
Solar,2025-12-26 19:00:00,27.98
Solar,2025-12-26 20:00:00,12.54
Solar,2025-12-26 21:00:00,12.36
Solar,2025-12-26 22:00:00,9.27
Solar,2025-12-26 23:00:00,9.13
Solar,2025-12-27 00:00:00,9.55
Solar,2025-12-27 01:00:00,10.26
Solar,2025-12-27 02:00:00,8.94
Solar,2025-12-27 03:00:00,8.74
Solar,2025-12-27 04:00:00,9.42
Solar,2025-12-27 05:00:00,9.93
Solar,2025-12-27 06:00:00,13.08
Solar,2025-12-27 07:00:00,697.72
Solar,2025-12-27 08:00:00,5018.14
Solar,2025-12-27 09:00:00,10743.4
Solar,2025-12-27 10:00:00,14823.04
Solar,2025-12-27 11:00:00,15939.97
Solar,2025-12-27 12:00:00,13623.11
Solar,2025-12-27 13:00:00,8726.31
Solar,2025-12-27 14:00:00,3008.31
Solar,2025-12-27 15:00:00,195.07
Solar,2025-12-27 16:00:00,56.01
Solar,2025-12-27 17:00:00,49.1
Solar,2025-12-27 18:00:00,15.9
Solar,2025-12-27 19:00:00,10.7
Solar,2025-12-27 20:00:00,9.1
Solar,2025-12-27 21:00:00,8.34
Solar,2025-12-27 22:00:00,7.02
Solar,2025-12-27 23:00:00,7.11
Solar,2025-12-28 00:00:00,8.23
Solar,2025-12-28 01:00:00,7.79
Solar,2025-12-28 02:00:00,7.69
Solar,2025-12-28 03:00:00,6.87
Solar,2025-12-28 04:00:00,7.58
Solar,2025-12-28 05:00:00,10.91
Solar,2025-12-28 06:00:00,17.76
Solar,2025-12-28 07:00:00,621.35
Solar,2025-12-28 08:00:00,5300.97
Solar,2025-12-28 09:00:00,11786.76
Solar,2025-12-28 10:00:00,16315.9
Solar,2025-12-28 11:00:00,17546.13
Solar,2025-12-28 12:00:00,15472.63
Solar,2025-12-28 13:00:00,10137.85
Solar,2025-12-28 14:00:00,3438.44
Solar,2025-12-28 15:00:00,176.69
Solar,2025-12-28 16:00:00,74.12
Solar,2025-12-28 17:00:00,32.45
Solar,2025-12-28 18:00:00,12.13
Solar,2025-12-28 19:00:00,22.03
Solar,2025-12-28 20:00:00,9.11
Solar,2025-12-28 21:00:00,8.99
Solar,2025-12-28 22:00:00,7.56
Solar,2025-12-28 23:00:00,7.16
Solar,2025-12-29 00:00:00,6.39
Solar,2025-12-29 01:00:00,5.57
Solar,2025-12-29 02:00:00,5.49
Solar,2025-12-29 03:00:00,4.93
Solar,2025-12-29 04:00:00,5.91
Solar,2025-12-29 05:00:00,7.18
Solar,2025-12-29 06:00:00,10.0
Solar,2025-12-29 07:00:00,407.14
Solar,2025-12-29 08:00:00,3415.97
Solar,2025-12-29 09:00:00,7325.31
Solar,2025-12-29 10:00:00,9837.15
Solar,2025-12-29 11:00:00,10485.36
Solar,2025-12-29 12:00:00,8998.28
Solar,2025-12-29 13:00:00,5767.42
Solar,2025-12-29 14:00:00,2028.32
Solar,2025-12-29 15:00:00,123.65
Solar,2025-12-29 16:00:00,38.11
Solar,2025-12-29 17:00:00,28.63
Solar,2025-12-29 18:00:00,32.12
Solar,2025-12-29 19:00:00,11.33
Solar,2025-12-29 20:00:00,9.86
Solar,2025-12-29 21:00:00,10.57
Solar,2025-12-29 22:00:00,10.42
Solar,2025-12-29 23:00:00,10.57
Solar,2025-12-30 00:00:00,11.17
Solar,2025-12-30 01:00:00,10.71
Solar,2025-12-30 02:00:00,10.63
Solar,2025-12-30 03:00:00,10.28
Solar,2025-12-30 04:00:00,7.89
Solar,2025-12-30 05:00:00,6.93
Solar,2025-12-30 06:00:00,10.94
Solar,2025-12-30 07:00:00,300.61
Solar,2025-12-30 08:00:00,3517.07
Solar,2025-12-30 09:00:00,9628.95
Solar,2025-12-30 10:00:00,15205.74
Solar,2025-12-30 11:00:00,16771.42
Solar,2025-12-30 12:00:00,14353.31
Solar,2025-12-30 13:00:00,9306.63
Solar,2025-12-30 14:00:00,3159.24
Solar,2025-12-30 15:00:00,208.03
Solar,2025-12-30 16:00:00,75.35
Solar,2025-12-30 17:00:00,46.86
Solar,2025-12-30 18:00:00,37.28
Solar,2025-12-30 19:00:00,25.64
Solar,2025-12-30 20:00:00,12.89
Solar,2025-12-30 21:00:00,17.4
Solar,2025-12-30 22:00:00,9.23
Solar,2025-12-30 23:00:00,9.55
Solar,2025-12-31 00:00:00,9.7
Solar,2025-12-31 01:00:00,9.88
Solar,2025-12-31 02:00:00,10.07
Solar,2025-12-31 03:00:00,9.94
Solar,2025-12-31 04:00:00,10.14
Solar,2025-12-31 05:00:00,10.7
Solar,2025-12-31 06:00:00,15.21
Solar,2025-12-31 07:00:00,432.9
Solar,2025-12-31 08:00:00,2730.63
Solar,2025-12-31 09:00:00,5800.09
Solar,2025-12-31 10:00:00,8400.28
Solar,2025-12-31 11:00:00,9107.52
Solar,2025-12-31 12:00:00,8251.03
Solar,2025-12-31 13:00:00,5743.14
Solar,2025-12-31 14:00:00,2193.68
Solar,2025-12-31 15:00:00,158.08
Solar,2025-12-31 16:00:00,69.88
Solar,2025-12-31 17:00:00,58.56
Solar,2025-12-31 18:00:00,18.45
Solar,2025-12-31 19:00:00,16.19
Solar,2025-12-31 20:00:00,12.07
Solar,2025-12-31 21:00:00,13.95
Solar,2025-12-31 22:00:00,12.55
Solar,2025-12-31 23:00:00,15.76
Solar,2026-01-01 00:00:00,15.14
Solar,2026-01-01 01:00:00,15.06
Solar,2026-01-01 02:00:00,16.13
Solar,2026-01-01 03:00:00,12.63
Solar,2026-01-01 04:00:00,12.55
Solar,2026-01-01 05:00:00,12.58
Solar,2026-01-01 06:00:00,16.81
Solar,2026-01-01 07:00:00,454.76
Solar,2026-01-01 08:00:00,3061.43
Solar,2026-01-01 09:00:00,5952.41
Solar,2026-01-01 10:00:00,8130.11
Solar,2026-01-01 11:00:00,8650.56
Solar,2026-01-01 12:00:00,7389.41
Solar,2026-01-01 13:00:00,4610.75
Solar,2026-01-01 14:00:00,1727.12
Solar,2026-01-01 15:00:00,136.12
Solar,2026-01-01 16:00:00,32.83
Solar,2026-01-01 17:00:00,31.75
Solar,2026-01-01 18:00:00,28.87
Solar,2026-01-01 19:00:00,19.82
Solar,2026-01-01 20:00:00,15.11
Solar,2026-01-01 21:00:00,23.28
Solar,2026-01-01 22:00:00,14.08
Solar,2026-01-01 23:00:00,15.94
Solar,2026-01-02 00:00:00,13.09
Solar,2026-01-02 01:00:00,12.97
Solar,2026-01-02 02:00:00,12.95
Solar,2026-01-02 03:00:00,12.59
Solar,2026-01-02 04:00:00,12.58
Solar,2026-01-02 05:00:00,14.08
Solar,2026-01-02 06:00:00,21.03
Solar,2026-01-02 07:00:00,157.07
Solar,2026-01-02 08:00:00,1316.83
Solar,2026-01-02 09:00:00,2915.37
Solar,2026-01-02 10:00:00,4649.08
Solar,2026-01-02 11:00:00,5115.74
Solar,2026-01-02 12:00:00,4752.03
Solar,2026-01-02 13:00:00,3509.58
Solar,2026-01-02 14:00:00,1473.91
Solar,2026-01-02 15:00:00,131.02
Solar,2026-01-02 16:00:00,36.01
Solar,2026-01-02 17:00:00,26.75
Solar,2026-01-02 18:00:00,20.13
Solar,2026-01-02 19:00:00,15.77
Solar,2026-01-02 20:00:00,14.41
Solar,2026-01-02 21:00:00,14.8
Solar,2026-01-02 22:00:00,14.29
Solar,2026-01-02 23:00:00,14.22
Solar,2026-01-03 00:00:00,13.91
Solar,2026-01-03 01:00:00,12.89
Solar,2026-01-03 02:00:00,13.08
Solar,2026-01-03 03:00:00,13.11
Solar,2026-01-03 04:00:00,12.77
Solar,2026-01-03 05:00:00,13.68
Solar,2026-01-03 06:00:00,18.45
Solar,2026-01-03 07:00:00,168.48
Solar,2026-01-03 08:00:00,1273.49
Solar,2026-01-03 09:00:00,3265.08
Solar,2026-01-03 10:00:00,5665.12
Solar,2026-01-03 11:00:00,7086.35
Solar,2026-01-03 12:00:00,6755.52
Solar,2026-01-03 13:00:00,4688.1
Solar,2026-01-03 14:00:00,1703.27
Solar,2026-01-03 15:00:00,117.82
Solar,2026-01-03 16:00:00,51.66
Solar,2026-01-03 17:00:00,50.35
Solar,2026-01-03 18:00:00,20.17
Solar,2026-01-03 19:00:00,21.47
Solar,2026-01-03 20:00:00,26.67
Solar,2026-01-03 21:00:00,14.61
Solar,2026-01-03 22:00:00,14.06
Solar,2026-01-03 23:00:00,14.81
Solar,2026-01-04 00:00:00,13.35
Solar,2026-01-04 01:00:00,12.98
Solar,2026-01-04 02:00:00,12.43
Solar,2026-01-04 03:00:00,14.77
Solar,2026-01-04 04:00:00,13.09
Solar,2026-01-04 05:00:00,13.84
Solar,2026-01-04 06:00:00,18.48
Solar,2026-01-04 07:00:00,317.42
Solar,2026-01-04 08:00:00,1976.37
Solar,2026-01-04 09:00:00,4329.38
Solar,2026-01-04 10:00:00,6896.94
Solar,2026-01-04 11:00:00,8528.41
Solar,2026-01-04 12:00:00,7935.41
Solar,2026-01-04 13:00:00,5288.8
Solar,2026-01-04 14:00:00,2043.0
Solar,2026-01-04 15:00:00,166.73
Solar,2026-01-04 16:00:00,33.3
Solar,2026-01-04 17:00:00,25.44
Solar,2026-01-04 18:00:00,18.12
Solar,2026-01-04 19:00:00,14.82
Solar,2026-01-04 20:00:00,13.92
Solar,2026-01-04 21:00:00,13.99
Solar,2026-01-04 22:00:00,13.55
Solar,2026-01-04 23:00:00,13.13
Solar,2026-01-05 00:00:00,12.33
Solar,2026-01-05 01:00:00,11.62
Solar,2026-01-05 02:00:00,11.61
Solar,2026-01-05 03:00:00,11.82
Solar,2026-01-05 04:00:00,11.67
Solar,2026-01-05 05:00:00,12.69
Solar,2026-01-05 06:00:00,37.9
Solar,2026-01-05 07:00:00,288.92
Solar,2026-01-05 08:00:00,2218.98
Solar,2026-01-05 09:00:00,5048.64
Solar,2026-01-05 10:00:00,7720.15
Solar,2026-01-05 11:00:00,8964.22
Solar,2026-01-05 12:00:00,8317.34
Solar,2026-01-05 13:00:00,6049.3
Solar,2026-01-05 14:00:00,2619.22
Solar,2026-01-05 15:00:00,210.43
Solar,2026-01-05 16:00:00,119.68
Solar,2026-01-05 17:00:00,73.7
Solar,2026-01-05 18:00:00,28.49
Solar,2026-01-05 19:00:00,15.51
Solar,2026-01-05 20:00:00,13.22
Solar,2026-01-05 21:00:00,13.28
Solar,2026-01-05 22:00:00,14.95
Solar,2026-01-05 23:00:00,12.32
Solar,2026-01-06 00:00:00,13.3
Solar,2026-01-06 01:00:00,11.79
Solar,2026-01-06 02:00:00,11.91
Solar,2026-01-06 03:00:00,11.76
Solar,2026-01-06 04:00:00,12.18
Solar,2026-01-06 05:00:00,12.57
Solar,2026-01-06 06:00:00,17.01
Solar,2026-01-06 07:00:00,273.87
Solar,2026-01-06 08:00:00,1783.7
Solar,2026-01-06 09:00:00,3907.89
Solar,2026-01-06 10:00:00,5637.7
Solar,2026-01-06 11:00:00,5981.36
Solar,2026-01-06 12:00:00,5115.05
Solar,2026-01-06 13:00:00,3125.89
Solar,2026-01-06 14:00:00,1014.91
Solar,2026-01-06 15:00:00,131.96
Solar,2026-01-06 16:00:00,64.66
Solar,2026-01-06 17:00:00,45.76
Solar,2026-01-06 18:00:00,22.41
Solar,2026-01-06 19:00:00,15.95
Solar,2026-01-06 20:00:00,13.63
Solar,2026-01-06 21:00:00,13.47
Solar,2026-01-06 22:00:00,13.54
Solar,2026-01-06 23:00:00,13.66
Solar,2026-01-07 00:00:00,13.82
Solar,2026-01-07 01:00:00,14.31
Solar,2026-01-07 02:00:00,13.61
Solar,2026-01-07 03:00:00,12.81
Solar,2026-01-07 04:00:00,12.18
Solar,2026-01-07 05:00:00,13.42
Solar,2026-01-07 06:00:00,17.44
Solar,2026-01-07 07:00:00,272.17
Solar,2026-01-07 08:00:00,2348.21
Solar,2026-01-07 09:00:00,6028.13
Solar,2026-01-07 10:00:00,9938.02
Solar,2026-01-07 11:00:00,11921.44
Solar,2026-01-07 12:00:00,10911.34
Solar,2026-01-07 13:00:00,7514.81
Solar,2026-01-07 14:00:00,2879.06
Solar,2026-01-07 15:00:00,198.86
Solar,2026-01-07 16:00:00,34.88
Solar,2026-01-07 17:00:00,28.08
Solar,2026-01-07 18:00:00,17.9
Solar,2026-01-07 19:00:00,14.08
Solar,2026-01-07 20:00:00,12.75
Solar,2026-01-07 21:00:00,12.73
Solar,2026-01-07 22:00:00,12.62
Solar,2026-01-07 23:00:00,12.69
Solar,2026-01-08 00:00:00,13.0
Solar,2026-01-08 01:00:00,12.43
Solar,2026-01-08 02:00:00,12.45
Solar,2026-01-08 03:00:00,11.8
Solar,2026-01-08 04:00:00,11.31
Solar,2026-01-08 05:00:00,11.84
Solar,2026-01-08 06:00:00,16.33
Solar,2026-01-08 07:00:00,132.02
Solar,2026-01-08 08:00:00,838.77
Solar,2026-01-08 09:00:00,1827.98
Solar,2026-01-08 10:00:00,2844.87
Solar,2026-01-08 11:00:00,3513.15
Solar,2026-01-08 12:00:00,3328.36
Solar,2026-01-08 13:00:00,2322.62
Solar,2026-01-08 14:00:00,870.78
Solar,2026-01-08 15:00:00,89.37
Solar,2026-01-08 16:00:00,74.06
Solar,2026-01-08 17:00:00,39.41
Solar,2026-01-08 18:00:00,17.55
Solar,2026-01-08 19:00:00,13.68
Solar,2026-01-08 20:00:00,13.29
Solar,2026-01-08 21:00:00,13.68
Solar,2026-01-08 22:00:00,13.41
Solar,2026-01-08 23:00:00,14.51
Solar,2026-01-09 00:00:00,13.29
Solar,2026-01-09 01:00:00,13.58
Solar,2026-01-09 02:00:00,14.09
Solar,2026-01-09 03:00:00,13.8
Solar,2026-01-09 04:00:00,13.1
Solar,2026-01-09 05:00:00,13.18
Solar,2026-01-09 06:00:00,17.66
Solar,2026-01-09 07:00:00,277.82
Solar,2026-01-09 08:00:00,1860.31
Solar,2026-01-09 09:00:00,3815.86
Solar,2026-01-09 10:00:00,5421.28
Solar,2026-01-09 11:00:00,5815.07
Solar,2026-01-09 12:00:00,4956.09
Solar,2026-01-09 13:00:00,3341.04
Solar,2026-01-09 14:00:00,1525.46
Solar,2026-01-09 15:00:00,181.41
Solar,2026-01-09 16:00:00,39.99
Solar,2026-01-09 17:00:00,28.78
Solar,2026-01-09 18:00:00,17.38
Solar,2026-01-09 19:00:00,15.12
Solar,2026-01-09 20:00:00,12.34
Solar,2026-01-09 21:00:00,14.14
Solar,2026-01-09 22:00:00,13.46
Solar,2026-01-09 23:00:00,10.37
Solar,2026-01-10 00:00:00,10.28
Solar,2026-01-10 01:00:00,9.81
Solar,2026-01-10 02:00:00,10.95
Solar,2026-01-10 03:00:00,11.96
Solar,2026-01-10 04:00:00,12.23
Solar,2026-01-10 05:00:00,13.69
Solar,2026-01-10 06:00:00,18.34
Solar,2026-01-10 07:00:00,135.87
Solar,2026-01-10 08:00:00,959.48
Solar,2026-01-10 09:00:00,2156.17
Solar,2026-01-10 10:00:00,3241.26
Solar,2026-01-10 11:00:00,3993.98
Solar,2026-01-10 12:00:00,4050.18
Solar,2026-01-10 13:00:00,2919.22
Solar,2026-01-10 14:00:00,1166.03
Solar,2026-01-10 15:00:00,108.76
Solar,2026-01-10 16:00:00,49.94
Solar,2026-01-10 17:00:00,32.53
Solar,2026-01-10 18:00:00,19.73
Solar,2026-01-10 19:00:00,13.36
Solar,2026-01-10 20:00:00,12.63
Solar,2026-01-10 21:00:00,12.74
Solar,2026-01-10 22:00:00,13.72
Solar,2026-01-10 23:00:00,101.37
Solar,2026-01-11 00:00:00,13.17
Solar,2026-01-11 01:00:00,11.86
Solar,2026-01-11 02:00:00,12.33
Solar,2026-01-11 03:00:00,13.34
Solar,2026-01-11 04:00:00,13.54
Solar,2026-01-11 05:00:00,14.48
Solar,2026-01-11 06:00:00,19.59
Solar,2026-01-11 07:00:00,211.62
Solar,2026-01-11 08:00:00,1837.36
Solar,2026-01-11 09:00:00,4431.51
Solar,2026-01-11 10:00:00,6811.46
Solar,2026-01-11 11:00:00,8093.56
Solar,2026-01-11 12:00:00,7680.92
Solar,2026-01-11 13:00:00,5314.33
Solar,2026-01-11 14:00:00,1951.03
Solar,2026-01-11 15:00:00,144.59
Solar,2026-01-11 16:00:00,33.12
Solar,2026-01-11 17:00:00,27.73
Solar,2026-01-11 18:00:00,20.03
Solar,2026-01-11 19:00:00,14.53
Solar,2026-01-11 20:00:00,13.61
Solar,2026-01-11 21:00:00,13.97
Solar,2026-01-11 22:00:00,13.68
Solar,2026-01-11 23:00:00,43.49
Solar,2026-01-12 00:00:00,13.49
Solar,2026-01-12 01:00:00,11.89
Solar,2026-01-12 02:00:00,11.82
Solar,2026-01-12 03:00:00,11.75
Solar,2026-01-12 04:00:00,10.9
Solar,2026-01-12 05:00:00,11.27
Solar,2026-01-12 06:00:00,32.06
Solar,2026-01-12 07:00:00,123.38
Solar,2026-01-12 08:00:00,606.38
Solar,2026-01-12 09:00:00,1328.45
Solar,2026-01-12 10:00:00,2073.02
Solar,2026-01-12 11:00:00,2402.61
Solar,2026-01-12 12:00:00,2265.04
Solar,2026-01-12 13:00:00,1591.11
Solar,2026-01-12 14:00:00,639.49
Solar,2026-01-12 15:00:00,91.3
Solar,2026-01-12 16:00:00,34.15
Solar,2026-01-12 17:00:00,23.78
Solar,2026-01-12 18:00:00,17.63
Solar,2026-01-12 19:00:00,14.02
Solar,2026-01-12 20:00:00,13.53
Solar,2026-01-12 21:00:00,13.12
Solar,2026-01-12 22:00:00,12.93
Solar,2026-01-12 23:00:00,13.47
Solar,2026-01-13 00:00:00,13.41
Solar,2026-01-13 01:00:00,12.28
Solar,2026-01-13 02:00:00,12.06
Solar,2026-01-13 03:00:00,11.99
Solar,2026-01-13 04:00:00,11.58
Solar,2026-01-13 05:00:00,12.71
Solar,2026-01-13 06:00:00,18.85
Solar,2026-01-13 07:00:00,246.55
Solar,2026-01-13 08:00:00,1744.46
Solar,2026-01-13 09:00:00,4161.67
Solar,2026-01-13 10:00:00,6737.95
Solar,2026-01-13 11:00:00,8192.68
Solar,2026-01-13 12:00:00,7654.67
Solar,2026-01-13 13:00:00,5820.7
Solar,2026-01-13 14:00:00,2943.44
Solar,2026-01-13 15:00:00,438.43
Solar,2026-01-13 16:00:00,35.18
Solar,2026-01-13 17:00:00,24.06
Solar,2026-01-13 18:00:00,15.09
Solar,2026-01-13 19:00:00,12.42
Solar,2026-01-13 20:00:00,10.54
Solar,2026-01-13 21:00:00,11.15
Solar,2026-01-13 22:00:00,11.09
Solar,2026-01-13 23:00:00,11.09
Solar,2026-01-14 00:00:00,11.81
Solar,2026-01-14 01:00:00,11.49
Solar,2026-01-14 02:00:00,11.63
Solar,2026-01-14 03:00:00,11.78
Solar,2026-01-14 04:00:00,12.07
Solar,2026-01-14 05:00:00,12.03
Solar,2026-01-14 06:00:00,15.13
Solar,2026-01-14 07:00:00,402.13
Solar,2026-01-14 08:00:00,2079.08
Solar,2026-01-14 09:00:00,4783.03
Solar,2026-01-14 10:00:00,7683.68
Solar,2026-01-14 11:00:00,9169.59
Solar,2026-01-14 12:00:00,9011.19
Solar,2026-01-14 13:00:00,6466.82
Solar,2026-01-14 14:00:00,2743.03
Solar,2026-01-14 15:00:00,303.09
Solar,2026-01-14 16:00:00,83.65
Solar,2026-01-14 17:00:00,101.66
Solar,2026-01-14 18:00:00,35.54
Solar,2026-01-14 19:00:00,17.11
Solar,2026-01-14 20:00:00,10.45
Solar,2026-01-14 21:00:00,10.85
Solar,2026-01-14 22:00:00,11.81
Solar,2026-01-14 23:00:00,11.9
Solar,2026-01-15 00:00:00,11.75
Solar,2026-01-15 01:00:00,11.77
Solar,2026-01-15 02:00:00,12.26
Solar,2026-01-15 03:00:00,11.91
Solar,2026-01-15 04:00:00,11.93
Solar,2026-01-15 05:00:00,12.77
Solar,2026-01-15 06:00:00,16.88
Solar,2026-01-15 07:00:00,283.94
Solar,2026-01-15 08:00:00,2502.27
Solar,2026-01-15 09:00:00,6461.72
Solar,2026-01-15 10:00:00,11139.0
Solar,2026-01-15 11:00:00,14300.95
Solar,2026-01-15 12:00:00,14095.68
Solar,2026-01-15 13:00:00,10664.59
Solar,2026-01-15 14:00:00,5209.33
Solar,2026-01-15 15:00:00,719.79
Solar,2026-01-15 16:00:00,99.43
Solar,2026-01-15 17:00:00,33.17
Solar,2026-01-15 18:00:00,29.56
Solar,2026-01-15 19:00:00,15.57
Solar,2026-01-15 20:00:00,12.13
Solar,2026-01-15 21:00:00,10.87
Solar,2026-01-15 22:00:00,10.27
Solar,2026-01-15 23:00:00,10.95
Solar,2026-01-16 00:00:00,10.65
Solar,2026-01-16 01:00:00,9.94
Solar,2026-01-16 02:00:00,9.74
Solar,2026-01-16 03:00:00,8.57
Solar,2026-01-16 04:00:00,8.63
Solar,2026-01-16 05:00:00,10.34
Solar,2026-01-16 06:00:00,15.99
Solar,2026-01-16 07:00:00,1103.31
Solar,2026-01-16 08:00:00,6714.58
Solar,2026-01-16 09:00:00,13819.52
Solar,2026-01-16 10:00:00,19125.59
Solar,2026-01-16 11:00:00,20587.95
Solar,2026-01-16 12:00:00,18178.57
Solar,2026-01-16 13:00:00,12717.39
Solar,2026-01-16 14:00:00,5607.21
Solar,2026-01-16 15:00:00,726.45
Solar,2026-01-16 16:00:00,66.8
Solar,2026-01-16 17:00:00,68.33
Solar,2026-01-16 18:00:00,60.57
Solar,2026-01-16 19:00:00,16.94
Solar,2026-01-16 20:00:00,10.61
Solar,2026-01-16 21:00:00,13.36
Solar,2026-01-16 22:00:00,10.79
Solar,2026-01-16 23:00:00,14.68
Solar,2026-01-17 00:00:00,10.58
Solar,2026-01-17 01:00:00,10.51
Solar,2026-01-17 02:00:00,10.68
Solar,2026-01-17 03:00:00,10.71
Solar,2026-01-17 04:00:00,10.86
Solar,2026-01-17 05:00:00,12.46
Solar,2026-01-17 06:00:00,19.89
Solar,2026-01-17 07:00:00,625.76
Solar,2026-01-17 08:00:00,3719.66
Solar,2026-01-17 09:00:00,7976.26
Solar,2026-01-17 10:00:00,11241.21
Solar,2026-01-17 11:00:00,12388.84
Solar,2026-01-17 12:00:00,11099.59
Solar,2026-01-17 13:00:00,7757.5
Solar,2026-01-17 14:00:00,3424.9
Solar,2026-01-17 15:00:00,535.53
Solar,2026-01-17 16:00:00,47.58
Solar,2026-01-17 17:00:00,64.63
Solar,2026-01-17 18:00:00,31.43
Solar,2026-01-17 19:00:00,45.99
Solar,2026-01-17 20:00:00,12.01
Solar,2026-01-17 21:00:00,10.49
Solar,2026-01-17 22:00:00,10.75
Solar,2026-01-17 23:00:00,14.1
Solar,2026-01-18 00:00:00,11.68
Solar,2026-01-18 01:00:00,12.15
Solar,2026-01-18 02:00:00,12.09
Solar,2026-01-18 03:00:00,12.0
Solar,2026-01-18 04:00:00,12.33
Solar,2026-01-18 05:00:00,13.84
Solar,2026-01-18 06:00:00,19.68
Solar,2026-01-18 07:00:00,672.81
Solar,2026-01-18 08:00:00,4258.38
Solar,2026-01-18 09:00:00,9573.44
Solar,2026-01-18 10:00:00,14587.48
Solar,2026-01-18 11:00:00,16981.04
Solar,2026-01-18 12:00:00,16261.37
Solar,2026-01-18 13:00:00,12104.34
Solar,2026-01-18 14:00:00,5619.72
Solar,2026-01-18 15:00:00,690.9
Solar,2026-01-18 16:00:00,33.07
Solar,2026-01-18 17:00:00,26.75
Solar,2026-01-18 18:00:00,20.41
Solar,2026-01-18 19:00:00,13.78
Solar,2026-01-18 20:00:00,11.14
Solar,2026-01-18 21:00:00,10.75
Solar,2026-01-18 22:00:00,11.57
Solar,2026-01-18 23:00:00,15.48
Solar,2026-01-19 00:00:00,13.15
Solar,2026-01-19 01:00:00,12.58
Solar,2026-01-19 02:00:00,12.5
Solar,2026-01-19 03:00:00,12.74
Solar,2026-01-19 04:00:00,13.08
Solar,2026-01-19 05:00:00,14.23
Solar,2026-01-19 06:00:00,58.7
Solar,2026-01-19 07:00:00,1375.98
Solar,2026-01-19 08:00:00,7921.91
Solar,2026-01-19 09:00:00,16541.58
Solar,2026-01-19 10:00:00,22762.37
Solar,2026-01-19 11:00:00,24787.46
Solar,2026-01-19 12:00:00,22682.04
Solar,2026-01-19 13:00:00,16490.55
Solar,2026-01-19 14:00:00,7466.44
Solar,2026-01-19 15:00:00,971.77
Solar,2026-01-19 16:00:00,58.59
Solar,2026-01-19 17:00:00,36.55
Solar,2026-01-19 18:00:00,19.72
Solar,2026-01-19 19:00:00,15.84
Solar,2026-01-19 20:00:00,14.47
Solar,2026-01-19 21:00:00,14.17
Solar,2026-01-19 22:00:00,13.8
Solar,2026-01-19 23:00:00,13.71
Solar,2026-01-20 00:00:00,13.53
Solar,2026-01-20 01:00:00,12.31
Solar,2026-01-20 02:00:00,12.5
Solar,2026-01-20 03:00:00,12.85
Solar,2026-01-20 04:00:00,12.58
Solar,2026-01-20 05:00:00,15.94
Solar,2026-01-20 06:00:00,77.08
Solar,2026-01-20 07:00:00,1716.96
Solar,2026-01-20 08:00:00,9198.11
Solar,2026-01-20 09:00:00,18540.42
Solar,2026-01-20 10:00:00,24988.33
Solar,2026-01-20 11:00:00,27205.51
Solar,2026-01-20 12:00:00,24704.24
Solar,2026-01-20 13:00:00,18018.09
Solar,2026-01-20 14:00:00,8405.82
Solar,2026-01-20 15:00:00,1261.99
Solar,2026-01-20 16:00:00,67.68
Solar,2026-01-20 17:00:00,44.36
Solar,2026-01-20 18:00:00,22.09
Solar,2026-01-20 19:00:00,16.12
Solar,2026-01-20 20:00:00,14.3
Solar,2026-01-20 21:00:00,12.8
Solar,2026-01-20 22:00:00,12.77
Solar,2026-01-20 23:00:00,12.67
Solar,2026-01-21 00:00:00,12.88
Solar,2026-01-21 01:00:00,12.78
Solar,2026-01-21 02:00:00,13.0
Solar,2026-01-21 03:00:00,13.1
Solar,2026-01-21 04:00:00,12.64
Solar,2026-01-21 05:00:00,14.07
Solar,2026-01-21 06:00:00,29.73
Solar,2026-01-21 07:00:00,1745.19
Solar,2026-01-21 08:00:00,9483.21
Solar,2026-01-21 09:00:00,18683.94
Solar,2026-01-21 10:00:00,25023.99
Solar,2026-01-21 11:00:00,26627.11
Solar,2026-01-21 12:00:00,24054.58
Solar,2026-01-21 13:00:00,17467.75
Solar,2026-01-21 14:00:00,8387.4
Solar,2026-01-21 15:00:00,1270.36
Solar,2026-01-21 16:00:00,59.86
Solar,2026-01-21 17:00:00,34.3
Solar,2026-01-21 18:00:00,23.99
Solar,2026-01-21 19:00:00,16.12
Solar,2026-01-21 20:00:00,13.29
Solar,2026-01-21 21:00:00,12.46
Solar,2026-01-21 22:00:00,24.71
Solar,2026-01-21 23:00:00,15.1
Solar,2026-01-22 00:00:00,12.48
Solar,2026-01-22 01:00:00,12.1
Solar,2026-01-22 02:00:00,11.96
Solar,2026-01-22 03:00:00,11.95
Solar,2026-01-22 04:00:00,12.14
Solar,2026-01-22 05:00:00,19.55
Solar,2026-01-22 06:00:00,58.87
Solar,2026-01-22 07:00:00,1314.69
Solar,2026-01-22 08:00:00,7199.99
Solar,2026-01-22 09:00:00,14790.89
Solar,2026-01-22 10:00:00,20325.78
Solar,2026-01-22 11:00:00,22260.45
Solar,2026-01-22 12:00:00,20304.1
Solar,2026-01-22 13:00:00,14538.96
Solar,2026-01-22 14:00:00,6527.35
Solar,2026-01-22 15:00:00,977.13
Solar,2026-01-22 16:00:00,64.56
Solar,2026-01-22 17:00:00,30.62
Solar,2026-01-22 18:00:00,20.86
Solar,2026-01-22 19:00:00,16.05
Solar,2026-01-22 20:00:00,14.52
Solar,2026-01-22 21:00:00,14.23
Solar,2026-01-22 22:00:00,14.34
Solar,2026-01-22 23:00:00,13.81
Solar,2026-01-23 00:00:00,13.67
Solar,2026-01-23 01:00:00,12.42
Solar,2026-01-23 02:00:00,12.46
Solar,2026-01-23 03:00:00,12.67
Solar,2026-01-23 04:00:00,13.25
Solar,2026-01-23 05:00:00,13.78
Solar,2026-01-23 06:00:00,24.22
Solar,2026-01-23 07:00:00,1006.48
Solar,2026-01-23 08:00:00,5471.45
Solar,2026-01-23 09:00:00,11766.4
Solar,2026-01-23 10:00:00,16373.65
Solar,2026-01-23 11:00:00,18033.13
Solar,2026-01-23 12:00:00,16480.09
Solar,2026-01-23 13:00:00,12056.05
Solar,2026-01-23 14:00:00,5895.89
Solar,2026-01-23 15:00:00,1100.13
Solar,2026-01-23 16:00:00,104.69
Solar,2026-01-23 17:00:00,71.72
Solar,2026-01-23 18:00:00,27.11
Solar,2026-01-23 19:00:00,15.02
Solar,2026-01-23 20:00:00,13.76
Solar,2026-01-23 21:00:00,13.92
Solar,2026-01-23 22:00:00,13.39
Solar,2026-01-23 23:00:00,13.88
Solar,2026-01-24 00:00:00,13.3
Solar,2026-01-24 01:00:00,12.39
Solar,2026-01-24 02:00:00,12.01
Solar,2026-01-24 03:00:00,11.67
Solar,2026-01-24 04:00:00,11.58
Solar,2026-01-24 05:00:00,12.62
Solar,2026-01-24 06:00:00,20.23
Solar,2026-01-24 07:00:00,686.37
Solar,2026-01-24 08:00:00,3691.85
Solar,2026-01-24 09:00:00,7781.7
Solar,2026-01-24 10:00:00,11014.84
Solar,2026-01-24 11:00:00,12685.04
Solar,2026-01-24 12:00:00,12236.33
Solar,2026-01-24 13:00:00,9324.24
Solar,2026-01-24 14:00:00,4842.31
Solar,2026-01-24 15:00:00,1071.36
Solar,2026-01-24 16:00:00,90.86
Solar,2026-01-24 17:00:00,62.35
Solar,2026-01-24 18:00:00,31.99
Solar,2026-01-24 19:00:00,16.25
Solar,2026-01-24 20:00:00,14.6
Solar,2026-01-24 21:00:00,14.1
Solar,2026-01-24 22:00:00,14.16
Solar,2026-01-24 23:00:00,14.23
Solar,2026-01-25 00:00:00,14.25
Solar,2026-01-25 01:00:00,13.63
Solar,2026-01-25 02:00:00,12.84
Solar,2026-01-25 03:00:00,12.64
Solar,2026-01-25 04:00:00,12.64
Solar,2026-01-25 05:00:00,13.79
Solar,2026-01-25 06:00:00,18.88
Solar,2026-01-25 07:00:00,486.8
Solar,2026-01-25 08:00:00,2500.42
Solar,2026-01-25 09:00:00,4881.08
Solar,2026-01-25 10:00:00,6591.87
Solar,2026-01-25 11:00:00,7002.52
Solar,2026-01-25 12:00:00,5915.3
Solar,2026-01-25 13:00:00,4075.73
Solar,2026-01-25 14:00:00,2033.18
Solar,2026-01-25 15:00:00,450.87
Solar,2026-01-25 16:00:00,36.07
Solar,2026-01-25 17:00:00,24.15
Solar,2026-01-25 18:00:00,17.6
Solar,2026-01-25 19:00:00,12.96
Solar,2026-01-25 20:00:00,11.62
Solar,2026-01-25 21:00:00,12.16
Solar,2026-01-25 22:00:00,15.23
Solar,2026-01-25 23:00:00,11.52
Solar,2026-01-26 00:00:00,11.1
Solar,2026-01-26 01:00:00,10.19
Solar,2026-01-26 02:00:00,10.0
Solar,2026-01-26 03:00:00,9.94
Solar,2026-01-26 04:00:00,9.99
Solar,2026-01-26 05:00:00,12.37
Solar,2026-01-26 06:00:00,22.51
Solar,2026-01-26 07:00:00,182.77
Solar,2026-01-26 08:00:00,834.27
Solar,2026-01-26 09:00:00,1892.28
Solar,2026-01-26 10:00:00,2812.02
Solar,2026-01-26 11:00:00,3188.26
Solar,2026-01-26 12:00:00,2843.2
Solar,2026-01-26 13:00:00,2157.64
Solar,2026-01-26 14:00:00,1299.46
Solar,2026-01-26 15:00:00,378.84
Solar,2026-01-26 16:00:00,74.03
Solar,2026-01-26 17:00:00,44.49
Solar,2026-01-26 18:00:00,18.9
Solar,2026-01-26 19:00:00,16.05
Solar,2026-01-26 20:00:00,15.86
Solar,2026-01-26 21:00:00,11.76
Solar,2026-01-26 22:00:00,12.17
Solar,2026-01-26 23:00:00,12.12
Solar,2026-01-27 00:00:00,10.64
Solar,2026-01-27 01:00:00,10.0
Solar,2026-01-27 02:00:00,10.36
Solar,2026-01-27 03:00:00,10.56
Solar,2026-01-27 04:00:00,10.38
Solar,2026-01-27 05:00:00,14.25
Solar,2026-01-27 06:00:00,36.09
Solar,2026-01-27 07:00:00,1066.27
Solar,2026-01-27 08:00:00,4310.69
Solar,2026-01-27 09:00:00,7645.31
Solar,2026-01-27 10:00:00,9755.53
Solar,2026-01-27 11:00:00,10120.48
Solar,2026-01-27 12:00:00,8933.64
Solar,2026-01-27 13:00:00,6334.13
Solar,2026-01-27 14:00:00,2767.55
Solar,2026-01-27 15:00:00,513.21
Solar,2026-01-27 16:00:00,37.9
Solar,2026-01-27 17:00:00,30.85
Solar,2026-01-27 18:00:00,18.85
Solar,2026-01-27 19:00:00,14.31
Solar,2026-01-27 20:00:00,15.56
Solar,2026-01-27 21:00:00,13.17
Solar,2026-01-27 22:00:00,11.27
Solar,2026-01-27 23:00:00,10.16
Solar,2026-01-28 00:00:00,9.17
Solar,2026-01-28 01:00:00,9.16
Solar,2026-01-28 02:00:00,9.3
Solar,2026-01-28 03:00:00,9.39
Solar,2026-01-28 04:00:00,9.39
Solar,2026-01-28 05:00:00,11.16
Solar,2026-01-28 06:00:00,38.77
Solar,2026-01-28 07:00:00,543.41
Solar,2026-01-28 08:00:00,2428.6
Solar,2026-01-28 09:00:00,5025.83
Solar,2026-01-28 10:00:00,7269.09
Solar,2026-01-28 11:00:00,7622.17
Solar,2026-01-28 12:00:00,6274.77
Solar,2026-01-28 13:00:00,3892.35
Solar,2026-01-28 14:00:00,1754.91
Solar,2026-01-28 15:00:00,368.24
Solar,2026-01-28 16:00:00,42.21
Solar,2026-01-28 17:00:00,46.87
Solar,2026-01-28 18:00:00,19.46
Solar,2026-01-28 19:00:00,11.38
Solar,2026-01-28 20:00:00,8.3
Solar,2026-01-28 21:00:00,7.69
Solar,2026-01-28 22:00:00,7.97
Solar,2026-01-28 23:00:00,9.22
Solar,2026-01-29 00:00:00,9.29
Solar,2026-01-29 01:00:00,9.12
Solar,2026-01-29 02:00:00,9.29
Solar,2026-01-29 03:00:00,9.47
Solar,2026-01-29 04:00:00,9.48
Solar,2026-01-29 05:00:00,10.82
Solar,2026-01-29 06:00:00,15.35
Solar,2026-01-29 07:00:00,96.71
Solar,2026-01-29 08:00:00,526.2
Solar,2026-01-29 09:00:00,1123.09
Solar,2026-01-29 10:00:00,1781.5
Solar,2026-01-29 11:00:00,2189.43
Solar,2026-01-29 12:00:00,2123.84
Solar,2026-01-29 13:00:00,1728.7
Solar,2026-01-29 14:00:00,1098.39
Solar,2026-01-29 15:00:00,359.88
Solar,2026-01-29 16:00:00,38.25
Solar,2026-01-29 17:00:00,24.33
Solar,2026-01-29 18:00:00,19.16
Solar,2026-01-29 19:00:00,11.44
Solar,2026-01-29 20:00:00,10.14
Solar,2026-01-29 21:00:00,8.88
Solar,2026-01-29 22:00:00,9.03
Solar,2026-01-29 23:00:00,8.95
Solar,2026-01-30 00:00:00,8.95
Solar,2026-01-30 01:00:00,9.46
Solar,2026-01-30 02:00:00,9.62
Solar,2026-01-30 03:00:00,9.67
Solar,2026-01-30 04:00:00,9.61
Solar,2026-01-30 05:00:00,12.03
Solar,2026-01-30 06:00:00,21.77
Solar,2026-01-30 07:00:00,512.11
Solar,2026-01-30 08:00:00,2219.1
Solar,2026-01-30 09:00:00,4485.46
Solar,2026-01-30 10:00:00,6613.21
Solar,2026-01-30 11:00:00,8078.37
Solar,2026-01-30 12:00:00,7982.43
Solar,2026-01-30 13:00:00,6173.65
Solar,2026-01-30 14:00:00,3194.55
Solar,2026-01-30 15:00:00,768.17
Solar,2026-01-30 16:00:00,86.68
Solar,2026-01-30 17:00:00,42.46
Solar,2026-01-30 18:00:00,18.42
Solar,2026-01-30 19:00:00,14.0
Solar,2026-01-30 20:00:00,10.76
Solar,2026-01-30 21:00:00,10.57
Solar,2026-01-30 22:00:00,11.35
Solar,2026-01-30 23:00:00,10.9
Solar,2026-01-31 00:00:00,10.12
Solar,2026-01-31 01:00:00,10.3
Solar,2026-01-31 02:00:00,8.56
Solar,2026-01-31 03:00:00,9.41
Solar,2026-01-31 04:00:00,11.3
Solar,2026-01-31 05:00:00,11.95
Solar,2026-01-31 06:00:00,23.13
Solar,2026-01-31 07:00:00,784.87
Solar,2026-01-31 08:00:00,3071.1
Solar,2026-01-31 09:00:00,5628.95
Solar,2026-01-31 10:00:00,7874.16
Solar,2026-01-31 11:00:00,9076.26
Solar,2026-01-31 12:00:00,8657.22
Solar,2026-01-31 13:00:00,6898.74
Solar,2026-01-31 14:00:00,3895.83
Solar,2026-01-31 15:00:00,938.56
Solar,2026-01-31 16:00:00,84.77
Solar,2026-01-31 17:00:00,82.69
Solar,2026-01-31 18:00:00,27.87
Solar,2026-01-31 19:00:00,13.16
Solar,2026-01-31 20:00:00,14.26
Solar,2026-01-31 21:00:00,12.48
Solar,2026-01-31 22:00:00,9.87
Solar,2026-01-31 23:00:00,10.57
Solar,2026-02-01 00:00:00,11.92
Solar,2026-02-01 01:00:00,10.68
Solar,2026-02-01 02:00:00,10.58
Solar,2026-02-01 03:00:00,10.45
Solar,2026-02-01 04:00:00,10.46
Solar,2026-02-01 05:00:00,10.98
Solar,2026-02-01 06:00:00,15.98
Solar,2026-02-01 07:00:00,553.45
Solar,2026-02-01 08:00:00,2412.47
Solar,2026-02-01 09:00:00,4779.09
Solar,2026-02-01 10:00:00,7207.66
Solar,2026-02-01 11:00:00,8634.48
Solar,2026-02-01 12:00:00,8431.26
Solar,2026-02-01 13:00:00,6544.36
Solar,2026-02-01 14:00:00,3677.87
Solar,2026-02-01 15:00:00,1036.9
Solar,2026-02-01 16:00:00,52.01
Solar,2026-02-01 17:00:00,53.02
Solar,2026-02-01 18:00:00,18.89
Solar,2026-02-01 19:00:00,14.7
Solar,2026-02-01 20:00:00,11.27
Solar,2026-02-01 21:00:00,11.29
Solar,2026-02-01 22:00:00,10.03
Solar,2026-02-01 23:00:00,10.32
Solar,2026-02-02 00:00:00,10.52
Solar,2026-02-02 01:00:00,10.48
Solar,2026-02-02 02:00:00,10.65
Solar,2026-02-02 03:00:00,10.81
Solar,2026-02-02 04:00:00,11.02
Solar,2026-02-02 05:00:00,19.48
Solar,2026-02-02 06:00:00,30.71
Solar,2026-02-02 07:00:00,969.59
Solar,2026-02-02 08:00:00,3742.19
Solar,2026-02-02 09:00:00,7081.66
Solar,2026-02-02 10:00:00,10082.58
Solar,2026-02-02 11:00:00,12195.01
Solar,2026-02-02 12:00:00,11758.12
Solar,2026-02-02 13:00:00,8956.07
Solar,2026-02-02 14:00:00,5073.22
Solar,2026-02-02 15:00:00,1343.41
Solar,2026-02-02 16:00:00,62.55
Solar,2026-02-02 17:00:00,30.61
Solar,2026-02-02 18:00:00,17.73
Solar,2026-02-02 19:00:00,13.04
Solar,2026-02-02 20:00:00,12.13
Solar,2026-02-02 21:00:00,11.55
Solar,2026-02-02 22:00:00,11.11
Solar,2026-02-02 23:00:00,11.01
Solar,2026-02-03 00:00:00,10.84
Solar,2026-02-03 01:00:00,10.82
Solar,2026-02-03 02:00:00,10.94
Solar,2026-02-03 03:00:00,10.95
Solar,2026-02-03 04:00:00,10.89
Solar,2026-02-03 05:00:00,11.24
Solar,2026-02-03 06:00:00,30.89
Solar,2026-02-03 07:00:00,1277.42
Solar,2026-02-03 08:00:00,4698.89
Solar,2026-02-03 09:00:00,7725.84
Solar,2026-02-03 10:00:00,9275.4
Solar,2026-02-03 11:00:00,10476.72
Solar,2026-02-03 12:00:00,10184.78
Solar,2026-02-03 13:00:00,7805.25
Solar,2026-02-03 14:00:00,4174.68
Solar,2026-02-03 15:00:00,1133.41
Solar,2026-02-03 16:00:00,71.31
Solar,2026-02-03 17:00:00,49.53
Solar,2026-02-03 18:00:00,16.86
Solar,2026-02-03 19:00:00,13.59
Solar,2026-02-03 20:00:00,10.35
Solar,2026-02-03 21:00:00,8.79
Solar,2026-02-03 22:00:00,10.63
Solar,2026-02-03 23:00:00,10.74
Solar,2026-02-04 00:00:00,10.51
Solar,2026-02-04 01:00:00,10.56
Solar,2026-02-04 02:00:00,10.71
Solar,2026-02-04 03:00:00,10.93
Solar,2026-02-04 04:00:00,10.96
Solar,2026-02-04 05:00:00,11.7
Solar,2026-02-04 06:00:00,35.4
Solar,2026-02-04 07:00:00,1245.54
Solar,2026-02-04 08:00:00,4640.76
Solar,2026-02-04 09:00:00,8398.88
Solar,2026-02-04 10:00:00,10925.38
Solar,2026-02-04 11:00:00,11805.6
Solar,2026-02-04 12:00:00,10731.43
Solar,2026-02-04 13:00:00,7621.47
Solar,2026-02-04 14:00:00,3960.13
Solar,2026-02-04 15:00:00,1170.1
Solar,2026-02-04 16:00:00,74.57
Solar,2026-02-04 17:00:00,29.15
Solar,2026-02-04 18:00:00,22.81
Solar,2026-02-04 19:00:00,13.09
Solar,2026-02-04 20:00:00,12.37
Solar,2026-02-04 21:00:00,12.27
Solar,2026-02-04 22:00:00,10.91
Solar,2026-02-04 23:00:00,11.32
Solar,2026-02-05 00:00:00,10.52
Solar,2026-02-05 01:00:00,10.75
Solar,2026-02-05 02:00:00,10.59
Solar,2026-02-05 03:00:00,10.63
Solar,2026-02-05 04:00:00,10.6
Solar,2026-02-05 05:00:00,12.17
Solar,2026-02-05 06:00:00,24.08
Solar,2026-02-05 07:00:00,662.26
Solar,2026-02-05 08:00:00,2682.79
Solar,2026-02-05 09:00:00,5699.21
Solar,2026-02-05 10:00:00,8943.08
Solar,2026-02-05 11:00:00,11013.21
Solar,2026-02-05 12:00:00,11583.41
Solar,2026-02-05 13:00:00,9967.13
Solar,2026-02-05 14:00:00,6270.29
Solar,2026-02-05 15:00:00,2104.96
Solar,2026-02-05 16:00:00,116.92
Solar,2026-02-05 17:00:00,27.17
Solar,2026-02-05 18:00:00,39.95
Solar,2026-02-05 19:00:00,34.03
Solar,2026-02-05 20:00:00,12.22
Solar,2026-02-05 21:00:00,10.51
Solar,2026-02-05 22:00:00,10.86
Solar,2026-02-05 23:00:00,11.87
Solar,2026-02-06 00:00:00,11.37
Solar,2026-02-06 01:00:00,10.45
Solar,2026-02-06 02:00:00,10.62
Solar,2026-02-06 03:00:00,10.39
Solar,2026-02-06 04:00:00,10.23
Solar,2026-02-06 05:00:00,12.49
Solar,2026-02-06 06:00:00,47.15
Solar,2026-02-06 07:00:00,974.48
Solar,2026-02-06 08:00:00,3067.73
Solar,2026-02-06 09:00:00,5258.56
Solar,2026-02-06 10:00:00,7182.55
Solar,2026-02-06 11:00:00,8032.62
Solar,2026-02-06 12:00:00,7606.56
Solar,2026-02-06 13:00:00,5942.93
Solar,2026-02-06 14:00:00,3538.62
Solar,2026-02-06 15:00:00,1240.27
Solar,2026-02-06 16:00:00,106.78
Solar,2026-02-06 17:00:00,31.84
Solar,2026-02-06 18:00:00,18.57
Solar,2026-02-06 19:00:00,12.82
Solar,2026-02-06 20:00:00,12.47
Solar,2026-02-06 21:00:00,10.03
Solar,2026-02-06 22:00:00,10.07
Solar,2026-02-06 23:00:00,10.36
Solar,2026-02-07 00:00:00,10.29
Solar,2026-02-07 01:00:00,10.31
Solar,2026-02-07 02:00:00,10.41
Solar,2026-02-07 03:00:00,10.58
Solar,2026-02-07 04:00:00,10.14
Solar,2026-02-07 05:00:00,10.53
Solar,2026-02-07 06:00:00,35.24
Solar,2026-02-07 07:00:00,1309.24
Solar,2026-02-07 08:00:00,4915.92
Solar,2026-02-07 09:00:00,9529.77
Solar,2026-02-07 10:00:00,13206.98
Solar,2026-02-07 11:00:00,14323.26
Solar,2026-02-07 12:00:00,13244.93
Solar,2026-02-07 13:00:00,10697.55
Solar,2026-02-07 14:00:00,6761.56
Solar,2026-02-07 15:00:00,2418.43
Solar,2026-02-07 16:00:00,158.78
Solar,2026-02-07 17:00:00,82.66
Solar,2026-02-07 18:00:00,47.03
Solar,2026-02-07 19:00:00,12.13
Solar,2026-02-07 20:00:00,9.37
Solar,2026-02-07 21:00:00,10.25
Solar,2026-02-07 22:00:00,11.36
Solar,2026-02-07 23:00:00,11.7
Solar,2026-02-08 00:00:00,11.46
Solar,2026-02-08 01:00:00,11.43
Solar,2026-02-08 02:00:00,12.32
Solar,2026-02-08 03:00:00,11.42
Solar,2026-02-08 04:00:00,12.58
Solar,2026-02-08 05:00:00,11.77
Solar,2026-02-08 06:00:00,34.87
Solar,2026-02-08 07:00:00,1284.02
Solar,2026-02-08 08:00:00,4444.52
Solar,2026-02-08 09:00:00,7970.88
Solar,2026-02-08 10:00:00,10760.1
Solar,2026-02-08 11:00:00,12823.27
Solar,2026-02-08 12:00:00,13287.26
Solar,2026-02-08 13:00:00,11323.41
Solar,2026-02-08 14:00:00,7255.22
Solar,2026-02-08 15:00:00,2439.49
Solar,2026-02-08 16:00:00,130.27
Solar,2026-02-08 17:00:00,28.51
Solar,2026-02-08 18:00:00,19.45
Solar,2026-02-08 19:00:00,12.36
Solar,2026-02-08 20:00:00,10.87
Solar,2026-02-08 21:00:00,10.82
Solar,2026-02-08 22:00:00,10.87
Solar,2026-02-08 23:00:00,10.48
Solar,2026-02-09 00:00:00,10.29
Solar,2026-02-09 01:00:00,9.78
Solar,2026-02-09 02:00:00,9.8
Solar,2026-02-09 03:00:00,9.79
Solar,2026-02-09 04:00:00,9.7
Solar,2026-02-09 05:00:00,14.67
Solar,2026-02-09 06:00:00,59.26
Solar,2026-02-09 07:00:00,1194.09
Solar,2026-02-09 08:00:00,4213.19
Solar,2026-02-09 09:00:00,7914.29
Solar,2026-02-09 10:00:00,10964.8
Solar,2026-02-09 11:00:00,12328.54
Solar,2026-02-09 12:00:00,11741.43
Solar,2026-02-09 13:00:00,9140.85
Solar,2026-02-09 14:00:00,5398.62
Solar,2026-02-09 15:00:00,1923.76
Solar,2026-02-09 16:00:00,176.56
Solar,2026-02-09 17:00:00,57.77
Solar,2026-02-09 18:00:00,57.8
Solar,2026-02-09 19:00:00,25.68
Solar,2026-02-09 20:00:00,11.0
Solar,2026-02-09 21:00:00,10.99
Solar,2026-02-09 22:00:00,10.93
Solar,2026-02-09 23:00:00,10.93
Solar,2026-02-10 00:00:00,10.88
Solar,2026-02-10 01:00:00,10.89
Solar,2026-02-10 02:00:00,10.86
Solar,2026-02-10 03:00:00,10.82
Solar,2026-02-10 04:00:00,10.63
Solar,2026-02-10 05:00:00,18.5
Solar,2026-02-10 06:00:00,117.71
Solar,2026-02-10 07:00:00,2375.84
Solar,2026-02-10 08:00:00,7295.07
Solar,2026-02-10 09:00:00,13010.34
Solar,2026-02-10 10:00:00,17655.86
Solar,2026-02-10 11:00:00,19621.3
Solar,2026-02-10 12:00:00,17819.86
Solar,2026-02-10 13:00:00,13282.4
Solar,2026-02-10 14:00:00,7336.28
Solar,2026-02-10 15:00:00,2337.12
Solar,2026-02-10 16:00:00,159.52
Solar,2026-02-10 17:00:00,53.09
Solar,2026-02-10 18:00:00,45.46
Solar,2026-02-10 19:00:00,22.12
Solar,2026-02-10 20:00:00,15.68
Solar,2026-02-10 21:00:00,12.57
Solar,2026-02-10 22:00:00,10.42
Solar,2026-02-10 23:00:00,10.81
Solar,2026-02-11 00:00:00,10.47
Solar,2026-02-11 01:00:00,10.53
Solar,2026-02-11 02:00:00,10.12
Solar,2026-02-11 03:00:00,9.72
Solar,2026-02-11 04:00:00,9.45
Solar,2026-02-11 05:00:00,12.16
Solar,2026-02-11 06:00:00,71.45
Solar,2026-02-11 07:00:00,1575.5
Solar,2026-02-11 08:00:00,4858.54
Solar,2026-02-11 09:00:00,8281.21
Solar,2026-02-11 10:00:00,10222.97
Solar,2026-02-11 11:00:00,10010.96
Solar,2026-02-11 12:00:00,8220.83
Solar,2026-02-11 13:00:00,5897.25
Solar,2026-02-11 14:00:00,3602.24
Solar,2026-02-11 15:00:00,1418.84
Solar,2026-02-11 16:00:00,140.61
Solar,2026-02-11 17:00:00,22.29
Solar,2026-02-11 18:00:00,13.61
Solar,2026-02-11 19:00:00,10.64
Solar,2026-02-11 20:00:00,10.65
Solar,2026-02-11 21:00:00,10.24
Solar,2026-02-11 22:00:00,11.06
Solar,2026-02-11 23:00:00,10.48
Solar,2026-02-12 00:00:00,10.42
Solar,2026-02-12 01:00:00,10.01
Solar,2026-02-12 02:00:00,10.2
Solar,2026-02-12 03:00:00,10.54
Solar,2026-02-12 04:00:00,10.14
Solar,2026-02-12 05:00:00,11.51
Solar,2026-02-12 06:00:00,91.45
Solar,2026-02-12 07:00:00,1973.58
Solar,2026-02-12 08:00:00,5685.21
Solar,2026-02-12 09:00:00,8649.47
Solar,2026-02-12 10:00:00,9686.62
Solar,2026-02-12 11:00:00,9371.31
Solar,2026-02-12 12:00:00,7741.57
Solar,2026-02-12 13:00:00,5934.9
Solar,2026-02-12 14:00:00,3724.32
Solar,2026-02-12 15:00:00,1549.93
Solar,2026-02-12 16:00:00,144.1
Solar,2026-02-12 17:00:00,31.42
Solar,2026-02-12 18:00:00,15.49
Solar,2026-02-12 19:00:00,11.12
Solar,2026-02-12 20:00:00,9.81
Solar,2026-02-12 21:00:00,9.9
Solar,2026-02-12 22:00:00,9.53
Solar,2026-02-12 23:00:00,10.18
Solar,2026-02-13 00:00:00,9.96
Solar,2026-02-13 01:00:00,9.67
Solar,2026-02-13 02:00:00,9.97
Solar,2026-02-13 03:00:00,10.08
Solar,2026-02-13 04:00:00,10.0
Solar,2026-02-13 05:00:00,10.42
Solar,2026-02-13 06:00:00,113.57
Solar,2026-02-13 07:00:00,2038.14
Solar,2026-02-13 08:00:00,5924.93
Solar,2026-02-13 09:00:00,9819.39
Solar,2026-02-13 10:00:00,11899.39
Solar,2026-02-13 11:00:00,11639.89
Solar,2026-02-13 12:00:00,10611.22
Solar,2026-02-13 13:00:00,8400.89
Solar,2026-02-13 14:00:00,5000.34
Solar,2026-02-13 15:00:00,1823.2
Solar,2026-02-13 16:00:00,152.65
Solar,2026-02-13 17:00:00,66.26
Solar,2026-02-13 18:00:00,37.18
Solar,2026-02-13 19:00:00,26.87
Solar,2026-02-13 20:00:00,8.44
Solar,2026-02-13 21:00:00,8.35
Solar,2026-02-13 22:00:00,7.91
Solar,2026-02-13 23:00:00,9.29
Solar,2026-02-14 00:00:00,10.69
Solar,2026-02-14 01:00:00,10.96
Solar,2026-02-14 02:00:00,10.81
Solar,2026-02-14 03:00:00,10.95
Solar,2026-02-14 04:00:00,10.48
Solar,2026-02-14 05:00:00,11.94
Solar,2026-02-14 06:00:00,78.09
Solar,2026-02-14 07:00:00,1169.65
Solar,2026-02-14 08:00:00,3224.61
Solar,2026-02-14 09:00:00,5262.51
Solar,2026-02-14 10:00:00,6799.39
Solar,2026-02-14 11:00:00,7206.63
Solar,2026-02-14 12:00:00,6294.36
Solar,2026-02-14 13:00:00,4695.66
Solar,2026-02-14 14:00:00,2907.42
Solar,2026-02-14 15:00:00,1048.95
Solar,2026-02-14 16:00:00,93.26
Solar,2026-02-14 17:00:00,68.33
Solar,2026-02-14 18:00:00,33.5
Solar,2026-02-14 19:00:00,16.9
Solar,2026-02-14 20:00:00,13.2
Solar,2026-02-14 21:00:00,10.38
Solar,2026-02-14 22:00:00,10.76
Solar,2026-02-14 23:00:00,11.43
Solar,2026-02-15 00:00:00,10.65
Solar,2026-02-15 01:00:00,11.01
Solar,2026-02-15 02:00:00,11.16
Solar,2026-02-15 03:00:00,11.92
Solar,2026-02-15 04:00:00,11.03
Solar,2026-02-15 05:00:00,12.01
Solar,2026-02-15 06:00:00,105.88
Solar,2026-02-15 07:00:00,2378.87
Solar,2026-02-15 08:00:00,7922.71
Solar,2026-02-15 09:00:00,13729.34
Solar,2026-02-15 10:00:00,18087.23
Solar,2026-02-15 11:00:00,20838.84
Solar,2026-02-15 12:00:00,21173.04
Solar,2026-02-15 13:00:00,18030.17
Solar,2026-02-15 14:00:00,11154.38
Solar,2026-02-15 15:00:00,4016.92
Solar,2026-02-15 16:00:00,234.28
Solar,2026-02-15 17:00:00,24.88
Solar,2026-02-15 18:00:00,18.94
Solar,2026-02-15 19:00:00,13.44
Solar,2026-02-15 20:00:00,12.83
Solar,2026-02-15 21:00:00,22.13
Solar,2026-02-15 22:00:00,21.3
Solar,2026-02-15 23:00:00,10.88
Solar,2026-02-16 00:00:00,10.9
Solar,2026-02-16 01:00:00,10.75
Solar,2026-02-16 02:00:00,10.16
Solar,2026-02-16 03:00:00,10.44
Solar,2026-02-16 04:00:00,11.23
Solar,2026-02-16 05:00:00,11.33
Solar,2026-02-16 06:00:00,74.08
Solar,2026-02-16 07:00:00,1324.13
Solar,2026-02-16 08:00:00,4190.78
Solar,2026-02-16 09:00:00,7144.34
Solar,2026-02-16 10:00:00,9898.32
Solar,2026-02-16 11:00:00,11598.64
Solar,2026-02-16 12:00:00,11754.73
Solar,2026-02-16 13:00:00,8880.16
Solar,2026-02-16 14:00:00,5201.61
Solar,2026-02-16 15:00:00,2065.58
Solar,2026-02-16 16:00:00,271.83
Solar,2026-02-16 17:00:00,56.81
Solar,2026-02-16 18:00:00,60.69
Solar,2026-02-16 19:00:00,33.92
Solar,2026-02-16 20:00:00,19.43
Solar,2026-02-16 21:00:00,14.85
Solar,2026-02-16 22:00:00,10.35
Solar,2026-02-16 23:00:00,10.67
Solar,2026-02-17 00:00:00,10.07
Solar,2026-02-17 01:00:00,9.94
Solar,2026-02-17 02:00:00,10.01
Solar,2026-02-17 03:00:00,9.72
Solar,2026-02-17 04:00:00,9.64
Solar,2026-02-17 05:00:00,16.42
Solar,2026-02-17 06:00:00,112.03
Solar,2026-02-17 07:00:00,1611.02
Solar,2026-02-17 08:00:00,4578.51
Solar,2026-02-17 09:00:00,8115.32
Solar,2026-02-17 10:00:00,11147.58
Solar,2026-02-17 11:00:00,12464.14
Solar,2026-02-17 12:00:00,12137.7
Solar,2026-02-17 13:00:00,10736.96
Solar,2026-02-17 14:00:00,7649.0
Solar,2026-02-17 15:00:00,3243.82
Solar,2026-02-17 16:00:00,377.6
Solar,2026-02-17 17:00:00,28.17
Solar,2026-02-17 18:00:00,16.84
Solar,2026-02-17 19:00:00,13.93
Solar,2026-02-17 20:00:00,12.07
Solar,2026-02-17 21:00:00,11.36
Solar,2026-02-17 22:00:00,11.32
Solar,2026-02-17 23:00:00,11.32
Solar,2026-02-18 00:00:00,11.32
Solar,2026-02-18 01:00:00,11.07
Solar,2026-02-18 02:00:00,10.96
Solar,2026-02-18 03:00:00,10.8
Solar,2026-02-18 04:00:00,10.84
Solar,2026-02-18 05:00:00,15.15
Solar,2026-02-18 06:00:00,321.3
Solar,2026-02-18 07:00:00,2733.12
Solar,2026-02-18 08:00:00,6361.62
Solar,2026-02-18 09:00:00,10682.82
Solar,2026-02-18 10:00:00,15350.25
Solar,2026-02-18 11:00:00,17764.14
Solar,2026-02-18 12:00:00,16823.67
Solar,2026-02-18 13:00:00,14164.18
Solar,2026-02-18 14:00:00,9673.01
Solar,2026-02-18 15:00:00,3620.7
Solar,2026-02-18 16:00:00,409.71
Solar,2026-02-18 17:00:00,82.41
Solar,2026-02-18 18:00:00,23.96
Solar,2026-02-18 19:00:00,19.06
Solar,2026-02-18 20:00:00,13.65
Solar,2026-02-18 21:00:00,11.5
Solar,2026-02-18 22:00:00,11.62
Solar,2026-02-18 23:00:00,11.74
Solar,2026-02-19 00:00:00,11.54
Solar,2026-02-19 01:00:00,11.31
Solar,2026-02-19 02:00:00,11.24
Solar,2026-02-19 03:00:00,11.57
Solar,2026-02-19 04:00:00,11.23
Solar,2026-02-19 05:00:00,12.09
Solar,2026-02-19 06:00:00,217.43
Solar,2026-02-19 07:00:00,1944.91
Solar,2026-02-19 08:00:00,4700.71
Solar,2026-02-19 09:00:00,8128.43
Solar,2026-02-19 10:00:00,11152.61
Solar,2026-02-19 11:00:00,13043.64
Solar,2026-02-19 12:00:00,13306.67
Solar,2026-02-19 13:00:00,11335.89
Solar,2026-02-19 14:00:00,7237.62
Solar,2026-02-19 15:00:00,2806.86
Solar,2026-02-19 16:00:00,338.01
Solar,2026-02-19 17:00:00,36.22
Solar,2026-02-19 18:00:00,20.86
Solar,2026-02-19 19:00:00,12.69
Solar,2026-02-19 20:00:00,10.94
Solar,2026-02-19 21:00:00,10.92
Solar,2026-02-19 22:00:00,10.98
Solar,2026-02-19 23:00:00,11.33
Solar,2026-02-20 00:00:00,11.46
Solar,2026-02-20 01:00:00,12.33
Solar,2026-02-20 02:00:00,12.09
Solar,2026-02-20 03:00:00,11.1
Solar,2026-02-20 04:00:00,10.96
Solar,2026-02-20 05:00:00,11.51
Solar,2026-02-20 06:00:00,370.9
Solar,2026-02-20 07:00:00,4126.49
Solar,2026-02-20 08:00:00,10648.96
Solar,2026-02-20 09:00:00,16422.7
Solar,2026-02-20 10:00:00,19751.33
Solar,2026-02-20 11:00:00,20532.79
Solar,2026-02-20 12:00:00,18270.32
Solar,2026-02-20 13:00:00,14123.89
Solar,2026-02-20 14:00:00,8437.37
Solar,2026-02-20 15:00:00,2957.92
Solar,2026-02-20 16:00:00,286.36
Solar,2026-02-20 17:00:00,30.08
Solar,2026-02-20 18:00:00,14.68
Solar,2026-02-20 19:00:00,14.19
Solar,2026-02-20 20:00:00,11.81
Solar,2026-02-20 21:00:00,11.6
Solar,2026-02-20 22:00:00,10.81
Solar,2026-02-20 23:00:00,11.12
Solar,2026-02-21 00:00:00,10.85
Solar,2026-02-21 01:00:00,11.12
Solar,2026-02-21 02:00:00,11.28
Solar,2026-02-21 03:00:00,11.19
Solar,2026-02-21 04:00:00,10.69
Solar,2026-02-21 05:00:00,11.68
Solar,2026-02-21 06:00:00,150.27
Solar,2026-02-21 07:00:00,1701.68
Solar,2026-02-21 08:00:00,4925.19
Solar,2026-02-21 09:00:00,8010.38
Solar,2026-02-21 10:00:00,9896.3
Solar,2026-02-21 11:00:00,10538.16
Solar,2026-02-21 12:00:00,9808.4
Solar,2026-02-21 13:00:00,7848.2
Solar,2026-02-21 14:00:00,5119.88
Solar,2026-02-21 15:00:00,2166.06
Solar,2026-02-21 16:00:00,289.99
Solar,2026-02-21 17:00:00,40.59
Solar,2026-02-21 18:00:00,24.07
Solar,2026-02-21 19:00:00,14.75
Solar,2026-02-21 20:00:00,10.77
Solar,2026-02-21 21:00:00,12.85
Solar,2026-02-21 22:00:00,11.19
Solar,2026-02-21 23:00:00,10.6
Solar,2026-02-22 00:00:00,9.74
Solar,2026-02-22 01:00:00,10.62
Solar,2026-02-22 02:00:00,10.3
Solar,2026-02-22 03:00:00,10.52
Solar,2026-02-22 04:00:00,10.98
Solar,2026-02-22 05:00:00,9.12
Solar,2026-02-22 06:00:00,132.37
Solar,2026-02-22 07:00:00,1454.38
Solar,2026-02-22 08:00:00,3650.84
Solar,2026-02-22 09:00:00,6146.01
Solar,2026-02-22 10:00:00,8005.09
Solar,2026-02-22 11:00:00,8396.17
Solar,2026-02-22 12:00:00,7595.99
Solar,2026-02-22 13:00:00,6278.35
Solar,2026-02-22 14:00:00,4123.23
Solar,2026-02-22 15:00:00,1851.3
Solar,2026-02-22 16:00:00,218.86
Solar,2026-02-22 17:00:00,25.13
Solar,2026-02-22 18:00:00,22.92
Solar,2026-02-22 19:00:00,14.21
Solar,2026-02-22 20:00:00,12.91
Solar,2026-02-22 21:00:00,15.74
Solar,2026-02-22 22:00:00,10.59
Solar,2026-02-22 23:00:00,9.89
Solar,2026-02-23 00:00:00,8.9
Solar,2026-02-23 01:00:00,9.03
Solar,2026-02-23 02:00:00,9.09
Solar,2026-02-23 03:00:00,9.28
Solar,2026-02-23 04:00:00,8.11
Solar,2026-02-23 05:00:00,12.59
Solar,2026-02-23 06:00:00,468.46
Solar,2026-02-23 07:00:00,3348.38
Solar,2026-02-23 08:00:00,8071.45
Solar,2026-02-23 09:00:00,12820.5
Solar,2026-02-23 10:00:00,15356.18
Solar,2026-02-23 11:00:00,15935.17
Solar,2026-02-23 12:00:00,15614.15
Solar,2026-02-23 13:00:00,14030.72
Solar,2026-02-23 14:00:00,9499.36
Solar,2026-02-23 15:00:00,4023.77
Solar,2026-02-23 16:00:00,509.38
Solar,2026-02-23 17:00:00,21.74
Solar,2026-02-23 18:00:00,22.69
Solar,2026-02-23 19:00:00,12.61
Solar,2026-02-23 20:00:00,10.78
Solar,2026-02-23 21:00:00,9.49
Solar,2026-02-23 22:00:00,8.68
Solar,2026-02-23 23:00:00,8.68
Solar,2026-02-24 00:00:00,9.86
Solar,2026-02-24 01:00:00,10.3
Solar,2026-02-24 02:00:00,10.25
Solar,2026-02-24 03:00:00,10.06
Solar,2026-02-24 04:00:00,9.84
Solar,2026-02-24 05:00:00,11.86
Solar,2026-02-24 06:00:00,382.29
Solar,2026-02-24 07:00:00,2811.02
Solar,2026-02-24 08:00:00,6902.06
Solar,2026-02-24 09:00:00,10688.21
Solar,2026-02-24 10:00:00,13746.79
Solar,2026-02-24 11:00:00,14996.21
Solar,2026-02-24 12:00:00,14820.1
Solar,2026-02-24 13:00:00,13101.49
Solar,2026-02-24 14:00:00,9849.45
Solar,2026-02-24 15:00:00,4881.51
Solar,2026-02-24 16:00:00,833.72
Solar,2026-02-24 17:00:00,73.8
Solar,2026-02-24 18:00:00,46.6
Solar,2026-02-24 19:00:00,12.14
Solar,2026-02-24 20:00:00,13.55
Solar,2026-02-24 21:00:00,34.25
Solar,2026-02-24 22:00:00,17.04
Solar,2026-02-24 23:00:00,12.56
Solar,2026-02-25 00:00:00,10.15
Solar,2026-02-25 01:00:00,9.82
Solar,2026-02-25 02:00:00,10.21
Solar,2026-02-25 03:00:00,9.98
Solar,2026-02-25 04:00:00,10.1
Solar,2026-02-25 05:00:00,33.32
Solar,2026-02-25 06:00:00,936.66
Solar,2026-02-25 07:00:00,5734.4
Solar,2026-02-25 08:00:00,12895.45
Solar,2026-02-25 09:00:00,20054.77
Solar,2026-02-25 10:00:00,26476.94
Solar,2026-02-25 11:00:00,31100.94
Solar,2026-02-25 12:00:00,32293.34
Solar,2026-02-25 13:00:00,29366.5
Solar,2026-02-25 14:00:00,21495.2
Solar,2026-02-25 15:00:00,10205.5
Solar,2026-02-25 16:00:00,1520.68
Solar,2026-02-25 17:00:00,78.77
Solar,2026-02-25 18:00:00,21.87
Solar,2026-02-25 19:00:00,13.76
Solar,2026-02-25 20:00:00,11.67
Solar,2026-02-25 21:00:00,14.3
Solar,2026-02-25 22:00:00,9.58
Solar,2026-02-25 23:00:00,9.18
Solar,2026-02-26 00:00:00,9.11
Solar,2026-02-26 01:00:00,9.33
Solar,2026-02-26 02:00:00,9.12
Solar,2026-02-26 03:00:00,8.89
Solar,2026-02-26 04:00:00,8.98
Solar,2026-02-26 05:00:00,21.69
Solar,2026-02-26 06:00:00,1270.5
Solar,2026-02-26 07:00:00,7846.28
Solar,2026-02-26 08:00:00,16492.29
Solar,2026-02-26 09:00:00,24297.5
Solar,2026-02-26 10:00:00,30317.94
Solar,2026-02-26 11:00:00,32780.1
Solar,2026-02-26 12:00:00,31944.0
Solar,2026-02-26 13:00:00,27810.66
Solar,2026-02-26 14:00:00,20129.98
Solar,2026-02-26 15:00:00,9665.73
Solar,2026-02-26 16:00:00,1703.41
Solar,2026-02-26 17:00:00,75.46
Solar,2026-02-26 18:00:00,41.39
Solar,2026-02-26 19:00:00,25.08
Solar,2026-02-26 20:00:00,26.18
Solar,2026-02-26 21:00:00,11.19
Solar,2026-02-26 22:00:00,12.59
Solar,2026-02-26 23:00:00,11.49
Solar,2026-02-27 00:00:00,9.98
Solar,2026-02-27 01:00:00,10.69
Solar,2026-02-27 02:00:00,9.56
Solar,2026-02-27 03:00:00,11.73
Solar,2026-02-27 04:00:00,14.33
Solar,2026-02-27 05:00:00,26.17
Solar,2026-02-27 06:00:00,1719.97
Solar,2026-02-27 07:00:00,10271.93
Solar,2026-02-27 08:00:00,21852.88
Solar,2026-02-27 09:00:00,31846.0
Solar,2026-02-27 10:00:00,37606.15
Solar,2026-02-27 11:00:00,38609.55
Solar,2026-02-27 12:00:00,36938.37
Solar,2026-02-27 13:00:00,32429.88
Solar,2026-02-27 14:00:00,23901.02
Solar,2026-02-27 15:00:00,11360.63
Solar,2026-02-27 16:00:00,1772.54
Solar,2026-02-27 17:00:00,70.39
Solar,2026-02-27 18:00:00,23.96
Solar,2026-02-27 19:00:00,27.19
Solar,2026-02-27 20:00:00,40.34
Solar,2026-02-27 21:00:00,41.12
Solar,2026-02-27 22:00:00,38.73
Solar,2026-02-27 23:00:00,21.2
Solar,2026-02-28 00:00:00,12.51
Solar,2026-02-28 01:00:00,12.88
Solar,2026-02-28 02:00:00,11.58
Solar,2026-02-28 03:00:00,10.41
Solar,2026-02-28 04:00:00,8.48
Solar,2026-02-28 05:00:00,15.49
Solar,2026-02-28 06:00:00,2052.83
Solar,2026-02-28 07:00:00,10143.81
Solar,2026-02-28 08:00:00,19227.47
Solar,2026-02-28 09:00:00,25986.33
Solar,2026-02-28 10:00:00,29913.02
Solar,2026-02-28 11:00:00,29999.26
Solar,2026-02-28 12:00:00,27167.52
Solar,2026-02-28 13:00:00,22614.03
Solar,2026-02-28 14:00:00,15110.86
Solar,2026-02-28 15:00:00,6885.5
Solar,2026-02-28 16:00:00,1221.94
Solar,2026-02-28 17:00:00,61.0
Solar,2026-02-28 18:00:00,55.45
Solar,2026-02-28 19:00:00,12.41
Solar,2026-02-28 20:00:00,14.01
Solar,2026-02-28 21:00:00,31.0
Solar,2026-02-28 22:00:00,12.11
Solar,2026-02-28 23:00:00,15.06
Solar,2026-03-01 00:00:00,8.72
Solar,2026-03-01 01:00:00,8.93
Solar,2026-03-01 02:00:00,8.73
Solar,2026-03-01 03:00:00,11.1
Solar,2026-03-01 04:00:00,13.03
Solar,2026-03-01 05:00:00,19.35
Solar,2026-03-01 06:00:00,1129.16
Solar,2026-03-01 07:00:00,7503.94
Solar,2026-03-01 08:00:00,17076.5
Solar,2026-03-01 09:00:00,25214.42
Solar,2026-03-01 10:00:00,29372.4
Solar,2026-03-01 11:00:00,29779.73
Solar,2026-03-01 12:00:00,28744.45
Solar,2026-03-01 13:00:00,25894.55
Solar,2026-03-01 14:00:00,19852.52
Solar,2026-03-01 15:00:00,10697.95
Solar,2026-03-01 16:00:00,2031.34
Solar,2026-03-01 17:00:00,113.18
Solar,2026-03-01 18:00:00,28.79
Solar,2026-03-01 19:00:00,14.54
Solar,2026-03-01 20:00:00,11.7
Solar,2026-03-01 21:00:00,11.24
Solar,2026-03-01 22:00:00,9.64
Solar,2026-03-01 23:00:00,8.94
Solar,2026-03-02 00:00:00,9.23
Solar,2026-03-02 01:00:00,8.39
Solar,2026-03-02 02:00:00,8.48
Solar,2026-03-02 03:00:00,11.57
Solar,2026-03-02 04:00:00,8.71
Solar,2026-03-02 05:00:00,26.88
Solar,2026-03-02 06:00:00,2415.13
Solar,2026-03-02 07:00:00,12332.79
Solar,2026-03-02 08:00:00,24624.9
Solar,2026-03-02 09:00:00,34476.59
Solar,2026-03-02 10:00:00,40310.12
Solar,2026-03-02 11:00:00,41625.56
Solar,2026-03-02 12:00:00,39831.73
Solar,2026-03-02 13:00:00,34810.88
Solar,2026-03-02 14:00:00,25402.09
Solar,2026-03-02 15:00:00,12824.52
Solar,2026-03-02 16:00:00,2574.92
Solar,2026-03-02 17:00:00,128.23
Solar,2026-03-02 18:00:00,59.74
Solar,2026-03-02 19:00:00,15.31
Solar,2026-03-02 20:00:00,14.49
Solar,2026-03-02 21:00:00,12.84
Solar,2026-03-02 22:00:00,14.6
Solar,2026-03-02 23:00:00,12.15
Solar,2026-03-03 00:00:00,12.26
Solar,2026-03-03 01:00:00,12.13
Solar,2026-03-03 02:00:00,10.68
Solar,2026-03-03 03:00:00,9.7
Solar,2026-03-03 04:00:00,12.33
Solar,2026-03-03 05:00:00,46.33
Solar,2026-03-03 06:00:00,2626.66
Solar,2026-03-03 07:00:00,12616.59
Solar,2026-03-03 08:00:00,24629.56
Solar,2026-03-03 09:00:00,33830.51
Solar,2026-03-03 10:00:00,39326.31
Solar,2026-03-03 11:00:00,41485.89
Solar,2026-03-03 12:00:00,39704.5
Solar,2026-03-03 13:00:00,34202.68
Solar,2026-03-03 14:00:00,24613.18
Solar,2026-03-03 15:00:00,12242.37
Solar,2026-03-03 16:00:00,2389.5
Solar,2026-03-03 17:00:00,67.49
Solar,2026-03-03 18:00:00,38.46
Solar,2026-03-03 19:00:00,24.02
Solar,2026-03-03 20:00:00,22.03
Solar,2026-03-03 21:00:00,15.43
Solar,2026-03-03 22:00:00,11.93
Solar,2026-03-03 23:00:00,9.0
Solar,2026-03-04 00:00:00,8.87
Solar,2026-03-04 01:00:00,8.84
Solar,2026-03-04 02:00:00,8.98
Solar,2026-03-04 03:00:00,11.68
Solar,2026-03-04 04:00:00,14.99
Solar,2026-03-04 05:00:00,63.41
Solar,2026-03-04 06:00:00,2558.28
Solar,2026-03-04 07:00:00,11556.65
Solar,2026-03-04 08:00:00,22738.53
Solar,2026-03-04 09:00:00,31951.81
Solar,2026-03-04 10:00:00,37812.61
Solar,2026-03-04 11:00:00,40578.82
Solar,2026-03-04 12:00:00,39501.11
Solar,2026-03-04 13:00:00,35130.41
Solar,2026-03-04 14:00:00,26057.79
Solar,2026-03-04 15:00:00,13507.77
Solar,2026-03-04 16:00:00,2744.35
Solar,2026-03-04 17:00:00,98.66
Solar,2026-03-04 18:00:00,29.7
Solar,2026-03-04 19:00:00,24.67
Solar,2026-03-04 20:00:00,15.42
Solar,2026-03-04 21:00:00,16.8
Solar,2026-03-04 22:00:00,12.14
Solar,2026-03-04 23:00:00,12.04
Solar,2026-03-05 00:00:00,8.77
Solar,2026-03-05 01:00:00,8.87
Solar,2026-03-05 02:00:00,8.91
Solar,2026-03-05 03:00:00,11.98
Solar,2026-03-05 04:00:00,12.39
Solar,2026-03-05 05:00:00,63.07
Solar,2026-03-05 06:00:00,3038.71
Solar,2026-03-05 07:00:00,13217.03
Solar,2026-03-05 08:00:00,25521.56
Solar,2026-03-05 09:00:00,34837.39
Solar,2026-03-05 10:00:00,41337.83
Solar,2026-03-05 11:00:00,43330.13
Solar,2026-03-05 12:00:00,42144.19
Solar,2026-03-05 13:00:00,36635.47
Solar,2026-03-05 14:00:00,26966.97
Solar,2026-03-05 15:00:00,14345.86
Solar,2026-03-05 16:00:00,2956.07
Solar,2026-03-05 17:00:00,114.8
Solar,2026-03-05 18:00:00,22.59
Solar,2026-03-05 19:00:00,16.71
Solar,2026-03-05 20:00:00,16.07
Solar,2026-03-05 21:00:00,12.46
Solar,2026-03-05 22:00:00,10.29
Solar,2026-03-05 23:00:00,10.44
Solar,2026-03-06 00:00:00,10.68
Solar,2026-03-06 01:00:00,12.71
Solar,2026-03-06 02:00:00,12.76
Solar,2026-03-06 03:00:00,12.7
Solar,2026-03-06 04:00:00,13.61
Solar,2026-03-06 05:00:00,88.94
Solar,2026-03-06 06:00:00,3832.97
Solar,2026-03-06 07:00:00,14798.88
Solar,2026-03-06 08:00:00,27602.84
Solar,2026-03-06 09:00:00,36978.86
Solar,2026-03-06 10:00:00,42120.57
Solar,2026-03-06 11:00:00,43506.05
Solar,2026-03-06 12:00:00,40971.87
Solar,2026-03-06 13:00:00,34786.53
Solar,2026-03-06 14:00:00,25043.74
Solar,2026-03-06 15:00:00,12505.68
Solar,2026-03-06 16:00:00,2514.57
Solar,2026-03-06 17:00:00,124.09
Solar,2026-03-06 18:00:00,75.63
Solar,2026-03-06 19:00:00,36.1
Solar,2026-03-06 20:00:00,19.64
Solar,2026-03-06 21:00:00,12.22
Solar,2026-03-06 22:00:00,15.23
Solar,2026-03-06 23:00:00,12.84
Solar,2026-03-07 00:00:00,9.88
Solar,2026-03-07 01:00:00,9.72
Solar,2026-03-07 02:00:00,11.46
Solar,2026-03-07 03:00:00,11.34
Solar,2026-03-07 04:00:00,13.41
Solar,2026-03-07 05:00:00,83.81
Solar,2026-03-07 06:00:00,3900.74
Solar,2026-03-07 07:00:00,14767.95
Solar,2026-03-07 08:00:00,27209.84
Solar,2026-03-07 09:00:00,35183.14
Solar,2026-03-07 10:00:00,40202.09
Solar,2026-03-07 11:00:00,41848.02
Solar,2026-03-07 12:00:00,39161.78
Solar,2026-03-07 13:00:00,33842.47
Solar,2026-03-07 14:00:00,24310.15
Solar,2026-03-07 15:00:00,12505.77
Solar,2026-03-07 16:00:00,2788.19
Solar,2026-03-07 17:00:00,142.4
Solar,2026-03-07 18:00:00,56.12
Solar,2026-03-07 19:00:00,39.29
Solar,2026-03-07 20:00:00,25.2
Solar,2026-03-07 21:00:00,26.63
Solar,2026-03-07 22:00:00,22.97
Solar,2026-03-07 23:00:00,16.35
Solar,2026-03-08 00:00:00,10.46
Solar,2026-03-08 01:00:00,9.62
Solar,2026-03-08 02:00:00,12.5
Solar,2026-03-08 03:00:00,28.98
Solar,2026-03-08 04:00:00,16.83
Solar,2026-03-08 05:00:00,64.15
Solar,2026-03-08 06:00:00,3131.68
Solar,2026-03-08 07:00:00,12321.62
Solar,2026-03-08 08:00:00,23703.24
Solar,2026-03-08 09:00:00,32678.78
Solar,2026-03-08 10:00:00,37779.57
Solar,2026-03-08 11:00:00,38998.6
Solar,2026-03-08 12:00:00,35235.88
Solar,2026-03-08 13:00:00,31235.39
Solar,2026-03-08 14:00:00,23692.02
Solar,2026-03-08 15:00:00,12344.61
Solar,2026-03-08 16:00:00,3059.68
Solar,2026-03-08 17:00:00,122.36
Solar,2026-03-08 18:00:00,34.42
Solar,2026-03-08 19:00:00,14.66
Solar,2026-03-08 20:00:00,10.61
Solar,2026-03-08 21:00:00,9.94
Solar,2026-03-08 22:00:00,10.46
Solar,2026-03-08 23:00:00,9.78
Solar,2026-03-09 00:00:00,9.65
Solar,2026-03-09 01:00:00,9.08
Solar,2026-03-09 02:00:00,9.46
Solar,2026-03-09 03:00:00,12.25
Solar,2026-03-09 04:00:00,14.82
Solar,2026-03-09 05:00:00,126.34
Solar,2026-03-09 06:00:00,3710.25
Solar,2026-03-09 07:00:00,13402.65
Solar,2026-03-09 08:00:00,24865.39
Solar,2026-03-09 09:00:00,33882.01
Solar,2026-03-09 10:00:00,38310.69
Solar,2026-03-09 11:00:00,39492.16
Solar,2026-03-09 12:00:00,37017.59
Solar,2026-03-09 13:00:00,30835.62
Solar,2026-03-09 14:00:00,22047.41
Solar,2026-03-09 15:00:00,11462.1
Solar,2026-03-09 16:00:00,2868.15
Solar,2026-03-09 17:00:00,192.27
Solar,2026-03-09 18:00:00,59.98
Solar,2026-03-09 19:00:00,30.97
Solar,2026-03-09 20:00:00,14.22
Solar,2026-03-09 21:00:00,13.02
Solar,2026-03-09 22:00:00,11.71
Solar,2026-03-09 23:00:00,11.18
Solar,2026-03-10 00:00:00,10.96
Solar,2026-03-10 01:00:00,9.88
Solar,2026-03-10 02:00:00,10.21
Solar,2026-03-10 03:00:00,12.59
Solar,2026-03-10 04:00:00,13.58
Solar,2026-03-10 05:00:00,100.54
Solar,2026-03-10 06:00:00,3676.63
Solar,2026-03-10 07:00:00,13306.6
Solar,2026-03-10 08:00:00,24578.46
Solar,2026-03-10 09:00:00,32391.46
Solar,2026-03-10 10:00:00,36609.28
Solar,2026-03-10 11:00:00,37150.43
Solar,2026-03-10 12:00:00,34043.85
Solar,2026-03-10 13:00:00,27889.54
Solar,2026-03-10 14:00:00,20216.72
Solar,2026-03-10 15:00:00,10288.98
Solar,2026-03-10 16:00:00,2498.1
Solar,2026-03-10 17:00:00,142.99
Solar,2026-03-10 18:00:00,69.11
Solar,2026-03-10 19:00:00,51.0
Solar,2026-03-10 20:00:00,19.43
Solar,2026-03-10 21:00:00,23.48
Solar,2026-03-10 22:00:00,13.37
Solar,2026-03-10 23:00:00,12.8
Solar,2026-03-11 00:00:00,12.49
Solar,2026-03-11 01:00:00,13.49
Solar,2026-03-11 02:00:00,10.2
Solar,2026-03-11 03:00:00,9.4
Solar,2026-03-11 04:00:00,9.56
Solar,2026-03-11 05:00:00,97.73
Solar,2026-03-11 06:00:00,2990.41
Solar,2026-03-11 07:00:00,10263.57
Solar,2026-03-11 08:00:00,18617.01
Solar,2026-03-11 09:00:00,23862.6
Solar,2026-03-11 10:00:00,25943.17
Solar,2026-03-11 11:00:00,24259.08
Solar,2026-03-11 12:00:00,21402.74
Solar,2026-03-11 13:00:00,17089.12
Solar,2026-03-11 14:00:00,11620.53
Solar,2026-03-11 15:00:00,5895.35
Solar,2026-03-11 16:00:00,1456.45
Solar,2026-03-11 17:00:00,91.31
Solar,2026-03-11 18:00:00,78.08
Solar,2026-03-11 19:00:00,31.7
Solar,2026-03-11 20:00:00,20.42
Solar,2026-03-11 21:00:00,12.33
Solar,2026-03-11 22:00:00,11.91
Solar,2026-03-11 23:00:00,11.37
Solar,2026-03-12 00:00:00,9.3
Solar,2026-03-12 01:00:00,8.69
Solar,2026-03-12 02:00:00,8.8
Solar,2026-03-12 03:00:00,10.79
Solar,2026-03-12 04:00:00,12.94
Solar,2026-03-12 05:00:00,111.08
Solar,2026-03-12 06:00:00,3492.94
Solar,2026-03-12 07:00:00,12803.94
Solar,2026-03-12 08:00:00,23852.61
Solar,2026-03-12 09:00:00,32264.04
Solar,2026-03-12 10:00:00,34115.86
Solar,2026-03-12 11:00:00,32773.02
Solar,2026-03-12 12:00:00,32064.91
Solar,2026-03-12 13:00:00,29535.42
Solar,2026-03-12 14:00:00,24347.61
Solar,2026-03-12 15:00:00,14704.97
Solar,2026-03-12 16:00:00,4326.49
Solar,2026-03-12 17:00:00,234.11
Solar,2026-03-12 18:00:00,55.63
Solar,2026-03-12 19:00:00,27.66
Solar,2026-03-12 20:00:00,15.2
Solar,2026-03-12 21:00:00,15.7
Solar,2026-03-12 22:00:00,12.68
Solar,2026-03-12 23:00:00,10.43
Solar,2026-03-13 00:00:00,10.62
Solar,2026-03-13 01:00:00,10.94
Solar,2026-03-13 02:00:00,10.72
Solar,2026-03-13 03:00:00,10.34
Solar,2026-03-13 04:00:00,10.38
Solar,2026-03-13 05:00:00,269.93
Solar,2026-03-13 06:00:00,5598.9
Solar,2026-03-13 07:00:00,15680.35
Solar,2026-03-13 08:00:00,23411.19
Solar,2026-03-13 09:00:00,27308.74
Solar,2026-03-13 10:00:00,29707.1
Solar,2026-03-13 11:00:00,29223.25
Solar,2026-03-13 12:00:00,26889.68
Solar,2026-03-13 13:00:00,21609.63
Solar,2026-03-13 14:00:00,14398.07
Solar,2026-03-13 15:00:00,7687.55
Solar,2026-03-13 16:00:00,1939.5
Solar,2026-03-13 17:00:00,114.92
Solar,2026-03-13 18:00:00,108.25
Solar,2026-03-13 19:00:00,56.41
Solar,2026-03-13 20:00:00,19.35
Solar,2026-03-13 21:00:00,16.84
Solar,2026-03-13 22:00:00,13.19
Solar,2026-03-13 23:00:00,10.56
Solar,2026-03-14 00:00:00,10.35
Solar,2026-03-14 01:00:00,10.57
Solar,2026-03-14 02:00:00,14.41
Solar,2026-03-14 03:00:00,11.25
Solar,2026-03-14 04:00:00,13.24
Solar,2026-03-14 05:00:00,93.7
Solar,2026-03-14 06:00:00,1670.62
Solar,2026-03-14 07:00:00,5747.6
Solar,2026-03-14 08:00:00,11250.64
Solar,2026-03-14 09:00:00,14729.13
Solar,2026-03-14 10:00:00,15130.86
Solar,2026-03-14 11:00:00,14543.23
Solar,2026-03-14 12:00:00,13175.01
Solar,2026-03-14 13:00:00,10495.64
Solar,2026-03-14 14:00:00,7569.01
Solar,2026-03-14 15:00:00,4097.35
Solar,2026-03-14 16:00:00,1224.69
Solar,2026-03-14 17:00:00,143.15
Solar,2026-03-14 18:00:00,80.8
Solar,2026-03-14 19:00:00,46.84
Solar,2026-03-14 20:00:00,18.9
Solar,2026-03-14 21:00:00,15.71
Solar,2026-03-14 22:00:00,14.46
Solar,2026-03-14 23:00:00,14.19
Solar,2026-03-15 00:00:00,11.7
Solar,2026-03-15 01:00:00,10.64
Solar,2026-03-15 02:00:00,10.32
Solar,2026-03-15 03:00:00,10.32
Solar,2026-03-15 04:00:00,13.39
Solar,2026-03-15 05:00:00,59.4
Solar,2026-03-15 06:00:00,1877.95
Solar,2026-03-15 07:00:00,6679.0
Solar,2026-03-15 08:00:00,12491.53
Solar,2026-03-15 09:00:00,16703.27
Solar,2026-03-15 10:00:00,18252.69
Solar,2026-03-15 11:00:00,18706.49
Solar,2026-03-15 12:00:00,18069.82
Solar,2026-03-15 13:00:00,15838.45
Solar,2026-03-15 14:00:00,12066.87
Solar,2026-03-15 15:00:00,7375.74
Solar,2026-03-15 16:00:00,2546.68
Solar,2026-03-15 17:00:00,233.07
Solar,2026-03-15 18:00:00,38.35
Solar,2026-03-15 19:00:00,17.51
Solar,2026-03-15 20:00:00,16.24
Solar,2026-03-15 21:00:00,16.69
Solar,2026-03-15 22:00:00,11.82
Solar,2026-03-15 23:00:00,12.79
Solar,2026-03-16 00:00:00,10.93
Solar,2026-03-16 01:00:00,11.7
Solar,2026-03-16 02:00:00,9.33
Solar,2026-03-16 03:00:00,9.38
Solar,2026-03-16 04:00:00,9.59
Solar,2026-03-16 05:00:00,250.5
Solar,2026-03-16 06:00:00,3234.61
Solar,2026-03-16 07:00:00,8469.47
Solar,2026-03-16 08:00:00,12743.64
Solar,2026-03-16 09:00:00,16108.91
Solar,2026-03-16 10:00:00,19263.12
Solar,2026-03-16 11:00:00,21499.26
Solar,2026-03-16 12:00:00,22118.26
Solar,2026-03-16 13:00:00,20250.26
Solar,2026-03-16 14:00:00,15636.24
Solar,2026-03-16 15:00:00,9581.29
Solar,2026-03-16 16:00:00,3293.39
Solar,2026-03-16 17:00:00,180.78
Solar,2026-03-16 18:00:00,96.58
Solar,2026-03-16 19:00:00,29.19
Solar,2026-03-16 20:00:00,17.46
Solar,2026-03-16 21:00:00,14.53
Solar,2026-03-16 22:00:00,15.27
Solar,2026-03-16 23:00:00,11.85
Solar,2026-03-17 00:00:00,9.89
Solar,2026-03-17 01:00:00,10.82
Solar,2026-03-17 02:00:00,13.29
Solar,2026-03-17 03:00:00,12.86
Solar,2026-03-17 04:00:00,13.95
Solar,2026-03-17 05:00:00,343.38
Solar,2026-03-17 06:00:00,3521.65
Solar,2026-03-17 07:00:00,9302.64
Solar,2026-03-17 08:00:00,16116.02
Solar,2026-03-17 09:00:00,22217.94
Solar,2026-03-17 10:00:00,25938.33
Solar,2026-03-17 11:00:00,27747.28
Solar,2026-03-17 12:00:00,26536.22
Solar,2026-03-17 13:00:00,23729.92
Solar,2026-03-17 14:00:00,18257.82
Solar,2026-03-17 15:00:00,10748.22
Solar,2026-03-17 16:00:00,3363.41
Solar,2026-03-17 17:00:00,281.77
Solar,2026-03-17 18:00:00,75.34
Solar,2026-03-17 19:00:00,24.13
Solar,2026-03-17 20:00:00,15.3
Solar,2026-03-17 21:00:00,13.97
Solar,2026-03-17 22:00:00,11.36
Solar,2026-03-17 23:00:00,9.29
Solar,2026-03-18 00:00:00,9.49
Solar,2026-03-18 01:00:00,11.6
Solar,2026-03-18 02:00:00,13.29
Solar,2026-03-18 03:00:00,13.62
Solar,2026-03-18 04:00:00,14.92
Solar,2026-03-18 05:00:00,552.91
Solar,2026-03-18 06:00:00,7485.55
Solar,2026-03-18 07:00:00,20572.31
Solar,2026-03-18 08:00:00,33136.81
Solar,2026-03-18 09:00:00,39671.49
Solar,2026-03-18 10:00:00,42416.07
Solar,2026-03-18 11:00:00,43969.71
Solar,2026-03-18 12:00:00,42327.67
Solar,2026-03-18 13:00:00,39014.77
Solar,2026-03-18 14:00:00,31044.81
Solar,2026-03-18 15:00:00,18194.2
Solar,2026-03-18 16:00:00,5662.25
Solar,2026-03-18 17:00:00,379.19
Solar,2026-03-18 18:00:00,62.6
Solar,2026-03-18 19:00:00,34.13
Solar,2026-03-18 20:00:00,16.79
Solar,2026-03-18 21:00:00,13.3
Solar,2026-03-18 22:00:00,12.09
Solar,2026-03-18 23:00:00,11.05
Solar,2026-03-19 00:00:00,10.74
Solar,2026-03-19 01:00:00,9.83
Solar,2026-03-19 02:00:00,12.9
Solar,2026-03-19 03:00:00,13.72
Solar,2026-03-19 04:00:00,14.59
Solar,2026-03-19 05:00:00,672.38
Solar,2026-03-19 06:00:00,7578.81
Solar,2026-03-19 07:00:00,20237.2
Solar,2026-03-19 08:00:00,32071.16
Solar,2026-03-19 09:00:00,40735.44
Solar,2026-03-19 10:00:00,45677.69
Solar,2026-03-19 11:00:00,47251.81
Solar,2026-03-19 12:00:00,45793.67
Solar,2026-03-19 13:00:00,40369.9
Solar,2026-03-19 14:00:00,30952.32
Solar,2026-03-19 15:00:00,18362.69
Solar,2026-03-19 16:00:00,5831.52
Solar,2026-03-19 17:00:00,385.71
Solar,2026-03-19 18:00:00,98.42
Solar,2026-03-19 19:00:00,32.26
Solar,2026-03-19 20:00:00,12.8
Solar,2026-03-19 21:00:00,14.96
Solar,2026-03-19 22:00:00,12.58
Solar,2026-03-19 23:00:00,11.27
Solar,2026-03-20 00:00:00,11.25
Solar,2026-03-20 01:00:00,11.68
Solar,2026-03-20 02:00:00,11.97
Solar,2026-03-20 03:00:00,12.17
Solar,2026-03-20 04:00:00,13.54
Solar,2026-03-20 05:00:00,672.25
Solar,2026-03-20 06:00:00,6925.25
Solar,2026-03-20 07:00:00,17521.4
Solar,2026-03-20 08:00:00,27756.74
Solar,2026-03-20 09:00:00,35108.08
Solar,2026-03-20 10:00:00,39809.14
Solar,2026-03-20 11:00:00,41057.75
Solar,2026-03-20 12:00:00,38848.37
Solar,2026-03-20 13:00:00,32998.88
Solar,2026-03-20 14:00:00,24633.27
Solar,2026-03-20 15:00:00,14544.26
Solar,2026-03-20 16:00:00,4955.24
Solar,2026-03-20 17:00:00,384.29
Solar,2026-03-20 18:00:00,86.72
Solar,2026-03-20 19:00:00,65.77
Solar,2026-03-20 20:00:00,59.81
Solar,2026-03-20 21:00:00,22.73
Solar,2026-03-20 22:00:00,17.82
Solar,2026-03-20 23:00:00,17.98
Solar,2026-03-21 00:00:00,12.05
Solar,2026-03-21 01:00:00,12.43
Solar,2026-03-21 02:00:00,12.79
Solar,2026-03-21 03:00:00,15.61
Solar,2026-03-21 04:00:00,16.62
Solar,2026-03-21 05:00:00,447.46
Solar,2026-03-21 06:00:00,4510.13
Solar,2026-03-21 07:00:00,11544.0
Solar,2026-03-21 08:00:00,19061.03
Solar,2026-03-21 09:00:00,26073.62
Solar,2026-03-21 10:00:00,30742.3
Solar,2026-03-21 11:00:00,30458.63
Solar,2026-03-21 12:00:00,26779.48
Solar,2026-03-21 13:00:00,22697.22
Solar,2026-03-21 14:00:00,17372.66
Solar,2026-03-21 15:00:00,10226.27
Solar,2026-03-21 16:00:00,3607.11
Solar,2026-03-21 17:00:00,350.17
Solar,2026-03-21 18:00:00,97.93
Solar,2026-03-21 19:00:00,40.19
Solar,2026-03-21 20:00:00,21.4
Solar,2026-03-21 21:00:00,20.85
Solar,2026-03-21 22:00:00,17.66
Solar,2026-03-21 23:00:00,15.14
Solar,2026-03-22 00:00:00,16.32
Solar,2026-03-22 01:00:00,15.21
Solar,2026-03-22 02:00:00,16.33
Solar,2026-03-22 03:00:00,15.74
Solar,2026-03-22 04:00:00,15.67
Solar,2026-03-22 05:00:00,926.98
Solar,2026-03-22 06:00:00,8373.26
Solar,2026-03-22 07:00:00,21346.75
Solar,2026-03-22 08:00:00,33774.76
Solar,2026-03-22 09:00:00,41697.41
Solar,2026-03-22 10:00:00,44470.44
Solar,2026-03-22 11:00:00,44540.78
Solar,2026-03-22 12:00:00,42040.75
Solar,2026-03-22 13:00:00,37569.72
Solar,2026-03-22 14:00:00,29937.11
Solar,2026-03-22 15:00:00,18623.0
Solar,2026-03-22 16:00:00,6360.32
Solar,2026-03-22 17:00:00,480.95
Solar,2026-03-22 18:00:00,51.48
Solar,2026-03-22 19:00:00,26.43
Solar,2026-03-22 20:00:00,17.95
Solar,2026-03-22 21:00:00,18.15
Solar,2026-03-22 22:00:00,15.9
Solar,2026-03-22 23:00:00,15.4
Solar,2026-03-23 00:00:00,14.06
Solar,2026-03-23 01:00:00,14.37
Solar,2026-03-23 02:00:00,13.59
Solar,2026-03-23 03:00:00,17.45
Solar,2026-03-23 04:00:00,17.72
Solar,2026-03-23 05:00:00,1102.12
Solar,2026-03-23 06:00:00,8151.89
Solar,2026-03-23 07:00:00,20033.87
Solar,2026-03-23 08:00:00,31913.89
Solar,2026-03-23 09:00:00,40632.46
Solar,2026-03-23 10:00:00,45482.36
Solar,2026-03-23 11:00:00,44655.05
Solar,2026-03-23 12:00:00,39401.82
Solar,2026-03-23 13:00:00,32242.86
Solar,2026-03-23 14:00:00,23920.15
Solar,2026-03-23 15:00:00,14644.52
Solar,2026-03-23 16:00:00,5201.57
Solar,2026-03-23 17:00:00,521.14
Solar,2026-03-23 18:00:00,124.09
Solar,2026-03-23 19:00:00,61.83
Solar,2026-03-23 20:00:00,15.43
Solar,2026-03-23 21:00:00,16.83
Solar,2026-03-23 22:00:00,13.46
Solar,2026-03-23 23:00:00,15.21
Solar,2026-03-24 00:00:00,13.31
Solar,2026-03-24 01:00:00,11.85
Solar,2026-03-24 02:00:00,12.01
Solar,2026-03-24 03:00:00,12.96
Solar,2026-03-24 04:00:00,13.98
Solar,2026-03-24 05:00:00,987.55
Solar,2026-03-24 06:00:00,6069.8
Solar,2026-03-24 07:00:00,13721.91
Solar,2026-03-24 08:00:00,22104.18
Solar,2026-03-24 09:00:00,29614.32
Solar,2026-03-24 10:00:00,34103.21
Solar,2026-03-24 11:00:00,34363.74
Solar,2026-03-24 12:00:00,32349.04
Solar,2026-03-24 13:00:00,27770.24
Solar,2026-03-24 14:00:00,20375.84
Solar,2026-03-24 15:00:00,11458.41
Solar,2026-03-24 16:00:00,4056.13
Solar,2026-03-24 17:00:00,408.19
Solar,2026-03-24 18:00:00,65.48
Solar,2026-03-24 19:00:00,33.67
Solar,2026-03-24 20:00:00,17.28
Solar,2026-03-24 21:00:00,18.33
Solar,2026-03-24 22:00:00,10.4
Solar,2026-03-24 23:00:00,10.77
Solar,2026-03-25 00:00:00,11.69
Solar,2026-03-25 01:00:00,11.57
Solar,2026-03-25 02:00:00,10.88
Solar,2026-03-25 03:00:00,10.97
Solar,2026-03-25 04:00:00,12.62
Solar,2026-03-25 05:00:00,742.68
Solar,2026-03-25 06:00:00,5056.3
Solar,2026-03-25 07:00:00,10459.12
Solar,2026-03-25 08:00:00,14142.63
Solar,2026-03-25 09:00:00,16434.54
Solar,2026-03-25 10:00:00,17085.16
Solar,2026-03-25 11:00:00,17377.99
Solar,2026-03-25 12:00:00,17028.41
Solar,2026-03-25 13:00:00,16710.57
Solar,2026-03-25 14:00:00,13781.31
Solar,2026-03-25 15:00:00,8652.34
Solar,2026-03-25 16:00:00,3524.5
Solar,2026-03-25 17:00:00,441.04
Solar,2026-03-25 18:00:00,80.62
Solar,2026-03-25 19:00:00,49.09
Solar,2026-03-25 20:00:00,28.36
Solar,2026-03-25 21:00:00,16.15
Solar,2026-03-25 22:00:00,12.47
Solar,2026-03-25 23:00:00,11.21
Solar,2026-03-26 00:00:00,12.45
Solar,2026-03-26 01:00:00,13.06
Solar,2026-03-26 02:00:00,13.24
Solar,2026-03-26 03:00:00,13.43
Solar,2026-03-26 04:00:00,13.12
Solar,2026-03-26 05:00:00,672.24
Solar,2026-03-26 06:00:00,4900.6
Solar,2026-03-26 07:00:00,11272.71
Solar,2026-03-26 08:00:00,16483.78
Solar,2026-03-26 09:00:00,21390.34
Solar,2026-03-26 10:00:00,26223.25
Solar,2026-03-26 11:00:00,29060.67
Solar,2026-03-26 12:00:00,29529.28
Solar,2026-03-26 13:00:00,27862.7
Solar,2026-03-26 14:00:00,23452.41
Solar,2026-03-26 15:00:00,15810.64
Solar,2026-03-26 16:00:00,6235.49
Solar,2026-03-26 17:00:00,687.47
Solar,2026-03-26 18:00:00,52.8
Solar,2026-03-26 19:00:00,45.85
Solar,2026-03-26 20:00:00,14.02
Solar,2026-03-26 21:00:00,13.24
Solar,2026-03-26 22:00:00,11.26
Solar,2026-03-26 23:00:00,9.31
Solar,2026-03-27 00:00:00,10.97
Solar,2026-03-27 01:00:00,12.99
Solar,2026-03-27 02:00:00,15.75
Solar,2026-03-27 03:00:00,15.36
Solar,2026-03-27 04:00:00,18.5
Solar,2026-03-27 05:00:00,1529.9
Solar,2026-03-27 06:00:00,9234.05
Solar,2026-03-27 07:00:00,20856.91
Solar,2026-03-27 08:00:00,30764.44
Solar,2026-03-27 09:00:00,35594.1
Solar,2026-03-27 10:00:00,36580.43
Solar,2026-03-27 11:00:00,37223.12
Solar,2026-03-27 12:00:00,35820.63
Solar,2026-03-27 13:00:00,32828.54
Solar,2026-03-27 14:00:00,26696.98
Solar,2026-03-27 15:00:00,17053.12
Solar,2026-03-27 16:00:00,6566.63
Solar,2026-03-27 17:00:00,800.47
Solar,2026-03-27 18:00:00,123.9
Solar,2026-03-27 19:00:00,38.17
Solar,2026-03-27 20:00:00,21.57
Solar,2026-03-27 21:00:00,20.06
Solar,2026-03-27 22:00:00,17.47
Solar,2026-03-27 23:00:00,15.85
Solar,2026-03-28 00:00:00,14.3
Solar,2026-03-28 01:00:00,12.2
Solar,2026-03-28 02:00:00,13.18
Solar,2026-03-28 03:00:00,15.29
Solar,2026-03-28 04:00:00,22.23
Solar,2026-03-28 05:00:00,1883.95
Solar,2026-03-28 06:00:00,9393.7
Solar,2026-03-28 07:00:00,18669.39
Solar,2026-03-28 08:00:00,25577.87
Solar,2026-03-28 09:00:00,27652.01
Solar,2026-03-28 10:00:00,28197.96
Solar,2026-03-28 11:00:00,26922.56
Solar,2026-03-28 12:00:00,23681.08
Solar,2026-03-28 13:00:00,19834.66
Solar,2026-03-28 14:00:00,14978.06
Solar,2026-03-28 15:00:00,9334.54
Solar,2026-03-28 16:00:00,3842.43
Solar,2026-03-28 17:00:00,560.54
Solar,2026-03-28 18:00:00,134.97
Solar,2026-03-28 19:00:00,78.6
Solar,2026-03-28 20:00:00,26.74
Solar,2026-03-28 21:00:00,19.75
Solar,2026-03-28 22:00:00,16.7
Solar,2026-03-28 23:00:00,18.14
Solar,2026-03-29 00:00:00,15.86
Solar,2026-03-29 01:00:00,13.44
Solar,2026-03-29 02:00:00,17.79
Solar,2026-03-29 03:00:00,20.46
Solar,2026-03-29 04:00:00,23.42
Solar,2026-03-29 05:00:00,1127.18
Solar,2026-03-29 06:00:00,6774.35
Solar,2026-03-29 07:00:00,15544.7
Solar,2026-03-29 08:00:00,23170.77
Solar,2026-03-29 09:00:00,27885.59
Solar,2026-03-29 10:00:00,31370.19
Solar,2026-03-29 11:00:00,31513.26
Solar,2026-03-29 12:00:00,30153.23
Solar,2026-03-29 13:00:00,26838.89
Solar,2026-03-29 14:00:00,21109.59
Solar,2026-03-29 15:00:00,12761.72
Solar,2026-03-29 16:00:00,4796.84
Solar,2026-03-29 17:00:00,526.57
Solar,2026-03-29 18:00:00,53.02
Solar,2026-03-29 19:00:00,18.1
Solar,2026-03-29 20:00:00,15.57
Solar,2026-03-29 21:00:00,14.43
Solar,2026-03-29 22:00:00,12.64
Solar,2026-03-29 23:00:00,12.66
Solar,2026-03-30 00:00:00,11.55
Solar,2026-03-30 01:00:00,12.23
Solar,2026-03-30 02:00:00,12.4
Solar,2026-03-30 03:00:00,12.22
Solar,2026-03-30 04:00:00,18.44
Solar,2026-03-30 05:00:00,616.46
Solar,2026-03-30 06:00:00,3463.19
Solar,2026-03-30 07:00:00,8628.05
Solar,2026-03-30 08:00:00,14893.47
Solar,2026-03-30 09:00:00,20023.1
Solar,2026-03-30 10:00:00,24155.26
Solar,2026-03-30 11:00:00,26808.81
Solar,2026-03-30 12:00:00,27247.21
Solar,2026-03-30 13:00:00,24886.0
Solar,2026-03-30 14:00:00,20057.32
Solar,2026-03-30 15:00:00,13644.05
Solar,2026-03-30 16:00:00,5954.32
Solar,2026-03-30 17:00:00,826.56
Solar,2026-03-30 18:00:00,65.67
Solar,2026-03-30 19:00:00,42.34
Solar,2026-03-30 20:00:00,29.33
Solar,2026-03-30 21:00:00,17.37
Solar,2026-03-30 22:00:00,12.74
Solar,2026-03-30 23:00:00,12.71
Solar,2026-03-31 00:00:00,12.83
Solar,2026-03-31 01:00:00,13.52
Solar,2026-03-31 02:00:00,13.17
Solar,2026-03-31 03:00:00,12.53
Solar,2026-03-31 04:00:00,26.99
Solar,2026-03-31 05:00:00,1025.36
Solar,2026-03-31 06:00:00,5275.66
Solar,2026-03-31 07:00:00,11756.33
Solar,2026-03-31 08:00:00,18405.27
Solar,2026-03-31 09:00:00,22084.13
Solar,2026-03-31 10:00:00,25193.78
Solar,2026-03-31 11:00:00,27144.58
Solar,2026-03-31 12:00:00,26987.38
Solar,2026-03-31 13:00:00,24854.85
Solar,2026-03-31 14:00:00,20168.03
Solar,2026-03-31 15:00:00,13174.92
Solar,2026-03-31 16:00:00,5736.05
Solar,2026-03-31 17:00:00,828.98
Solar,2026-03-31 18:00:00,33.07
Solar,2026-03-31 19:00:00,23.92
Solar,2026-03-31 20:00:00,20.53
Solar,2026-03-31 21:00:00,15.63
Solar,2026-03-31 22:00:00,11.96
Solar,2026-03-31 23:00:00,9.24
Solar,2026-04-01 00:00:00,9.04
Solar,2026-04-01 01:00:00,10.76
Solar,2026-04-01 02:00:00,11.11
Solar,2026-04-01 03:00:00,15.72
Solar,2026-04-01 04:00:00,54.17
Solar,2026-04-01 05:00:00,1835.28
Solar,2026-04-01 06:00:00,8433.18
Solar,2026-04-01 07:00:00,17731.79
Solar,2026-04-01 08:00:00,25324.87
Solar,2026-04-01 09:00:00,31464.5
Solar,2026-04-01 10:00:00,35973.15
Solar,2026-04-01 11:00:00,38158.56
Solar,2026-04-01 12:00:00,37259.14
Solar,2026-04-01 13:00:00,34480.64
Solar,2026-04-01 14:00:00,29121.21
Solar,2026-04-01 15:00:00,19919.98
Solar,2026-04-01 16:00:00,8672.35
Solar,2026-04-01 17:00:00,1252.98
Solar,2026-04-01 18:00:00,82.74
Solar,2026-04-01 19:00:00,45.3
Solar,2026-04-01 20:00:00,19.15
Solar,2026-04-01 21:00:00,11.47
Solar,2026-04-01 22:00:00,11.65
Solar,2026-04-01 23:00:00,10.36
Solar,2026-04-02 00:00:00,9.87
Solar,2026-04-02 01:00:00,9.73
Solar,2026-04-02 02:00:00,9.53
Solar,2026-04-02 03:00:00,14.6
Solar,2026-04-02 04:00:00,66.46
Solar,2026-04-02 05:00:00,2934.9
Solar,2026-04-02 06:00:00,12995.13
Solar,2026-04-02 07:00:00,25788.28
Solar,2026-04-02 08:00:00,36069.55
Solar,2026-04-02 09:00:00,41637.35
Solar,2026-04-02 10:00:00,43474.24
Solar,2026-04-02 11:00:00,42576.62
Solar,2026-04-02 12:00:00,39760.77
Solar,2026-04-02 13:00:00,33985.33
Solar,2026-04-02 14:00:00,25338.49
Solar,2026-04-02 15:00:00,15484.83
Solar,2026-04-02 16:00:00,6602.64
Solar,2026-04-02 17:00:00,973.48
Solar,2026-04-02 18:00:00,94.35
Solar,2026-04-02 19:00:00,51.8
Solar,2026-04-02 20:00:00,16.14
Solar,2026-04-02 21:00:00,29.93
Solar,2026-04-02 22:00:00,11.27
Solar,2026-04-02 23:00:00,9.97
Solar,2026-04-03 00:00:00,9.55
Solar,2026-04-03 01:00:00,9.21
Solar,2026-04-03 02:00:00,9.08
Solar,2026-04-03 03:00:00,9.33
Solar,2026-04-03 04:00:00,37.65
Solar,2026-04-03 05:00:00,2113.99
Solar,2026-04-03 06:00:00,8920.86
Solar,2026-04-03 07:00:00,18194.71
Solar,2026-04-03 08:00:00,25135.37
Solar,2026-04-03 09:00:00,30656.51
Solar,2026-04-03 10:00:00,34243.68
Solar,2026-04-03 11:00:00,35813.48
Solar,2026-04-03 12:00:00,35228.56
Solar,2026-04-03 13:00:00,32314.14
Solar,2026-04-03 14:00:00,25664.94
Solar,2026-04-03 15:00:00,15746.03
Solar,2026-04-03 16:00:00,5976.26
Solar,2026-04-03 17:00:00,848.32
Solar,2026-04-03 18:00:00,79.11
Solar,2026-04-03 19:00:00,25.4
Solar,2026-04-03 20:00:00,17.98
Solar,2026-04-03 21:00:00,16.34
Solar,2026-04-03 22:00:00,10.56
Solar,2026-04-03 23:00:00,10.8
Solar,2026-04-04 00:00:00,9.33
Solar,2026-04-04 01:00:00,9.28
Solar,2026-04-04 02:00:00,10.38
Solar,2026-04-04 03:00:00,10.28
Solar,2026-04-04 04:00:00,30.05
Solar,2026-04-04 05:00:00,1274.66
Solar,2026-04-04 06:00:00,5686.44
Solar,2026-04-04 07:00:00,11742.38
Solar,2026-04-04 08:00:00,18631.36
Solar,2026-04-04 09:00:00,23548.29
Solar,2026-04-04 10:00:00,27244.47
Solar,2026-04-04 11:00:00,28129.86
Solar,2026-04-04 12:00:00,26884.98
Solar,2026-04-04 13:00:00,24663.2
Solar,2026-04-04 14:00:00,19497.2
Solar,2026-04-04 15:00:00,12827.1
Solar,2026-04-04 16:00:00,5648.02
Solar,2026-04-04 17:00:00,1042.18
Solar,2026-04-04 18:00:00,103.67
Solar,2026-04-04 19:00:00,43.13
Solar,2026-04-04 20:00:00,18.18
Solar,2026-04-04 21:00:00,12.09
Solar,2026-04-04 22:00:00,9.66
Solar,2026-04-04 23:00:00,10.79
Solar,2026-04-05 00:00:00,9.47
Solar,2026-04-05 01:00:00,12.3
Solar,2026-04-05 02:00:00,9.64
Solar,2026-04-05 03:00:00,9.82
Solar,2026-04-05 04:00:00,85.86
Solar,2026-04-05 05:00:00,2756.11
Solar,2026-04-05 06:00:00,9697.14
Solar,2026-04-05 07:00:00,18156.18
Solar,2026-04-05 08:00:00,24885.14
Solar,2026-04-05 09:00:00,30150.82
Solar,2026-04-05 10:00:00,33377.97
Solar,2026-04-05 11:00:00,33593.18
Solar,2026-04-05 12:00:00,31446.72
Solar,2026-04-05 13:00:00,26692.6
Solar,2026-04-05 14:00:00,19510.49
Solar,2026-04-05 15:00:00,11516.86
Solar,2026-04-05 16:00:00,5014.89
Solar,2026-04-05 17:00:00,971.69
Solar,2026-04-05 18:00:00,45.92
Solar,2026-04-05 19:00:00,50.75
Solar,2026-04-05 20:00:00,43.17
Solar,2026-04-05 21:00:00,14.11
Solar,2026-04-05 22:00:00,14.83
Solar,2026-04-05 23:00:00,13.4
Solar,2026-04-06 00:00:00,9.32
Solar,2026-04-06 01:00:00,9.89
Solar,2026-04-06 02:00:00,10.23
Solar,2026-04-06 03:00:00,18.42
Solar,2026-04-06 04:00:00,119.03
Solar,2026-04-06 05:00:00,3835.91
Solar,2026-04-06 06:00:00,13552.78
Solar,2026-04-06 07:00:00,24456.88
Solar,2026-04-06 08:00:00,34169.03
Solar,2026-04-06 09:00:00,39885.7
Solar,2026-04-06 10:00:00,41660.64
Solar,2026-04-06 11:00:00,41311.44
Solar,2026-04-06 12:00:00,39577.25
Solar,2026-04-06 13:00:00,35796.89
Solar,2026-04-06 14:00:00,31256.57
Solar,2026-04-06 15:00:00,21765.41
Solar,2026-04-06 16:00:00,10637.37
Solar,2026-04-06 17:00:00,1698.79
Solar,2026-04-06 18:00:00,67.63
Solar,2026-04-06 19:00:00,20.98
Solar,2026-04-06 20:00:00,20.33
Solar,2026-04-06 21:00:00,14.13
Solar,2026-04-06 22:00:00,11.76
Solar,2026-04-06 23:00:00,10.41
Solar,2026-04-07 00:00:00,10.43
Solar,2026-04-07 01:00:00,10.88
Solar,2026-04-07 02:00:00,11.36
Solar,2026-04-07 03:00:00,14.84
Solar,2026-04-07 04:00:00,185.37
Solar,2026-04-07 05:00:00,4439.36
Solar,2026-04-07 06:00:00,15851.31
Solar,2026-04-07 07:00:00,30004.5
Solar,2026-04-07 08:00:00,41691.63
Solar,2026-04-07 09:00:00,49183.38
Solar,2026-04-07 10:00:00,51896.62
Solar,2026-04-07 11:00:00,51482.5
Solar,2026-04-07 12:00:00,48707.42
Solar,2026-04-07 13:00:00,44217.22
Solar,2026-04-07 14:00:00,38099.25
Solar,2026-04-07 15:00:00,26737.91
Solar,2026-04-07 16:00:00,11929.69
Solar,2026-04-07 17:00:00,1959.15
Solar,2026-04-07 18:00:00,83.66
Solar,2026-04-07 19:00:00,25.72
Solar,2026-04-07 20:00:00,15.22
Solar,2026-04-07 21:00:00,12.2
Solar,2026-04-07 22:00:00,10.37
Solar,2026-04-07 23:00:00,10.12
Solar,2026-04-08 00:00:00,9.94
Solar,2026-04-08 01:00:00,9.72
Solar,2026-04-08 02:00:00,9.59
Solar,2026-04-08 03:00:00,13.28
Solar,2026-04-08 04:00:00,220.7
Solar,2026-04-08 05:00:00,5159.4
Solar,2026-04-08 06:00:00,17897.37
Solar,2026-04-08 07:00:00,33159.8
Solar,2026-04-08 08:00:00,44934.58
Solar,2026-04-08 09:00:00,51449.44
Solar,2026-04-08 10:00:00,52876.91
Solar,2026-04-08 11:00:00,52167.43
Solar,2026-04-08 12:00:00,50172.51
Solar,2026-04-08 13:00:00,45686.15
Solar,2026-04-08 14:00:00,39014.8
Solar,2026-04-08 15:00:00,26217.22
Solar,2026-04-08 16:00:00,11430.87
Solar,2026-04-08 17:00:00,2099.95
Solar,2026-04-08 18:00:00,106.17
Solar,2026-04-08 19:00:00,35.0
Solar,2026-04-08 20:00:00,11.16
Solar,2026-04-08 21:00:00,10.09
Solar,2026-04-08 22:00:00,9.7
Solar,2026-04-08 23:00:00,9.64
Solar,2026-04-09 00:00:00,9.6
Solar,2026-04-09 01:00:00,11.23
Solar,2026-04-09 02:00:00,11.25
Solar,2026-04-09 03:00:00,13.73
Solar,2026-04-09 04:00:00,242.4
Solar,2026-04-09 05:00:00,4215.94
Solar,2026-04-09 06:00:00,13993.98
Solar,2026-04-09 07:00:00,27505.7
Solar,2026-04-09 08:00:00,39320.31
Solar,2026-04-09 09:00:00,46141.04
Solar,2026-04-09 10:00:00,47615.84
Solar,2026-04-09 11:00:00,47363.61
Solar,2026-04-09 12:00:00,45506.7
Solar,2026-04-09 13:00:00,40768.97
Solar,2026-04-09 14:00:00,34519.04
Solar,2026-04-09 15:00:00,23158.86
Solar,2026-04-09 16:00:00,9908.57
Solar,2026-04-09 17:00:00,1678.45
Solar,2026-04-09 18:00:00,58.93
Solar,2026-04-09 19:00:00,29.74
Solar,2026-04-09 20:00:00,12.66
Solar,2026-04-09 21:00:00,10.49
Solar,2026-04-09 22:00:00,10.5
Solar,2026-04-09 23:00:00,11.87
Solar,2026-04-10 00:00:00,22.33
Solar,2026-04-10 01:00:00,10.31
Solar,2026-04-10 02:00:00,10.16
Solar,2026-04-10 03:00:00,11.57
Solar,2026-04-10 04:00:00,116.1
Solar,2026-04-10 05:00:00,1109.76
Solar,2026-04-10 06:00:00,3545.92
Solar,2026-04-10 07:00:00,7384.47
Solar,2026-04-10 08:00:00,11962.05
Solar,2026-04-10 09:00:00,16690.33
Solar,2026-04-10 10:00:00,21805.83
Solar,2026-04-10 11:00:00,25922.0
Solar,2026-04-10 12:00:00,28051.48
Solar,2026-04-10 13:00:00,27086.92
Solar,2026-04-10 14:00:00,22404.58
Solar,2026-04-10 15:00:00,14983.33
Solar,2026-04-10 16:00:00,7262.65
Solar,2026-04-10 17:00:00,1627.36
Solar,2026-04-10 18:00:00,173.1
Solar,2026-04-10 19:00:00,83.88
Solar,2026-04-10 20:00:00,40.64
Solar,2026-04-10 21:00:00,40.12
Solar,2026-04-10 22:00:00,17.65
Solar,2026-04-10 23:00:00,13.94
Solar,2026-04-11 00:00:00,11.27
Solar,2026-04-11 01:00:00,12.24
Solar,2026-04-11 02:00:00,11.75
Solar,2026-04-11 03:00:00,15.18
Solar,2026-04-11 04:00:00,299.84
Solar,2026-04-11 05:00:00,4841.83
Solar,2026-04-11 06:00:00,15196.95
Solar,2026-04-11 07:00:00,28814.16
Solar,2026-04-11 08:00:00,38998.23
Solar,2026-04-11 09:00:00,44908.07
Solar,2026-04-11 10:00:00,48349.74
Solar,2026-04-11 11:00:00,47465.36
Solar,2026-04-11 12:00:00,44631.95
Solar,2026-04-11 13:00:00,39267.68
Solar,2026-04-11 14:00:00,30782.63
Solar,2026-04-11 15:00:00,19899.64
Solar,2026-04-11 16:00:00,8258.71
Solar,2026-04-11 17:00:00,1442.02
Solar,2026-04-11 18:00:00,59.32
Solar,2026-04-11 19:00:00,20.6
Solar,2026-04-11 20:00:00,18.3
Solar,2026-04-11 21:00:00,21.76
Solar,2026-04-11 22:00:00,11.35
Solar,2026-04-11 23:00:00,12.41
Solar,2026-04-12 00:00:00,12.33
Solar,2026-04-12 01:00:00,14.25
Solar,2026-04-12 02:00:00,15.2
Solar,2026-04-12 03:00:00,29.74
Solar,2026-04-12 04:00:00,101.41
Solar,2026-04-12 05:00:00,1713.91
Solar,2026-04-12 06:00:00,5831.93
Solar,2026-04-12 07:00:00,10973.16
Solar,2026-04-12 08:00:00,16175.14
Solar,2026-04-12 09:00:00,20133.22
Solar,2026-04-12 10:00:00,22617.17
Solar,2026-04-12 11:00:00,23753.8
Solar,2026-04-12 12:00:00,22584.1
Solar,2026-04-12 13:00:00,18531.68
Solar,2026-04-12 14:00:00,14106.07
Solar,2026-04-12 15:00:00,8979.87
Solar,2026-04-12 16:00:00,4290.62
Solar,2026-04-12 17:00:00,1019.53
Solar,2026-04-12 18:00:00,82.15
Solar,2026-04-12 19:00:00,24.69
Solar,2026-04-12 20:00:00,17.8
Solar,2026-04-12 21:00:00,12.42
Solar,2026-04-12 22:00:00,19.69
Solar,2026-04-12 23:00:00,9.69
Solar,2026-04-13 00:00:00,9.39
Solar,2026-04-13 01:00:00,9.71
Solar,2026-04-13 02:00:00,10.27
Solar,2026-04-13 03:00:00,11.44
Solar,2026-04-13 04:00:00,83.26
Solar,2026-04-13 05:00:00,1420.49
Solar,2026-04-13 06:00:00,4297.0
Solar,2026-04-13 07:00:00,7834.59
Solar,2026-04-13 08:00:00,11867.29
Solar,2026-04-13 09:00:00,16210.86
Solar,2026-04-13 10:00:00,19309.67
Solar,2026-04-13 11:00:00,20023.51
Solar,2026-04-13 12:00:00,18101.48
Solar,2026-04-13 13:00:00,14550.63
Solar,2026-04-13 14:00:00,10252.97
Solar,2026-04-13 15:00:00,6161.12
Solar,2026-04-13 16:00:00,2879.94
Solar,2026-04-13 17:00:00,669.25
Solar,2026-04-13 18:00:00,61.17
Solar,2026-04-13 19:00:00,15.7
Solar,2026-04-13 20:00:00,11.63
Solar,2026-04-13 21:00:00,9.5
Solar,2026-04-13 22:00:00,8.69
Solar,2026-04-13 23:00:00,9.08
Solar,2026-04-14 00:00:00,9.71
Solar,2026-04-14 01:00:00,8.56
Solar,2026-04-14 02:00:00,9.49
Solar,2026-04-14 03:00:00,11.7
Solar,2026-04-14 04:00:00,122.78
Solar,2026-04-14 05:00:00,1838.32
Solar,2026-04-14 06:00:00,6113.8
Solar,2026-04-14 07:00:00,12023.58
Solar,2026-04-14 08:00:00,18054.41
Solar,2026-04-14 09:00:00,23075.45
Solar,2026-04-14 10:00:00,26224.05
Solar,2026-04-14 11:00:00,27442.37
Solar,2026-04-14 12:00:00,26567.63
Solar,2026-04-14 13:00:00,23957.79
Solar,2026-04-14 14:00:00,19778.55
Solar,2026-04-14 15:00:00,13872.87
Solar,2026-04-14 16:00:00,7180.08
Solar,2026-04-14 17:00:00,1895.53
Solar,2026-04-14 18:00:00,169.99
Solar,2026-04-14 19:00:00,64.97
Solar,2026-04-14 20:00:00,16.76
Solar,2026-04-14 21:00:00,12.37
Solar,2026-04-14 22:00:00,10.12
Solar,2026-04-14 23:00:00,11.04
Solar,2026-04-15 00:00:00,10.17
Solar,2026-04-15 01:00:00,9.15
Solar,2026-04-15 02:00:00,9.68
Solar,2026-04-15 03:00:00,10.18
Solar,2026-04-15 04:00:00,418.79
Solar,2026-04-15 05:00:00,4811.68
Solar,2026-04-15 06:00:00,14359.36
Solar,2026-04-15 07:00:00,25834.15
Solar,2026-04-15 08:00:00,36061.1
Solar,2026-04-15 09:00:00,42766.16
Solar,2026-04-15 10:00:00,45028.97
Solar,2026-04-15 11:00:00,43929.32
Solar,2026-04-15 12:00:00,39603.31
Solar,2026-04-15 13:00:00,33345.22
Solar,2026-04-15 14:00:00,25902.05
Solar,2026-04-15 15:00:00,16827.15
Solar,2026-04-15 16:00:00,7666.3
Solar,2026-04-15 17:00:00,1759.84
Solar,2026-04-15 18:00:00,149.22
Solar,2026-04-15 19:00:00,31.22
Solar,2026-04-15 20:00:00,14.29
Solar,2026-04-15 21:00:00,14.16
Solar,2026-04-15 22:00:00,11.67
Solar,2026-04-15 23:00:00,9.15
Solar,2026-04-16 00:00:00,10.65
Solar,2026-04-16 01:00:00,11.68
Solar,2026-04-16 02:00:00,10.61
Solar,2026-04-16 03:00:00,11.08
Solar,2026-04-16 04:00:00,272.11
Solar,2026-04-16 05:00:00,3355.22
Solar,2026-04-16 06:00:00,10429.95
Solar,2026-04-16 07:00:00,20868.97
Solar,2026-04-16 08:00:00,31481.67
Solar,2026-04-16 09:00:00,39270.19
Solar,2026-04-16 10:00:00,41173.79
Solar,2026-04-16 11:00:00,39872.32
Solar,2026-04-16 12:00:00,37364.14
Solar,2026-04-16 13:00:00,32491.7
Solar,2026-04-16 14:00:00,25591.08
Solar,2026-04-16 15:00:00,17945.59
Solar,2026-04-16 16:00:00,9351.15
Solar,2026-04-16 17:00:00,2518.02
Solar,2026-04-16 18:00:00,151.56
Solar,2026-04-16 19:00:00,61.68
Solar,2026-04-16 20:00:00,14.27
Solar,2026-04-16 21:00:00,11.39
Solar,2026-04-16 22:00:00,10.12
Solar,2026-04-16 23:00:00,11.06
Solar,2026-04-17 00:00:00,10.66
Solar,2026-04-17 01:00:00,9.56
Solar,2026-04-17 02:00:00,12.77
Solar,2026-04-17 03:00:00,13.68
Solar,2026-04-17 04:00:00,686.44
Solar,2026-04-17 05:00:00,6553.65
Solar,2026-04-17 06:00:00,18307.1
Solar,2026-04-17 07:00:00,31098.59
Solar,2026-04-17 08:00:00,40923.28
Solar,2026-04-17 09:00:00,47023.24
Solar,2026-04-17 10:00:00,48721.88
Solar,2026-04-17 11:00:00,47074.57
Solar,2026-04-17 12:00:00,43234.16
Solar,2026-04-17 13:00:00,38001.57
Solar,2026-04-17 14:00:00,30781.95
Solar,2026-04-17 15:00:00,20893.59
Solar,2026-04-17 16:00:00,10055.18
Solar,2026-04-17 17:00:00,2511.75
Solar,2026-04-17 18:00:00,163.05
Solar,2026-04-17 19:00:00,85.76
Solar,2026-04-17 20:00:00,37.15
Solar,2026-04-17 21:00:00,19.08
Solar,2026-04-17 22:00:00,24.36
Solar,2026-04-17 23:00:00,15.8
Solar,2026-04-18 00:00:00,13.73
Solar,2026-04-18 01:00:00,11.03
Solar,2026-04-18 02:00:00,13.29
Solar,2026-04-18 03:00:00,14.29
Solar,2026-04-18 04:00:00,648.46
Solar,2026-04-18 05:00:00,5510.81
Solar,2026-04-18 06:00:00,15312.65
Solar,2026-04-18 07:00:00,25689.05
Solar,2026-04-18 08:00:00,34416.9
Solar,2026-04-18 09:00:00,41038.29
Solar,2026-04-18 10:00:00,41772.39
Solar,2026-04-18 11:00:00,38867.12
Solar,2026-04-18 12:00:00,32645.09
Solar,2026-04-18 13:00:00,26409.03
Solar,2026-04-18 14:00:00,19384.46
Solar,2026-04-18 15:00:00,13418.32
Solar,2026-04-18 16:00:00,6691.56
Solar,2026-04-18 17:00:00,1747.66
Solar,2026-04-18 18:00:00,105.38
Solar,2026-04-18 19:00:00,56.75
Solar,2026-04-18 20:00:00,60.17
Solar,2026-04-18 21:00:00,25.22
Solar,2026-04-18 22:00:00,22.95
Solar,2026-04-18 23:00:00,14.83
Solar,2026-04-19 00:00:00,10.66
Solar,2026-04-19 01:00:00,9.78
Solar,2026-04-19 02:00:00,12.92
Solar,2026-04-19 03:00:00,14.93
Solar,2026-04-19 04:00:00,426.58
Solar,2026-04-19 05:00:00,3209.85
Solar,2026-04-19 06:00:00,8057.23
Solar,2026-04-19 07:00:00,13930.17
Solar,2026-04-19 08:00:00,18284.54
Solar,2026-04-19 09:00:00,20926.18
Solar,2026-04-19 10:00:00,23598.75
Solar,2026-04-19 11:00:00,23964.95
Solar,2026-04-19 12:00:00,23310.79
Solar,2026-04-19 13:00:00,22217.05
Solar,2026-04-19 14:00:00,20257.37
Solar,2026-04-19 15:00:00,15145.86
Solar,2026-04-19 16:00:00,8217.56
Solar,2026-04-19 17:00:00,2225.17
Solar,2026-04-19 18:00:00,114.65
Solar,2026-04-19 19:00:00,28.77
Solar,2026-04-19 20:00:00,25.64
Solar,2026-04-19 21:00:00,12.86
Solar,2026-04-19 22:00:00,17.2
Solar,2026-04-19 23:00:00,10.36
Solar,2026-04-20 00:00:00,8.78
Solar,2026-04-20 01:00:00,9.04
Solar,2026-04-20 02:00:00,9.84
Solar,2026-04-20 03:00:00,14.69
Solar,2026-04-20 04:00:00,500.48
Solar,2026-04-20 05:00:00,4627.98
Solar,2026-04-20 06:00:00,12488.84
Solar,2026-04-20 07:00:00,20955.96
Solar,2026-04-20 08:00:00,27824.67
Solar,2026-04-20 09:00:00,32086.02
Solar,2026-04-20 10:00:00,33482.12
Solar,2026-04-20 11:00:00,32681.56
Solar,2026-04-20 12:00:00,30990.36
Solar,2026-04-20 13:00:00,28411.1
Solar,2026-04-20 14:00:00,23943.38
Solar,2026-04-20 15:00:00,17308.08
Solar,2026-04-20 16:00:00,9016.89
Solar,2026-04-20 17:00:00,2459.7
Solar,2026-04-20 18:00:00,201.83
Solar,2026-04-20 19:00:00,32.26
Solar,2026-04-20 20:00:00,20.73
Solar,2026-04-20 21:00:00,14.03
Solar,2026-04-20 22:00:00,12.68
Solar,2026-04-20 23:00:00,9.68
Solar,2026-04-21 00:00:00,11.84
Solar,2026-04-21 01:00:00,10.44
Solar,2026-04-21 02:00:00,10.11
Solar,2026-04-21 03:00:00,14.29
Solar,2026-04-21 04:00:00,804.56
Solar,2026-04-21 05:00:00,5940.33
Solar,2026-04-21 06:00:00,15403.76
Solar,2026-04-21 07:00:00,26331.13
Solar,2026-04-21 08:00:00,35933.92
Solar,2026-04-21 09:00:00,42557.31
Solar,2026-04-21 10:00:00,44131.17
Solar,2026-04-21 11:00:00,43451.03
Solar,2026-04-21 12:00:00,41280.57
Solar,2026-04-21 13:00:00,37646.08
Solar,2026-04-21 14:00:00,32126.83
Solar,2026-04-21 15:00:00,22730.9
Solar,2026-04-21 16:00:00,12062.02
Solar,2026-04-21 17:00:00,3428.31
Solar,2026-04-21 18:00:00,286.51
Solar,2026-04-21 19:00:00,35.1
Solar,2026-04-21 20:00:00,14.98
Solar,2026-04-21 21:00:00,14.96
Solar,2026-04-21 22:00:00,13.97
Solar,2026-04-21 23:00:00,9.5
Solar,2026-04-22 00:00:00,9.99
Solar,2026-04-22 01:00:00,9.74
Solar,2026-04-22 02:00:00,9.98
Solar,2026-04-22 03:00:00,16.43
Solar,2026-04-22 04:00:00,1216.99
Solar,2026-04-22 05:00:00,8670.83
Solar,2026-04-22 06:00:00,22363.85
Solar,2026-04-22 07:00:00,36822.75
Solar,2026-04-22 08:00:00,47762.02
Solar,2026-04-22 09:00:00,51219.22
Solar,2026-04-22 10:00:00,52044.27
Solar,2026-04-22 11:00:00,52021.48
Solar,2026-04-22 12:00:00,49569.22
Solar,2026-04-22 13:00:00,45106.25
Solar,2026-04-22 14:00:00,37787.6
Solar,2026-04-22 15:00:00,29807.68
Solar,2026-04-22 16:00:00,15235.25
Solar,2026-04-22 17:00:00,4027.16
Solar,2026-04-22 18:00:00,311.72
Solar,2026-04-22 19:00:00,52.76
Solar,2026-04-22 20:00:00,17.13
Solar,2026-04-22 21:00:00,14.86
Solar,2026-04-22 22:00:00,11.29
Solar,2026-04-22 23:00:00,11.57
Solar,2026-04-23 00:00:00,9.57
Solar,2026-04-23 01:00:00,10.85
Solar,2026-04-23 02:00:00,10.81
Solar,2026-04-23 03:00:00,15.7
Solar,2026-04-23 04:00:00,1139.24
Solar,2026-04-23 05:00:00,8064.44
Solar,2026-04-23 06:00:00,20384.31
Solar,2026-04-23 07:00:00,33754.96
Solar,2026-04-23 08:00:00,42563.8
Solar,2026-04-23 09:00:00,47832.73
Solar,2026-04-23 10:00:00,50573.92
Solar,2026-04-23 11:00:00,50264.99
Solar,2026-04-23 12:00:00,48355.27
Solar,2026-04-23 13:00:00,43896.72
Solar,2026-04-23 14:00:00,37732.61
Solar,2026-04-23 15:00:00,29195.77
Solar,2026-04-23 16:00:00,15337.95
Solar,2026-04-23 17:00:00,4121.7
Solar,2026-04-23 18:00:00,357.16
Solar,2026-04-23 19:00:00,27.32
Solar,2026-04-23 20:00:00,12.4
Solar,2026-04-23 21:00:00,10.44
Solar,2026-04-23 22:00:00,11.43
Solar,2026-04-23 23:00:00,11.38
Solar,2026-04-24 00:00:00,9.89
Solar,2026-04-24 01:00:00,8.87
Solar,2026-04-24 02:00:00,9.6
Solar,2026-04-24 03:00:00,16.33
Solar,2026-04-24 04:00:00,972.75
Solar,2026-04-24 05:00:00,6333.48
Solar,2026-04-24 06:00:00,15456.69
Solar,2026-04-24 07:00:00,25220.68
Solar,2026-04-24 08:00:00,35508.42
Solar,2026-04-24 09:00:00,42460.54
Solar,2026-04-24 10:00:00,45503.22
Solar,2026-04-24 11:00:00,46264.76
Solar,2026-04-24 12:00:00,45367.7
Solar,2026-04-24 13:00:00,42350.54
Solar,2026-04-24 14:00:00,37326.35
Solar,2026-04-24 15:00:00,28012.72
Solar,2026-04-24 16:00:00,14489.68
Solar,2026-04-24 17:00:00,4139.37
Solar,2026-04-24 18:00:00,356.65
Solar,2026-04-24 19:00:00,72.3
Solar,2026-04-24 20:00:00,58.29
Solar,2026-04-24 21:00:00,27.63
Solar,2026-04-24 22:00:00,15.23
Solar,2026-04-24 23:00:00,13.43
Solar,2026-04-25 00:00:00,11.0
Solar,2026-04-25 01:00:00,11.29
Solar,2026-04-25 02:00:00,11.82
Solar,2026-04-25 03:00:00,17.43
Solar,2026-04-25 04:00:00,1129.27
Solar,2026-04-25 05:00:00,7356.08
Solar,2026-04-25 06:00:00,18499.0
Solar,2026-04-25 07:00:00,30092.97
Solar,2026-04-25 08:00:00,39481.26
Solar,2026-04-25 09:00:00,44252.26
Solar,2026-04-25 10:00:00,47079.88
Solar,2026-04-25 11:00:00,46478.07
Solar,2026-04-25 12:00:00,44874.89
Solar,2026-04-25 13:00:00,40890.71
Solar,2026-04-25 14:00:00,34015.69
Solar,2026-04-25 15:00:00,24945.32
Solar,2026-04-25 16:00:00,14145.9
Solar,2026-04-25 17:00:00,4030.47
Solar,2026-04-25 18:00:00,290.81
Solar,2026-04-25 19:00:00,26.29
Solar,2026-04-25 20:00:00,27.29
Solar,2026-04-25 21:00:00,13.73
Solar,2026-04-25 22:00:00,19.16
Solar,2026-04-25 23:00:00,23.46
Solar,2026-04-26 00:00:00,14.05
Solar,2026-04-26 01:00:00,17.84
Solar,2026-04-26 02:00:00,16.88
Solar,2026-04-26 03:00:00,71.79
Solar,2026-04-26 04:00:00,1634.59
Solar,2026-04-26 05:00:00,9597.56
Solar,2026-04-26 06:00:00,22902.38
Solar,2026-04-26 07:00:00,34591.17
Solar,2026-04-26 08:00:00,41359.56
Solar,2026-04-26 09:00:00,44834.95
Solar,2026-04-26 10:00:00,44936.56
Solar,2026-04-26 11:00:00,43907.43
Solar,2026-04-26 12:00:00,41269.59
Solar,2026-04-26 13:00:00,37904.57
Solar,2026-04-26 14:00:00,34123.07
Solar,2026-04-26 15:00:00,26853.28
Solar,2026-04-26 16:00:00,14944.83
Solar,2026-04-26 17:00:00,4658.62
Solar,2026-04-26 18:00:00,407.87
Solar,2026-04-26 19:00:00,28.83
Solar,2026-04-26 20:00:00,15.21
Solar,2026-04-26 21:00:00,15.44
Solar,2026-04-26 22:00:00,9.4
Solar,2026-04-26 23:00:00,9.35
Solar,2026-04-27 00:00:00,11.07
Solar,2026-04-27 01:00:00,10.96
Solar,2026-04-27 02:00:00,10.56
Solar,2026-04-27 03:00:00,39.43
Solar,2026-04-27 04:00:00,1787.51
Solar,2026-04-27 05:00:00,9677.96
Solar,2026-04-27 06:00:00,22714.23
Solar,2026-04-27 07:00:00,35401.15
Solar,2026-04-27 08:00:00,43762.07
Solar,2026-04-27 09:00:00,49230.14
Solar,2026-04-27 10:00:00,49470.81
Solar,2026-04-27 11:00:00,49629.46
Solar,2026-04-27 12:00:00,47500.91
Solar,2026-04-27 13:00:00,42378.78
Solar,2026-04-27 14:00:00,34701.48
Solar,2026-04-27 15:00:00,24100.87
Solar,2026-04-27 16:00:00,12822.78
Solar,2026-04-27 17:00:00,4105.43
Solar,2026-04-27 18:00:00,388.91
Solar,2026-04-27 19:00:00,75.07
Solar,2026-04-27 20:00:00,17.87
Solar,2026-04-27 21:00:00,13.35
Solar,2026-04-27 22:00:00,18.49
Solar,2026-04-27 23:00:00,12.85
Solar,2026-04-28 00:00:00,10.44
Solar,2026-04-28 01:00:00,11.07
Solar,2026-04-28 02:00:00,12.49
Solar,2026-04-28 03:00:00,29.67
Solar,2026-04-28 04:00:00,1706.0
Solar,2026-04-28 05:00:00,8682.36
Solar,2026-04-28 06:00:00,20906.66
Solar,2026-04-28 07:00:00,34969.34
Solar,2026-04-28 08:00:00,44816.81
Solar,2026-04-28 09:00:00,49259.28
Solar,2026-04-28 10:00:00,49875.95
Solar,2026-04-28 11:00:00,49952.11
Solar,2026-04-28 12:00:00,47781.88
Solar,2026-04-28 13:00:00,43770.2
Solar,2026-04-28 14:00:00,36724.31
Solar,2026-04-28 15:00:00,27366.76
Solar,2026-04-28 16:00:00,14083.28
Solar,2026-04-28 17:00:00,4226.48
Solar,2026-04-28 18:00:00,434.15
Solar,2026-04-28 19:00:00,34.25
Solar,2026-04-28 20:00:00,20.98
Solar,2026-04-28 21:00:00,15.87
Solar,2026-04-28 22:00:00,16.82
Solar,2026-04-28 23:00:00,15.94
Solar,2026-04-29 00:00:00,17.7
Solar,2026-04-29 01:00:00,17.75
Solar,2026-04-29 02:00:00,15.95
Solar,2026-04-29 03:00:00,45.04
Solar,2026-04-29 04:00:00,1882.64
Solar,2026-04-29 05:00:00,9512.02
Solar,2026-04-29 06:00:00,22692.74
Solar,2026-04-29 07:00:00,36928.7
Solar,2026-04-29 08:00:00,45093.92
Solar,2026-04-29 09:00:00,49157.59
Solar,2026-04-29 10:00:00,51532.51
Solar,2026-04-29 11:00:00,51268.07
Solar,2026-04-29 12:00:00,49336.56
Solar,2026-04-29 13:00:00,45083.1
Solar,2026-04-29 14:00:00,38507.62
Solar,2026-04-29 15:00:00,30665.06
Solar,2026-04-29 16:00:00,16388.44
Solar,2026-04-29 17:00:00,4844.29
Solar,2026-04-29 18:00:00,545.11
Solar,2026-04-29 19:00:00,75.82
Solar,2026-04-29 20:00:00,28.82
Solar,2026-04-29 21:00:00,19.69
Solar,2026-04-29 22:00:00,14.98
Solar,2026-04-29 23:00:00,9.85
Solar,2026-04-30 00:00:00,10.69
Solar,2026-04-30 01:00:00,9.7
Solar,2026-04-30 02:00:00,13.79
Solar,2026-04-30 03:00:00,43.79
Solar,2026-04-30 04:00:00,1951.19
Solar,2026-04-30 05:00:00,10192.92
Solar,2026-04-30 06:00:00,24148.18
Solar,2026-04-30 07:00:00,38456.66
Solar,2026-04-30 08:00:00,47624.71
Solar,2026-04-30 09:00:00,52544.28
Solar,2026-04-30 10:00:00,54126.77
Solar,2026-04-30 11:00:00,52440.84
Solar,2026-04-30 12:00:00,49978.86
Solar,2026-04-30 13:00:00,46856.54
Solar,2026-04-30 14:00:00,40026.87
Solar,2026-04-30 15:00:00,30785.15
Solar,2026-04-30 16:00:00,16538.78
Solar,2026-04-30 17:00:00,5047.58
Solar,2026-04-30 18:00:00,583.3
Solar,2026-04-30 19:00:00,88.42
Solar,2026-04-30 20:00:00,30.74
Solar,2026-04-30 21:00:00,17.09
Solar,2026-04-30 22:00:00,19.04
Solar,2026-04-30 23:00:00,16.02
Solar,2026-05-01 00:00:00,13.44
Solar,2026-05-01 01:00:00,16.1
Solar,2026-05-01 02:00:00,16.48
Solar,2026-05-01 03:00:00,49.58
Solar,2026-05-01 04:00:00,2076.35
Solar,2026-05-01 05:00:00,10661.48
Solar,2026-05-01 06:00:00,24894.18
Solar,2026-05-01 07:00:00,36674.26
Solar,2026-05-01 08:00:00,43418.29
Solar,2026-05-01 09:00:00,46978.03
Solar,2026-05-01 10:00:00,47952.89
Solar,2026-05-01 11:00:00,46693.58
Solar,2026-05-01 12:00:00,44765.33
Solar,2026-05-01 13:00:00,42256.23
Solar,2026-05-01 14:00:00,37090.85
Solar,2026-05-01 15:00:00,30439.2
Solar,2026-05-01 16:00:00,16752.67
Solar,2026-05-01 17:00:00,5158.68
Solar,2026-05-01 18:00:00,606.92
Solar,2026-05-01 19:00:00,96.1
Solar,2026-05-01 20:00:00,30.39
Solar,2026-05-01 21:00:00,18.0
Solar,2026-05-01 22:00:00,31.18
Solar,2026-05-01 23:00:00,28.01
Solar,2026-05-02 00:00:00,16.78
Solar,2026-05-02 01:00:00,12.68
Solar,2026-05-02 02:00:00,12.25
Solar,2026-05-02 03:00:00,56.11
Solar,2026-05-02 04:00:00,2239.92
Solar,2026-05-02 05:00:00,10879.21
Solar,2026-05-02 06:00:00,24449.93
Solar,2026-05-02 07:00:00,37645.49
Solar,2026-05-02 08:00:00,43270.81
Solar,2026-05-02 09:00:00,47836.72
Solar,2026-05-02 10:00:00,48423.64
Solar,2026-05-02 11:00:00,47287.37
Solar,2026-05-02 12:00:00,45372.47
Solar,2026-05-02 13:00:00,40521.74
Solar,2026-05-02 14:00:00,36112.13
Solar,2026-05-02 15:00:00,25943.04
Solar,2026-05-02 16:00:00,13733.47
Solar,2026-05-02 17:00:00,4557.36
Solar,2026-05-02 18:00:00,601.59
Solar,2026-05-02 19:00:00,80.09
Solar,2026-05-02 20:00:00,31.81
Solar,2026-05-02 21:00:00,20.22
Solar,2026-05-02 22:00:00,14.78
Solar,2026-05-02 23:00:00,12.19
Solar,2026-05-03 00:00:00,22.44
Solar,2026-05-03 01:00:00,15.14
Solar,2026-05-03 02:00:00,13.34
Solar,2026-05-03 03:00:00,57.36
Solar,2026-05-03 04:00:00,2164.53
Solar,2026-05-03 05:00:00,9270.27
Solar,2026-05-03 06:00:00,20141.28
Solar,2026-05-03 07:00:00,30427.76
Solar,2026-05-03 08:00:00,39194.4
Solar,2026-05-03 09:00:00,42144.65
Solar,2026-05-03 10:00:00,43546.01
Solar,2026-05-03 11:00:00,42590.41
Solar,2026-05-03 12:00:00,39242.52
Solar,2026-05-03 13:00:00,33174.98
Solar,2026-05-03 14:00:00,26080.31
Solar,2026-05-03 15:00:00,17547.41
Solar,2026-05-03 16:00:00,8763.57
Solar,2026-05-03 17:00:00,3044.46
Solar,2026-05-03 18:00:00,333.59
Solar,2026-05-03 19:00:00,50.4
Solar,2026-05-03 20:00:00,24.43
Solar,2026-05-03 21:00:00,14.32
Solar,2026-05-03 22:00:00,16.47
Solar,2026-05-03 23:00:00,11.8
Solar,2026-05-04 00:00:00,13.43
Solar,2026-05-04 01:00:00,11.53
Solar,2026-05-04 02:00:00,11.57
Solar,2026-05-04 03:00:00,38.05
Solar,2026-05-04 04:00:00,1639.97
Solar,2026-05-04 05:00:00,7553.7
Solar,2026-05-04 06:00:00,17183.58
Solar,2026-05-04 07:00:00,28005.4
Solar,2026-05-04 08:00:00,36726.23
Solar,2026-05-04 09:00:00,41399.52
Solar,2026-05-04 10:00:00,42044.55
Solar,2026-05-04 11:00:00,39684.59
Solar,2026-05-04 12:00:00,36231.32
Solar,2026-05-04 13:00:00,31556.7
Solar,2026-05-04 14:00:00,24642.4
Solar,2026-05-04 15:00:00,16613.96
Solar,2026-05-04 16:00:00,8349.38
Solar,2026-05-04 17:00:00,2838.48
Solar,2026-05-04 18:00:00,416.82
Solar,2026-05-04 19:00:00,103.02
Solar,2026-05-04 20:00:00,18.26
Solar,2026-05-04 21:00:00,10.18
Solar,2026-05-04 22:00:00,9.51
Solar,2026-05-04 23:00:00,10.12
Solar,2026-05-05 00:00:00,10.86
Solar,2026-05-05 01:00:00,11.32
Solar,2026-05-05 02:00:00,9.85
Solar,2026-05-05 03:00:00,37.67
Solar,2026-05-05 04:00:00,1315.58
Solar,2026-05-05 05:00:00,5636.69
Solar,2026-05-05 06:00:00,12146.74
Solar,2026-05-05 07:00:00,19136.95
Solar,2026-05-05 08:00:00,24963.15
Solar,2026-05-05 09:00:00,28531.87
Solar,2026-05-05 10:00:00,29359.22
Solar,2026-05-05 11:00:00,27763.21
Solar,2026-05-05 12:00:00,24241.17
Solar,2026-05-05 13:00:00,19682.58
Solar,2026-05-05 14:00:00,14698.19
Solar,2026-05-05 15:00:00,10246.02
Solar,2026-05-05 16:00:00,5862.98
Solar,2026-05-05 17:00:00,2173.94
Solar,2026-05-05 18:00:00,341.58
Solar,2026-05-05 19:00:00,62.05
Solar,2026-05-05 20:00:00,11.06
Solar,2026-05-05 21:00:00,13.36
Solar,2026-05-05 22:00:00,9.66
Solar,2026-05-05 23:00:00,9.19
Solar,2026-05-06 00:00:00,11.61
Solar,2026-05-06 01:00:00,12.04
Solar,2026-05-06 02:00:00,10.47
Solar,2026-05-06 03:00:00,39.77
Solar,2026-05-06 04:00:00,1361.88
Solar,2026-05-06 05:00:00,5722.91
Solar,2026-05-06 06:00:00,12163.77
Solar,2026-05-06 07:00:00,18199.09
Solar,2026-05-06 08:00:00,23325.04
Solar,2026-05-06 09:00:00,25937.24
Solar,2026-05-06 10:00:00,27474.51
Solar,2026-05-06 11:00:00,26792.97
Solar,2026-05-06 12:00:00,24305.62
Solar,2026-05-06 13:00:00,21337.21
Solar,2026-05-06 14:00:00,16352.54
Solar,2026-05-06 15:00:00,10303.39
Solar,2026-05-06 16:00:00,5705.96
Solar,2026-05-06 17:00:00,2282.15
Solar,2026-05-06 18:00:00,343.39
Solar,2026-05-06 19:00:00,48.76
Solar,2026-05-06 20:00:00,27.71
Solar,2026-05-06 21:00:00,10.98
Solar,2026-05-06 22:00:00,93.99
Solar,2026-05-06 23:00:00,11.63
Solar,2026-05-07 00:00:00,11.27
Solar,2026-05-07 01:00:00,11.1
Solar,2026-05-07 02:00:00,10.02
Solar,2026-05-07 03:00:00,36.07
Solar,2026-05-07 04:00:00,1022.12
Solar,2026-05-07 05:00:00,4254.89
Solar,2026-05-07 06:00:00,8861.4
Solar,2026-05-07 07:00:00,13849.95
Solar,2026-05-07 08:00:00,19247.98
Solar,2026-05-07 09:00:00,23074.3
Solar,2026-05-07 10:00:00,25515.02
Solar,2026-05-07 11:00:00,26742.8
Solar,2026-05-07 12:00:00,26611.54
Solar,2026-05-07 13:00:00,25202.59
Solar,2026-05-07 14:00:00,21675.87
Solar,2026-05-07 15:00:00,16032.36
Solar,2026-05-07 16:00:00,9470.55
Solar,2026-05-07 17:00:00,3853.32
Solar,2026-05-07 18:00:00,662.54
Solar,2026-05-07 19:00:00,76.65
Solar,2026-05-07 20:00:00,28.32
Solar,2026-05-07 21:00:00,10.98
Solar,2026-05-07 22:00:00,12.42
Solar,2026-05-07 23:00:00,11.31
Solar,2026-05-08 00:00:00,12.35
Solar,2026-05-08 01:00:00,11.87
Solar,2026-05-08 02:00:00,10.77
Solar,2026-05-08 03:00:00,78.11
Solar,2026-05-08 04:00:00,2078.16
Solar,2026-05-08 05:00:00,8233.94
Solar,2026-05-08 06:00:00,18014.21
Solar,2026-05-08 07:00:00,28993.4
Solar,2026-05-08 08:00:00,37905.94
Solar,2026-05-08 09:00:00,42775.3
Solar,2026-05-08 10:00:00,43341.71
Solar,2026-05-08 11:00:00,42156.98
Solar,2026-05-08 12:00:00,39904.54
Solar,2026-05-08 13:00:00,36180.76
Solar,2026-05-08 14:00:00,30918.14
Solar,2026-05-08 15:00:00,23246.3
Solar,2026-05-08 16:00:00,13865.24
Solar,2026-05-08 17:00:00,5165.37
Solar,2026-05-08 18:00:00,821.17
Solar,2026-05-08 19:00:00,107.79
Solar,2026-05-08 20:00:00,47.61
Solar,2026-05-08 21:00:00,21.3
Solar,2026-05-08 22:00:00,17.49
Solar,2026-05-08 23:00:00,12.16
Solar,2026-05-09 00:00:00,12.11
Solar,2026-05-09 01:00:00,15.19
Solar,2026-05-09 02:00:00,15.16
Solar,2026-05-09 03:00:00,119.05
Solar,2026-05-09 04:00:00,2407.5
Solar,2026-05-09 05:00:00,9308.36
Solar,2026-05-09 06:00:00,20505.86
Solar,2026-05-09 07:00:00,32914.81
Solar,2026-05-09 08:00:00,43029.1
Solar,2026-05-09 09:00:00,45987.75
Solar,2026-05-09 10:00:00,46613.76
Solar,2026-05-09 11:00:00,45061.03
Solar,2026-05-09 12:00:00,43971.46
Solar,2026-05-09 13:00:00,40922.7
Solar,2026-05-09 14:00:00,35542.01
Solar,2026-05-09 15:00:00,27049.76
Solar,2026-05-09 16:00:00,15671.07
Solar,2026-05-09 17:00:00,5669.03
Solar,2026-05-09 18:00:00,808.11
Solar,2026-05-09 19:00:00,104.96
Solar,2026-05-09 20:00:00,65.59
Solar,2026-05-09 21:00:00,17.36
Solar,2026-05-09 22:00:00,20.26
Solar,2026-05-09 23:00:00,19.7
Solar,2026-05-10 00:00:00,11.9
Solar,2026-05-10 01:00:00,12.89
Solar,2026-05-10 02:00:00,10.95
Solar,2026-05-10 03:00:00,149.51
Solar,2026-05-10 04:00:00,3083.65
Solar,2026-05-10 05:00:00,11193.01
Solar,2026-05-10 06:00:00,22937.77
Solar,2026-05-10 07:00:00,34323.68
Solar,2026-05-10 08:00:00,40951.02
Solar,2026-05-10 09:00:00,43490.54
Solar,2026-05-10 10:00:00,44518.26
Solar,2026-05-10 11:00:00,42930.7
Solar,2026-05-10 12:00:00,40162.66
Solar,2026-05-10 13:00:00,35277.73
Solar,2026-05-10 14:00:00,29594.67
Solar,2026-05-10 15:00:00,21337.03
Solar,2026-05-10 16:00:00,11826.55
Solar,2026-05-10 17:00:00,4384.74
Solar,2026-05-10 18:00:00,688.9
Solar,2026-05-10 19:00:00,32.93
Solar,2026-05-10 20:00:00,38.67
Solar,2026-05-10 21:00:00,25.33
Solar,2026-05-10 22:00:00,12.0
Solar,2026-05-10 23:00:00,10.42
Solar,2026-05-11 00:00:00,12.09
Solar,2026-05-11 01:00:00,13.85
Solar,2026-05-11 02:00:00,12.28
Solar,2026-05-11 03:00:00,79.72
Solar,2026-05-11 04:00:00,1605.38
Solar,2026-05-11 05:00:00,5268.39
Solar,2026-05-11 06:00:00,9593.3
Solar,2026-05-11 07:00:00,14421.45
Solar,2026-05-11 08:00:00,19369.16
Solar,2026-05-11 09:00:00,23223.43
Solar,2026-05-11 10:00:00,25394.1
Solar,2026-05-11 11:00:00,24962.51
Solar,2026-05-11 12:00:00,21337.35
Solar,2026-05-11 13:00:00,17430.86
Solar,2026-05-11 14:00:00,13861.4
Solar,2026-05-11 15:00:00,10564.03
Solar,2026-05-11 16:00:00,6429.33
Solar,2026-05-11 17:00:00,2901.06
Solar,2026-05-11 18:00:00,629.32
Solar,2026-05-11 19:00:00,68.65
Solar,2026-05-11 20:00:00,27.15
Solar,2026-05-11 21:00:00,11.48
Solar,2026-05-11 22:00:00,21.18
Solar,2026-05-11 23:00:00,11.53
Solar,2026-05-12 00:00:00,10.9
Solar,2026-05-12 01:00:00,11.13
Solar,2026-05-12 02:00:00,12.72
Solar,2026-05-12 03:00:00,124.4
Solar,2026-05-12 04:00:00,2448.09
Solar,2026-05-12 05:00:00,8334.76
Solar,2026-05-12 06:00:00,15995.06
Solar,2026-05-12 07:00:00,23024.43
Solar,2026-05-12 08:00:00,27247.02
Solar,2026-05-12 09:00:00,29593.57
Solar,2026-05-12 10:00:00,30587.5
Solar,2026-05-12 11:00:00,30432.86
Solar,2026-05-12 12:00:00,29469.11
Solar,2026-05-12 13:00:00,27441.22
Solar,2026-05-12 14:00:00,22540.5
Solar,2026-05-12 15:00:00,16686.94
Solar,2026-05-12 16:00:00,9551.44
Solar,2026-05-12 17:00:00,3849.46
Solar,2026-05-12 18:00:00,609.73
Solar,2026-05-12 19:00:00,76.2
Solar,2026-05-12 20:00:00,33.18
Solar,2026-05-12 21:00:00,15.91
Solar,2026-05-12 22:00:00,31.63
Solar,2026-05-12 23:00:00,10.73
Solar,2026-05-13 00:00:00,10.86
Solar,2026-05-13 01:00:00,10.79
Solar,2026-05-13 02:00:00,10.55
Solar,2026-05-13 03:00:00,117.99
Solar,2026-05-13 04:00:00,1997.04
Solar,2026-05-13 05:00:00,6867.69
Solar,2026-05-13 06:00:00,14463.95
Solar,2026-05-13 07:00:00,22053.98
Solar,2026-05-13 08:00:00,27786.54
Solar,2026-05-13 09:00:00,31624.91
Solar,2026-05-13 10:00:00,32723.85
Solar,2026-05-13 11:00:00,31689.93
Solar,2026-05-13 12:00:00,30108.01
Solar,2026-05-13 13:00:00,27647.84
Solar,2026-05-13 14:00:00,23261.69
Solar,2026-05-13 15:00:00,17950.59
Solar,2026-05-13 16:00:00,10558.37
Solar,2026-05-13 17:00:00,4141.52
Solar,2026-05-13 18:00:00,828.54
Solar,2026-05-13 19:00:00,103.4
Solar,2026-05-13 20:00:00,28.68
Solar,2026-05-13 21:00:00,15.43
Solar,2026-05-13 22:00:00,18.65
Solar,2026-05-13 23:00:00,13.52
Solar,2026-05-14 00:00:00,10.79
Solar,2026-05-14 01:00:00,9.72
Solar,2026-05-14 02:00:00,9.88
Solar,2026-05-14 03:00:00,133.18
Solar,2026-05-14 04:00:00,2079.76
Solar,2026-05-14 05:00:00,7288.38
Solar,2026-05-14 06:00:00,14183.35
Solar,2026-05-14 07:00:00,21114.09
Solar,2026-05-14 08:00:00,28314.08
Solar,2026-05-14 09:00:00,33373.93
Solar,2026-05-14 10:00:00,37543.91
Solar,2026-05-14 11:00:00,37474.75
Solar,2026-05-14 12:00:00,36069.96
Solar,2026-05-14 13:00:00,33271.52
Solar,2026-05-14 14:00:00,27562.8
Solar,2026-05-14 15:00:00,20183.52
Solar,2026-05-14 16:00:00,12567.17
Solar,2026-05-14 17:00:00,5638.16
Solar,2026-05-14 18:00:00,1118.86
Solar,2026-05-14 19:00:00,84.11
Solar,2026-05-14 20:00:00,92.66
Solar,2026-05-14 21:00:00,52.28
Solar,2026-05-14 22:00:00,55.92
Solar,2026-05-14 23:00:00,33.3
Solar,2026-05-15 00:00:00,12.92
Solar,2026-05-15 01:00:00,12.36
Solar,2026-05-15 02:00:00,18.47
Solar,2026-05-15 03:00:00,213.78
Solar,2026-05-15 04:00:00,2916.28
Solar,2026-05-15 05:00:00,9792.64
Solar,2026-05-15 06:00:00,19935.3
Solar,2026-05-15 07:00:00,28535.93
Solar,2026-05-15 08:00:00,33849.27
Solar,2026-05-15 09:00:00,37208.03
Solar,2026-05-15 10:00:00,38302.41
Solar,2026-05-15 11:00:00,38186.65
Solar,2026-05-15 12:00:00,36595.0
Solar,2026-05-15 13:00:00,33705.88
Solar,2026-05-15 14:00:00,28319.94
Solar,2026-05-15 15:00:00,21021.17
Solar,2026-05-15 16:00:00,13145.49
Solar,2026-05-15 17:00:00,5525.5
Solar,2026-05-15 18:00:00,1090.6
Solar,2026-05-15 19:00:00,120.45
Solar,2026-05-15 20:00:00,93.15
Solar,2026-05-15 21:00:00,46.72
Solar,2026-05-15 22:00:00,22.48
Solar,2026-05-15 23:00:00,18.29
Solar,2026-05-16 00:00:00,15.87
Solar,2026-05-16 01:00:00,11.5
Solar,2026-05-16 02:00:00,15.92
Solar,2026-05-16 03:00:00,227.2
Solar,2026-05-16 04:00:00,3030.43
Solar,2026-05-16 05:00:00,9891.45
Solar,2026-05-16 06:00:00,20098.7
Solar,2026-05-16 07:00:00,29126.75
Solar,2026-05-16 08:00:00,33616.48
Solar,2026-05-16 09:00:00,34146.86
Solar,2026-05-16 10:00:00,34838.41
Solar,2026-05-16 11:00:00,35789.73
Solar,2026-05-16 12:00:00,34342.74
Solar,2026-05-16 13:00:00,31841.24
Solar,2026-05-16 14:00:00,28855.43
Solar,2026-05-16 15:00:00,22269.5
Solar,2026-05-16 16:00:00,13664.31
Solar,2026-05-16 17:00:00,5670.58
Solar,2026-05-16 18:00:00,1128.41
Solar,2026-05-16 19:00:00,153.46
Solar,2026-05-16 20:00:00,76.88
Solar,2026-05-16 21:00:00,14.7
Solar,2026-05-16 22:00:00,13.93
Solar,2026-05-16 23:00:00,15.08
Solar,2026-05-17 00:00:00,29.65
Solar,2026-05-17 01:00:00,22.79
Solar,2026-05-17 02:00:00,13.34
Solar,2026-05-17 03:00:00,313.2
Solar,2026-05-17 04:00:00,3861.17
Solar,2026-05-17 05:00:00,12566.58
Solar,2026-05-17 06:00:00,25166.37
Solar,2026-05-17 07:00:00,36185.52
Solar,2026-05-17 08:00:00,41373.82
Solar,2026-05-17 09:00:00,41773.06
Solar,2026-05-17 10:00:00,41099.29
Solar,2026-05-17 11:00:00,38921.2
Solar,2026-05-17 12:00:00,36241.75
Solar,2026-05-17 13:00:00,32565.76
Solar,2026-05-17 14:00:00,26867.49
Solar,2026-05-17 15:00:00,20709.88
Solar,2026-05-17 16:00:00,12740.89
Solar,2026-05-17 17:00:00,5478.48
Solar,2026-05-17 18:00:00,1033.3
Solar,2026-05-17 19:00:00,131.77
Solar,2026-05-17 20:00:00,51.11
Solar,2026-05-17 21:00:00,14.05
Solar,2026-05-17 22:00:00,16.04
Solar,2026-05-17 23:00:00,11.15
Solar,2026-05-18 00:00:00,11.07
Solar,2026-05-18 01:00:00,11.42
Solar,2026-05-18 02:00:00,11.64
Solar,2026-05-18 03:00:00,322.92
Solar,2026-05-18 04:00:00,3292.49
Solar,2026-05-18 05:00:00,10096.46
Solar,2026-05-18 06:00:00,19781.86
Solar,2026-05-18 07:00:00,29424.1
Solar,2026-05-18 08:00:00,35981.13
Solar,2026-05-18 09:00:00,39961.78
Solar,2026-05-18 10:00:00,39960.17
Solar,2026-05-18 11:00:00,37837.02
Solar,2026-05-18 12:00:00,35470.69
Solar,2026-05-18 13:00:00,32641.64
Solar,2026-05-18 14:00:00,27925.57
Solar,2026-05-18 15:00:00,21465.68
Solar,2026-05-18 16:00:00,13062.68
Solar,2026-05-18 17:00:00,5362.73
Solar,2026-05-18 18:00:00,1136.65
Solar,2026-05-18 19:00:00,79.19
Solar,2026-05-18 20:00:00,30.65
Solar,2026-05-18 21:00:00,19.74
Solar,2026-05-18 22:00:00,26.85
Solar,2026-05-18 23:00:00,17.72
Solar,2026-05-19 00:00:00,11.84
Solar,2026-05-19 01:00:00,13.35
Solar,2026-05-19 02:00:00,11.76
Solar,2026-05-19 03:00:00,304.42
Solar,2026-05-19 04:00:00,3421.4
Solar,2026-05-19 05:00:00,10890.79
Solar,2026-05-19 06:00:00,22175.88
Solar,2026-05-19 07:00:00,34147.18
Solar,2026-05-19 08:00:00,41861.2
Solar,2026-05-19 09:00:00,44588.92
Solar,2026-05-19 10:00:00,44157.23
Solar,2026-05-19 11:00:00,42248.73
Solar,2026-05-19 12:00:00,38695.52
Solar,2026-05-19 13:00:00,34405.92
Solar,2026-05-19 14:00:00,28412.73
Solar,2026-05-19 15:00:00,20651.76
Solar,2026-05-19 16:00:00,11629.28
Solar,2026-05-19 17:00:00,4755.74
Solar,2026-05-19 18:00:00,976.86
Solar,2026-05-19 19:00:00,100.3
Solar,2026-05-19 20:00:00,31.65
Solar,2026-05-19 21:00:00,24.87
Solar,2026-05-19 22:00:00,18.18
Solar,2026-05-19 23:00:00,17.77
Solar,2026-05-20 00:00:00,12.09
Solar,2026-05-20 01:00:00,13.12
Solar,2026-05-20 02:00:00,11.51
Solar,2026-05-20 03:00:00,172.45
Solar,2026-05-20 04:00:00,1944.67
Solar,2026-05-20 05:00:00,5706.84
Solar,2026-05-20 06:00:00,11148.08
Solar,2026-05-20 07:00:00,17449.15
Solar,2026-05-20 08:00:00,23127.27
Solar,2026-05-20 09:00:00,26475.38
Solar,2026-05-20 10:00:00,29372.51
Solar,2026-05-20 11:00:00,30596.67
Solar,2026-05-20 12:00:00,30731.52
Solar,2026-05-20 13:00:00,28372.93
Solar,2026-05-20 14:00:00,23962.49
Solar,2026-05-20 15:00:00,18166.16
Solar,2026-05-20 16:00:00,11787.77
Solar,2026-05-20 17:00:00,5106.41
Solar,2026-05-20 18:00:00,1125.91
Solar,2026-05-20 19:00:00,108.47
Solar,2026-05-20 20:00:00,56.11
Solar,2026-05-20 21:00:00,27.77
Solar,2026-05-20 22:00:00,15.34
Solar,2026-05-20 23:00:00,10.74
Solar,2026-05-21 00:00:00,12.01
Solar,2026-05-21 01:00:00,13.31
Solar,2026-05-21 02:00:00,11.52
Solar,2026-05-21 03:00:00,309.31
Solar,2026-05-21 04:00:00,3126.16
Solar,2026-05-21 05:00:00,9709.11
Solar,2026-05-21 06:00:00,20015.75
Solar,2026-05-21 07:00:00,30927.6
Solar,2026-05-21 08:00:00,38985.65
Solar,2026-05-21 09:00:00,41255.82
Solar,2026-05-21 10:00:00,39755.46
Solar,2026-05-21 11:00:00,38076.11
Solar,2026-05-21 12:00:00,37230.62
Solar,2026-05-21 13:00:00,35069.4
Solar,2026-05-21 14:00:00,30944.89
Solar,2026-05-21 15:00:00,24671.83
Solar,2026-05-21 16:00:00,15675.75
Solar,2026-05-21 17:00:00,7086.39
Solar,2026-05-21 18:00:00,1742.67
Solar,2026-05-21 19:00:00,170.55
Solar,2026-05-21 20:00:00,76.08
Solar,2026-05-21 21:00:00,20.53
Solar,2026-05-21 22:00:00,22.22
Solar,2026-05-21 23:00:00,11.75
Solar,2026-05-22 00:00:00,12.66
Solar,2026-05-22 01:00:00,14.02
Solar,2026-05-22 02:00:00,14.11
Solar,2026-05-22 03:00:00,421.54
Solar,2026-05-22 04:00:00,4036.93
Solar,2026-05-22 05:00:00,12598.69
Solar,2026-05-22 06:00:00,24998.46
Solar,2026-05-22 07:00:00,36845.62
Solar,2026-05-22 08:00:00,45189.98
Solar,2026-05-22 09:00:00,50162.74
Solar,2026-05-22 10:00:00,52256.75
Solar,2026-05-22 11:00:00,52690.4
Solar,2026-05-22 12:00:00,50815.29
Solar,2026-05-22 13:00:00,46872.55
Solar,2026-05-22 14:00:00,40617.42
Solar,2026-05-22 15:00:00,30943.07
Solar,2026-05-22 16:00:00,18556.33
Solar,2026-05-22 17:00:00,7513.48
Solar,2026-05-22 18:00:00,1690.64
Solar,2026-05-22 19:00:00,142.3
Solar,2026-05-22 20:00:00,58.57
Solar,2026-05-22 21:00:00,22.61
Solar,2026-05-22 22:00:00,17.67
Solar,2026-05-22 23:00:00,11.73
Solar,2026-05-23 00:00:00,11.9
Solar,2026-05-23 01:00:00,11.07
Solar,2026-05-23 02:00:00,12.06
Solar,2026-05-23 03:00:00,459.02
Solar,2026-05-23 04:00:00,4318.56
Solar,2026-05-23 05:00:00,13993.95
Solar,2026-05-23 06:00:00,27637.72
Solar,2026-05-23 07:00:00,40357.07
Solar,2026-05-23 08:00:00,47825.57
Solar,2026-05-23 09:00:00,51894.08
Solar,2026-05-23 10:00:00,53608.9
Solar,2026-05-23 11:00:00,52146.64
Solar,2026-05-23 12:00:00,49978.89
Solar,2026-05-23 13:00:00,44320.22
Solar,2026-05-23 14:00:00,39510.86
Solar,2026-05-23 15:00:00,31195.24
Solar,2026-05-23 16:00:00,18468.85
Solar,2026-05-23 17:00:00,7488.49
Solar,2026-05-23 18:00:00,1764.39
Solar,2026-05-23 19:00:00,159.5
Solar,2026-05-23 20:00:00,62.24
Solar,2026-05-23 21:00:00,26.02
Solar,2026-05-23 22:00:00,15.56
Solar,2026-05-23 23:00:00,13.66
Solar,2026-05-24 00:00:00,13.48
Solar,2026-05-24 01:00:00,13.31
Solar,2026-05-24 02:00:00,14.37
Solar,2026-05-24 03:00:00,537.06
Solar,2026-05-24 04:00:00,4441.55
Solar,2026-05-24 05:00:00,13261.22
Solar,2026-05-24 06:00:00,25894.56
Solar,2026-05-24 07:00:00,35662.23
Solar,2026-05-24 08:00:00,43092.43
Solar,2026-05-24 09:00:00,46549.42
Solar,2026-05-24 10:00:00,47481.49
Solar,2026-05-24 11:00:00,46272.45
Solar,2026-05-24 12:00:00,44312.93
Solar,2026-05-24 13:00:00,40918.82
Solar,2026-05-24 14:00:00,35018.3
Solar,2026-05-24 15:00:00,29373.67
Solar,2026-05-24 16:00:00,18072.88
Solar,2026-05-24 17:00:00,7733.62
Solar,2026-05-24 18:00:00,1811.59
Solar,2026-05-24 19:00:00,155.88
Solar,2026-05-24 20:00:00,52.45
Solar,2026-05-24 21:00:00,18.32
Solar,2026-05-24 22:00:00,18.66
Solar,2026-05-24 23:00:00,13.25
Solar,2026-05-25 00:00:00,15.08
Solar,2026-05-25 01:00:00,34.12
Solar,2026-05-25 02:00:00,29.7
Solar,2026-05-25 03:00:00,533.97
Solar,2026-05-25 04:00:00,4564.19
Solar,2026-05-25 05:00:00,14222.86
Solar,2026-05-25 06:00:00,28003.26
Solar,2026-05-25 07:00:00,40751.19
Solar,2026-05-25 08:00:00,47781.04
Solar,2026-05-25 09:00:00,52869.78
Solar,2026-05-25 10:00:00,54865.74
Solar,2026-05-25 11:00:00,54413.59
Solar,2026-05-25 12:00:00,52820.09
Solar,2026-05-25 13:00:00,48655.81
Solar,2026-05-25 14:00:00,41392.78
Solar,2026-05-25 15:00:00,33679.43
Solar,2026-05-25 16:00:00,20104.53
Solar,2026-05-25 17:00:00,8045.95
Solar,2026-05-25 18:00:00,1843.9
Solar,2026-05-25 19:00:00,169.26
Solar,2026-05-25 20:00:00,62.73
Solar,2026-05-25 21:00:00,17.78
Solar,2026-05-25 22:00:00,12.8
Solar,2026-05-25 23:00:00,11.54
Solar,2026-05-26 00:00:00,11.07
Solar,2026-05-26 01:00:00,10.55
Solar,2026-05-26 02:00:00,12.19
Solar,2026-05-26 03:00:00,548.16
Solar,2026-05-26 04:00:00,4449.63
Solar,2026-05-26 05:00:00,13673.29
Solar,2026-05-26 06:00:00,26719.63
Solar,2026-05-26 07:00:00,39075.78
Solar,2026-05-26 08:00:00,47913.84
Solar,2026-05-26 09:00:00,52444.57
Solar,2026-05-26 10:00:00,53777.73
Solar,2026-05-26 11:00:00,53879.68
Solar,2026-05-26 12:00:00,52458.58
Solar,2026-05-26 13:00:00,49029.7
Solar,2026-05-26 14:00:00,42621.83
Solar,2026-05-26 15:00:00,32054.54
Solar,2026-05-26 16:00:00,19033.57
Solar,2026-05-26 17:00:00,7837.57
Solar,2026-05-26 18:00:00,1910.85
Solar,2026-05-26 19:00:00,161.58
Solar,2026-05-26 20:00:00,45.85
Solar,2026-05-26 21:00:00,16.07
Solar,2026-05-26 22:00:00,37.87
Solar,2026-05-26 23:00:00,11.49
Solar,2026-05-27 00:00:00,12.91
Solar,2026-05-27 01:00:00,13.86
Solar,2026-05-27 02:00:00,13.58
Solar,2026-05-27 03:00:00,560.48
Solar,2026-05-27 04:00:00,4347.08
Solar,2026-05-27 05:00:00,13107.42
Solar,2026-05-27 06:00:00,26080.44
Solar,2026-05-27 07:00:00,38432.23
Solar,2026-05-27 08:00:00,47912.6
Solar,2026-05-27 09:00:00,51261.84
Solar,2026-05-27 10:00:00,52407.4
Solar,2026-05-27 11:00:00,51755.43
Solar,2026-05-27 12:00:00,49739.76
Solar,2026-05-27 13:00:00,44845.8
Solar,2026-05-27 14:00:00,39951.7
Solar,2026-05-27 15:00:00,32472.39
Solar,2026-05-27 16:00:00,19920.51
Solar,2026-05-27 17:00:00,8301.04
Solar,2026-05-27 18:00:00,1981.2
Solar,2026-05-27 19:00:00,162.93
Solar,2026-05-27 20:00:00,34.31
Solar,2026-05-27 21:00:00,16.08
Solar,2026-05-27 22:00:00,13.79
Solar,2026-05-27 23:00:00,11.61
Solar,2026-05-28 00:00:00,24.77
Solar,2026-05-28 01:00:00,13.17
Solar,2026-05-28 02:00:00,15.18
Solar,2026-05-28 03:00:00,619.92
Solar,2026-05-28 04:00:00,4775.87
Solar,2026-05-28 05:00:00,14328.33
Solar,2026-05-28 06:00:00,27697.8
Solar,2026-05-28 07:00:00,39848.24
Solar,2026-05-28 08:00:00,49215.4
Solar,2026-05-28 09:00:00,55435.59
Solar,2026-05-28 10:00:00,57671.5
Solar,2026-05-28 11:00:00,57067.54
Solar,2026-05-28 12:00:00,56408.35
Solar,2026-05-28 13:00:00,52070.35
Solar,2026-05-28 14:00:00,44522.03
Solar,2026-05-28 15:00:00,33619.66
Solar,2026-05-28 16:00:00,20718.65
Solar,2026-05-28 17:00:00,8487.05
Solar,2026-05-28 18:00:00,2086.89
Solar,2026-05-28 19:00:00,209.11
Solar,2026-05-28 20:00:00,59.96
Solar,2026-05-28 21:00:00,25.64
Solar,2026-05-28 22:00:00,17.16
Solar,2026-05-28 23:00:00,12.4
Solar,2026-05-29 00:00:00,15.36
Solar,2026-05-29 01:00:00,15.66
Solar,2026-05-29 02:00:00,13.36
Solar,2026-05-29 03:00:00,644.5
Solar,2026-05-29 04:00:00,4811.07
Solar,2026-05-29 05:00:00,14334.68
Solar,2026-05-29 06:00:00,27392.57
Solar,2026-05-29 07:00:00,37558.35
Solar,2026-05-29 08:00:00,46034.68
Solar,2026-05-29 09:00:00,51380.61
Solar,2026-05-29 10:00:00,53198.41
Solar,2026-05-29 11:00:00,53815.39
Solar,2026-05-29 12:00:00,52379.13
Solar,2026-05-29 13:00:00,47966.51
Solar,2026-05-29 14:00:00,39773.47
Solar,2026-05-29 15:00:00,28110.17
Solar,2026-05-29 16:00:00,15929.18
Solar,2026-05-29 17:00:00,6301.84
Solar,2026-05-29 18:00:00,1361.73
Solar,2026-05-29 19:00:00,140.22
Solar,2026-05-29 20:00:00,70.27
Solar,2026-05-29 21:00:00,22.54
Solar,2026-05-29 22:00:00,32.3
Solar,2026-05-29 23:00:00,32.71
Solar,2026-05-30 00:00:00,37.77
Solar,2026-05-30 01:00:00,19.57
Solar,2026-05-30 02:00:00,17.61
Solar,2026-05-30 03:00:00,494.64
Solar,2026-05-30 04:00:00,3663.56
Solar,2026-05-30 05:00:00,10185.56
Solar,2026-05-30 06:00:00,20061.65
Solar,2026-05-30 07:00:00,30973.5
Solar,2026-05-30 08:00:00,38662.93
Solar,2026-05-30 09:00:00,42961.98
Solar,2026-05-30 10:00:00,44699.24
Solar,2026-05-30 11:00:00,43542.98
Solar,2026-05-30 12:00:00,42078.26
Solar,2026-05-30 13:00:00,39284.97
Solar,2026-05-30 14:00:00,35525.68
Solar,2026-05-30 15:00:00,27299.18
Solar,2026-05-30 16:00:00,17339.21
Solar,2026-05-30 17:00:00,7679.18
Solar,2026-05-30 18:00:00,1820.95
Solar,2026-05-30 19:00:00,196.97
Solar,2026-05-30 20:00:00,65.35
Solar,2026-05-30 21:00:00,27.45
Solar,2026-05-30 22:00:00,31.91
Solar,2026-05-30 23:00:00,17.66
Solar,2026-05-31 00:00:00,16.86
Solar,2026-05-31 01:00:00,12.21
Solar,2026-05-31 02:00:00,14.02
Solar,2026-05-31 03:00:00,682.56
Solar,2026-05-31 04:00:00,4586.65
Solar,2026-05-31 05:00:00,11519.33
Solar,2026-05-31 06:00:00,20050.6
Solar,2026-05-31 07:00:00,27498.42
Solar,2026-05-31 08:00:00,32202.68
Solar,2026-05-31 09:00:00,34315.08
Solar,2026-05-31 10:00:00,35466.31
Solar,2026-05-31 11:00:00,32976.64
Solar,2026-05-31 12:00:00,31890.18
Solar,2026-05-31 13:00:00,29491.44
Solar,2026-05-31 14:00:00,23707.2
Solar,2026-05-31 15:00:00,17009.64
Solar,2026-05-31 16:00:00,9905.85
Solar,2026-05-31 17:00:00,4292.89
Solar,2026-05-31 18:00:00,1186.94
Solar,2026-05-31 19:00:00,150.6
Solar,2026-05-31 20:00:00,71.26
Solar,2026-05-31 21:00:00,43.79
Solar,2026-05-31 22:00:00,0.0
Solar,2026-05-31 23:00:00,0.0
Solar,2026-06-01 00:00:00,0.0
Solar,2026-06-01 01:00:00,0.0
Solar,2026-06-01 02:00:00,3.79
Solar,2026-06-01 03:00:00,472.19
Solar,2026-06-01 04:00:00,3458.63
Solar,2026-06-01 05:00:00,9410.9
Solar,2026-06-01 06:00:00,17932.49
Solar,2026-06-01 07:00:00,26780.06
Solar,2026-06-01 08:00:00,34900.47
Solar,2026-06-01 09:00:00,40701.14
Solar,2026-06-01 10:00:00,43418.63
Solar,2026-06-01 11:00:00,44049.02
Solar,2026-06-01 12:00:00,42735.69
Solar,2026-06-01 13:00:00,39186.12
Solar,2026-06-01 14:00:00,33396.9
Solar,2026-06-01 15:00:00,25378.31
Solar,2026-06-01 16:00:00,16038.72
Solar,2026-06-01 17:00:00,7480.54
Solar,2026-06-01 18:00:00,2086.69
Solar,2026-06-01 19:00:00,104.79
Solar,2026-06-01 20:00:00,0.09
Solar,2026-06-01 21:00:00,0.0
Solar,2026-06-01 22:00:00,0.0
Solar,2026-06-01 23:00:00,0.0
Solar,2026-06-02 00:00:00,0.0
Solar,2026-06-02 01:00:00,0.0
Solar,2026-06-02 02:00:00,2.92
Solar,2026-06-02 03:00:00,749.89
Solar,2026-06-02 04:00:00,4725.53
Solar,2026-06-02 05:00:00,11739.1
Solar,2026-06-02 06:00:00,21037.43
Solar,2026-06-02 07:00:00,29991.11
Solar,2026-06-02 08:00:00,35977.1
Solar,2026-06-02 09:00:00,37607.14
Solar,2026-06-02 10:00:00,39148.24
Solar,2026-06-02 11:00:00,38545.08
Solar,2026-06-02 12:00:00,36007.14
Solar,2026-06-02 13:00:00,30502.09
Solar,2026-06-02 14:00:00,23594.76
Solar,2026-06-02 15:00:00,15019.27
Solar,2026-06-02 16:00:00,8295.78
Solar,2026-06-02 17:00:00,3551.76
Solar,2026-06-02 18:00:00,980.01
Solar,2026-06-02 19:00:00,50.4
Solar,2026-06-02 20:00:00,0.12
Solar,2026-06-02 21:00:00,0.0
Solar,2026-06-02 22:00:00,0.0
Solar,2026-06-02 23:00:00,0.0
Solar,2026-06-03 00:00:00,0.0
Solar,2026-06-03 01:00:00,0.0
Solar,2026-06-03 02:00:00,2.87
Solar,2026-06-03 03:00:00,360.01
Solar,2026-06-03 04:00:00,2532.9
Solar,2026-06-03 05:00:00,6365.74
Solar,2026-06-03 06:00:00,11410.91
Solar,2026-06-03 07:00:00,17392.53
Solar,2026-06-03 08:00:00,23900.45
Solar,2026-06-03 09:00:00,29430.58
Solar,2026-06-03 10:00:00,32192.72
Solar,2026-06-03 11:00:00,33279.14
Solar,2026-06-03 12:00:00,33220.81
Solar,2026-06-03 13:00:00,30756.18
Solar,2026-06-03 14:00:00,27118.52
Solar,2026-06-03 15:00:00,21412.88
Solar,2026-06-03 16:00:00,14044.51
Solar,2026-06-03 17:00:00,6725.69
Solar,2026-06-03 18:00:00,1722.95
Solar,2026-06-03 19:00:00,65.39
Solar,2026-06-03 20:00:00,0.12
Solar,2026-06-03 21:00:00,0.0
Solar,2026-06-03 22:00:00,0.0
Solar,2026-06-03 23:00:00,0.0
Solar,2026-06-04 00:00:00,0.0
Solar,2026-06-04 01:00:00,0.0
Solar,2026-06-04 02:00:00,5.83
Solar,2026-06-04 03:00:00,598.92
Solar,2026-06-04 04:00:00,3782.98
Solar,2026-06-04 05:00:00,9630.79
Solar,2026-06-04 06:00:00,16810.03
Solar,2026-06-04 07:00:00,23460.12
Solar,2026-06-04 08:00:00,27436.53
Solar,2026-06-04 09:00:00,28919.13
Solar,2026-06-04 10:00:00,29186.43
Solar,2026-06-04 11:00:00,27763.83
Solar,2026-06-04 12:00:00,25796.73
Solar,2026-06-04 13:00:00,22241.43
Solar,2026-06-04 14:00:00,17687.58
Solar,2026-06-04 15:00:00,12735.77
Solar,2026-06-04 16:00:00,7887.45
Solar,2026-06-04 17:00:00,3937.66
Solar,2026-06-04 18:00:00,1219.39
Solar,2026-06-04 19:00:00,109.98
Solar,2026-06-04 20:00:00,0.2
Solar,2026-06-04 21:00:00,0.0
Solar,2026-06-04 22:00:00,0.0
Solar,2026-06-04 23:00:00,0.0
Solar,2026-06-05 00:00:00,0.0
Solar,2026-06-05 01:00:00,0.0
Solar,2026-06-05 02:00:00,1.38
Solar,2026-06-05 03:00:00,308.81
Solar,2026-06-05 04:00:00,2451.96
Solar,2026-06-05 05:00:00,6441.03
Solar,2026-06-05 06:00:00,12330.32
Solar,2026-06-05 07:00:00,20247.68
Solar,2026-06-05 08:00:00,28235.91
Solar,2026-06-05 09:00:00,34018.11
Solar,2026-06-05 10:00:00,36360.98
Solar,2026-06-05 11:00:00,36378.79
Solar,2026-06-05 12:00:00,35660.62
Solar,2026-06-05 13:00:00,34191.28
Solar,2026-06-05 14:00:00,29440.95
Solar,2026-06-05 15:00:00,22939.83
Solar,2026-06-05 16:00:00,15341.04
Solar,2026-06-05 17:00:00,7748.34
Solar,2026-06-05 18:00:00,2227.97
Solar,2026-06-05 19:00:00,127.06
Solar,2026-06-05 20:00:00,0.44
Solar,2026-06-05 21:00:00,0.0
Solar,2026-06-05 22:00:00,0.0
Solar,2026-06-05 23:00:00,0.0
Solar,2026-06-06 00:00:00,0.0
Solar,2026-06-06 01:00:00,0.0
Solar,2026-06-06 02:00:00,6.16
Solar,2026-06-06 03:00:00,852.47
Solar,2026-06-06 04:00:00,5373.96
Solar,2026-06-06 05:00:00,13728.73
Solar,2026-06-06 06:00:00,24568.4
Solar,2026-06-06 07:00:00,34121.59
Solar,2026-06-06 08:00:00,39354.42
Solar,2026-06-06 09:00:00,42410.13
Solar,2026-06-06 10:00:00,42005.45
Solar,2026-06-06 11:00:00,40724.11
Solar,2026-06-06 12:00:00,38851.87
Solar,2026-06-06 13:00:00,35186.87
Solar,2026-06-06 14:00:00,27855.82
Solar,2026-06-06 15:00:00,19157.89
Solar,2026-06-06 16:00:00,11366.63
Solar,2026-06-06 17:00:00,5403.61
Solar,2026-06-06 18:00:00,1558.67
Solar,2026-06-06 19:00:00,74.7
Solar,2026-06-06 20:00:00,0.45
Solar,2026-06-06 21:00:00,0.0
Solar,2026-06-06 22:00:00,0.0
Solar,2026-06-06 23:00:00,0.0
Solar,2026-06-07 00:00:00,0.0
Solar,2026-06-07 01:00:00,0.0
Solar,2026-06-07 02:00:00,2.5
Solar,2026-06-07 03:00:00,523.2
Solar,2026-06-07 04:00:00,3615.1
Solar,2026-06-07 05:00:00,9663.27
Solar,2026-06-07 06:00:00,16617.59
Solar,2026-06-07 07:00:00,23661.64
Solar,2026-06-07 08:00:00,28227.53
Solar,2026-06-07 09:00:00,30632.97
Solar,2026-06-07 10:00:00,32857.77
Solar,2026-06-07 11:00:00,33960.3
Solar,2026-06-07 12:00:00,33792.11
Solar,2026-06-07 13:00:00,32136.92
Solar,2026-06-07 14:00:00,28760.18
Solar,2026-06-07 15:00:00,24152.77
Solar,2026-06-07 16:00:00,16625.95
Solar,2026-06-07 17:00:00,8043.31
Solar,2026-06-07 18:00:00,2253.58
Solar,2026-06-07 19:00:00,123.7
Solar,2026-06-07 20:00:00,0.62
Solar,2026-06-07 21:00:00,0.0
Solar,2026-06-07 22:00:00,0.0
Solar,2026-06-07 23:00:00,0.0
Solar,2026-06-08 00:00:00,0.0
Solar,2026-06-08 01:00:00,0.0
Solar,2026-06-08 02:00:00,6.91
Solar,2026-06-08 03:00:00,913.03
Solar,2026-06-08 04:00:00,5282.03
Solar,2026-06-08 05:00:00,13614.24
Solar,2026-06-08 06:00:00,24478.22
Solar,2026-06-08 07:00:00,33754.81
Solar,2026-06-08 08:00:00,40788.89
Solar,2026-06-08 09:00:00,44260.68
Solar,2026-06-08 10:00:00,44837.9
Solar,2026-06-08 11:00:00,43263.7
Solar,2026-06-08 12:00:00,39380.73
Solar,2026-06-08 13:00:00,32277.89
Solar,2026-06-08 14:00:00,24597.73
Solar,2026-06-08 15:00:00,16891.06
Solar,2026-06-08 16:00:00,10422.32
Solar,2026-06-08 17:00:00,4876.41
Solar,2026-06-08 18:00:00,1359.13
Solar,2026-06-08 19:00:00,67.29
Solar,2026-06-08 20:00:00,0.61
Solar,2026-06-08 21:00:00,0.0
Solar,2026-06-08 22:00:00,0.0
Solar,2026-06-08 23:00:00,0.0
Solar,2026-06-09 00:00:00,0.0
Solar,2026-06-09 01:00:00,0.0
Solar,2026-06-09 02:00:00,3.24
Solar,2026-06-09 03:00:00,329.27
Solar,2026-06-09 04:00:00,2100.03
Solar,2026-06-09 05:00:00,4899.74
Solar,2026-06-09 06:00:00,8577.15
Solar,2026-06-09 07:00:00,13474.37
Solar,2026-06-09 08:00:00,20056.96
Solar,2026-06-09 09:00:00,25274.32
Solar,2026-06-09 10:00:00,29139.29
Solar,2026-06-09 11:00:00,31631.66
Solar,2026-06-09 12:00:00,32824.08
Solar,2026-06-09 13:00:00,32829.11
Solar,2026-06-09 14:00:00,28815.7
Solar,2026-06-09 15:00:00,22891.05
Solar,2026-06-09 16:00:00,15473.89
Solar,2026-06-09 17:00:00,7719.27
Solar,2026-06-09 18:00:00,2446.75
Solar,2026-06-09 19:00:00,194.04
Solar,2026-06-09 20:00:00,0.83
Solar,2026-06-09 21:00:00,0.0
Solar,2026-06-09 22:00:00,0.0
Solar,2026-06-09 23:00:00,0.0
Solar,2026-06-10 00:00:00,0.0
Solar,2026-06-10 01:00:00,0.0
Solar,2026-06-10 02:00:00,7.41
Solar,2026-06-10 03:00:00,677.74
Solar,2026-06-10 04:00:00,3891.2
Solar,2026-06-10 05:00:00,9714.55
Solar,2026-06-10 06:00:00,17246.49
Solar,2026-06-10 07:00:00,24606.37
Solar,2026-06-10 08:00:00,30011.54
Solar,2026-06-10 09:00:00,32833.32
Solar,2026-06-10 10:00:00,33324.93
Solar,2026-06-10 11:00:00,31620.95
Solar,2026-06-10 12:00:00,27984.13
Solar,2026-06-10 13:00:00,24625.6
Solar,2026-06-10 14:00:00,21217.66
Solar,2026-06-10 15:00:00,16685.81
Solar,2026-06-10 16:00:00,11196.34
Solar,2026-06-10 17:00:00,5801.52
Solar,2026-06-10 18:00:00,1850.24
Solar,2026-06-10 19:00:00,153.8
Solar,2026-06-10 20:00:00,0.28
Solar,2026-06-10 21:00:00,0.0
Solar,2026-06-10 22:00:00,0.0
Solar,2026-06-10 23:00:00,0.0
Solar,2026-06-11 00:00:00,0.0
Solar,2026-06-11 01:00:00,0.0
Solar,2026-06-11 02:00:00,2.76
Solar,2026-06-11 03:00:00,555.18
Solar,2026-06-11 04:00:00,3704.76
Solar,2026-06-11 05:00:00,9939.94
Solar,2026-06-11 06:00:00,17910.42
Solar,2026-06-11 07:00:00,25698.45
Solar,2026-06-11 08:00:00,32185.83
Solar,2026-06-11 09:00:00,36567.05
Solar,2026-06-11 10:00:00,37728.07
Solar,2026-06-11 11:00:00,38654.74
Solar,2026-06-11 12:00:00,38056.12
Solar,2026-06-11 13:00:00,35359.44
Solar,2026-06-11 14:00:00,30089.87
Solar,2026-06-11 15:00:00,22899.49
Solar,2026-06-11 16:00:00,13989.03
Solar,2026-06-11 17:00:00,6668.54
Solar,2026-06-11 18:00:00,1854.65
Solar,2026-06-11 19:00:00,109.21
Solar,2026-06-11 20:00:00,0.25
Solar,2026-06-11 21:00:00,0.0
Solar,2026-06-11 22:00:00,0.0
Solar,2026-06-11 23:00:00,0.0
Solar,2026-06-12 00:00:00,0.0
Solar,2026-06-12 01:00:00,0.0
Solar,2026-06-12 02:00:00,15.36
Solar,2026-06-12 03:00:00,464.66
Solar,2026-06-12 04:00:00,2139.53
Solar,2026-06-12 05:00:00,4987.3
Solar,2026-06-12 06:00:00,8608.17
Solar,2026-06-12 07:00:00,11603.38
Solar,2026-06-12 08:00:00,13893.8
Solar,2026-06-12 09:00:00,15518.68
Solar,2026-06-12 10:00:00,16160.32
Solar,2026-06-12 11:00:00,17727.75
Solar,2026-06-12 12:00:00,17720.03
Solar,2026-06-12 13:00:00,17181.85
Solar,2026-06-12 14:00:00,15602.91
Solar,2026-06-12 15:00:00,12366.23
Solar,2026-06-12 16:00:00,8098.93
Solar,2026-06-12 17:00:00,4163.46
Solar,2026-06-12 18:00:00,1252.58
Solar,2026-06-12 19:00:00,105.01
Solar,2026-06-12 20:00:00,0.23
Solar,2026-06-12 21:00:00,0.0
Solar,2026-06-12 22:00:00,0.0
Solar,2026-06-12 23:00:00,0.0
Solar,2026-06-13 00:00:00,0.0
Solar,2026-06-13 01:00:00,0.0
Solar,2026-06-13 02:00:00,8.44
Solar,2026-06-13 03:00:00,573.94
Solar,2026-06-13 04:00:00,3771.33
Solar,2026-06-13 05:00:00,10004.19
Solar,2026-06-13 06:00:00,18163.64
Solar,2026-06-13 07:00:00,25439.85
Solar,2026-06-13 08:00:00,30346.41
Solar,2026-06-13 09:00:00,34807.44
Solar,2026-06-13 10:00:00,37280.46
Solar,2026-06-13 11:00:00,37751.51
Solar,2026-06-13 12:00:00,36817.01
Solar,2026-06-13 13:00:00,34265.04
Solar,2026-06-13 14:00:00,29750.18
Solar,2026-06-13 15:00:00,23307.97
Solar,2026-06-13 16:00:00,15850.82
Solar,2026-06-13 17:00:00,8193.27
Solar,2026-06-13 18:00:00,2469.31
Solar,2026-06-13 19:00:00,175.28
Solar,2026-06-13 20:00:00,0.2
Solar,2026-06-13 21:00:00,0.0
Solar,2026-06-13 22:00:00,0.0
Solar,2026-06-13 23:00:00,0.0
Solar,2026-06-14 00:00:00,0.0
Solar,2026-06-14 01:00:00,0.0
Solar,2026-06-14 02:00:00,3.46
Solar,2026-06-14 03:00:00,646.48
Solar,2026-06-14 04:00:00,4148.27
Solar,2026-06-14 05:00:00,9793.74
Solar,2026-06-14 06:00:00,15255.43
Solar,2026-06-14 07:00:00,21166.93
Solar,2026-06-14 08:00:00,26052.35
Solar,2026-06-14 09:00:00,29747.3
Solar,2026-06-14 10:00:00,32152.96
Solar,2026-06-14 11:00:00,33468.37
Solar,2026-06-14 12:00:00,32630.36
Solar,2026-06-14 13:00:00,29707.17
Solar,2026-06-14 14:00:00,25337.89
Solar,2026-06-14 15:00:00,20552.88
Solar,2026-06-14 16:00:00,14379.5
Solar,2026-06-14 17:00:00,7250.26
Solar,2026-06-14 18:00:00,2261.58
Solar,2026-06-14 19:00:00,162.03
Solar,2026-06-14 20:00:00,0.2
Solar,2026-06-14 21:00:00,0.0
Solar,2026-06-14 22:00:00,0.0
Solar,2026-06-14 23:00:00,0.0
Solar,2026-06-15 00:00:00,0.0
Solar,2026-06-15 01:00:00,0.0
Solar,2026-06-15 02:00:00,2.43
Solar,2026-06-15 03:00:00,498.72
Solar,2026-06-15 04:00:00,3581.84
Solar,2026-06-15 05:00:00,9553.86
Solar,2026-06-15 06:00:00,17540.68
Solar,2026-06-15 07:00:00,24281.57
Solar,2026-06-15 08:00:00,28566.14
Solar,2026-06-15 09:00:00,32433.46
Solar,2026-06-15 10:00:00,35239.23
Solar,2026-06-15 11:00:00,37017.05
Solar,2026-06-15 12:00:00,37289.69
Solar,2026-06-15 13:00:00,35951.62
Solar,2026-06-15 14:00:00,32402.97
Solar,2026-06-15 15:00:00,26294.87
Solar,2026-06-15 16:00:00,17500.98
Solar,2026-06-15 17:00:00,8776.35
Solar,2026-06-15 18:00:00,2701.29
Solar,2026-06-15 19:00:00,197.97
Solar,2026-06-15 20:00:00,0.3
Solar,2026-06-15 21:00:00,0.0
Solar,2026-06-15 22:00:00,0.0
Solar,2026-06-15 23:00:00,0.0
Solar,2026-06-16 00:00:00,0.0
Solar,2026-06-16 01:00:00,0.0
Solar,2026-06-16 02:00:00,8.21
Solar,2026-06-16 03:00:00,799.1
Solar,2026-06-16 04:00:00,4228.02
Solar,2026-06-16 05:00:00,10145.54
Solar,2026-06-16 06:00:00,16309.33
Solar,2026-06-16 07:00:00,22160.5
Solar,2026-06-16 08:00:00,27172.71
Solar,2026-06-16 09:00:00,31187.89
Solar,2026-06-16 10:00:00,33108.01
Solar,2026-06-16 11:00:00,34108.1
Solar,2026-06-16 12:00:00,33581.31
Solar,2026-06-16 13:00:00,31805.27
Solar,2026-06-16 14:00:00,28089.88
Solar,2026-06-16 15:00:00,22267.24
Solar,2026-06-16 16:00:00,14606.26
Solar,2026-06-16 17:00:00,7466.69
Solar,2026-06-16 18:00:00,2437.62
Solar,2026-06-16 19:00:00,225.26
Solar,2026-06-16 20:00:00,0.29
Solar,2026-06-16 21:00:00,0.0
Solar,2026-06-16 22:00:00,0.0
Solar,2026-06-16 23:00:00,0.0
Solar,2026-06-17 00:00:00,0.0
Solar,2026-06-17 01:00:00,0.0
Solar,2026-06-17 02:00:00,14.45
Solar,2026-06-17 03:00:00,923.97
Solar,2026-06-17 04:00:00,4962.08
Solar,2026-06-17 05:00:00,12293.65
Solar,2026-06-17 06:00:00,21343.57
Solar,2026-06-17 07:00:00,29360.54
Solar,2026-06-17 08:00:00,36043.59
Solar,2026-06-17 09:00:00,41484.84
Solar,2026-06-17 10:00:00,44254.41
Solar,2026-06-17 11:00:00,43009.32
Solar,2026-06-17 12:00:00,40989.05
Solar,2026-06-17 13:00:00,37578.54
Solar,2026-06-17 14:00:00,31522.76
Solar,2026-06-17 15:00:00,24095.16
Solar,2026-06-17 16:00:00,15033.21
Solar,2026-06-17 17:00:00,7284.39
Solar,2026-06-17 18:00:00,2199.18
Solar,2026-06-17 19:00:00,152.36
Solar,2026-06-17 20:00:00,0.17
Solar,2026-06-17 21:00:00,0.0
Solar,2026-06-17 22:00:00,0.0
Solar,2026-06-17 23:00:00,0.0
Solar,2026-06-18 00:00:00,0.0
Solar,2026-06-18 01:00:00,0.0
Solar,2026-06-18 02:00:00,1.98
Solar,2026-06-18 03:00:00,656.61
Solar,2026-06-18 04:00:00,4412.93
Solar,2026-06-18 05:00:00,11788.37
Solar,2026-06-18 06:00:00,22316.62
Solar,2026-06-18 07:00:00,32484.11
Solar,2026-06-18 08:00:00,41833.01
Solar,2026-06-18 09:00:00,47633.4
Solar,2026-06-18 10:00:00,50240.12
Solar,2026-06-18 11:00:00,50603.16
Solar,2026-06-18 12:00:00,48868.79
Solar,2026-06-18 13:00:00,44763.94
Solar,2026-06-18 14:00:00,38665.3
Solar,2026-06-18 15:00:00,30286.87
Solar,2026-06-18 16:00:00,19647.54
Solar,2026-06-18 17:00:00,9293.89
Solar,2026-06-18 18:00:00,2711.81
Solar,2026-06-18 19:00:00,197.35
Solar,2026-06-18 20:00:00,1.34
Solar,2026-06-18 21:00:00,0.0
Solar,2026-06-18 22:00:00,0.0
Solar,2026-06-18 23:00:00,0.0
Solar,2026-06-19 00:00:00,0.0
Solar,2026-06-19 01:00:00,0.0
Solar,2026-06-19 02:00:00,6.26
Solar,2026-06-19 03:00:00,733.01
Solar,2026-06-19 04:00:00,4524.71
Solar,2026-06-19 05:00:00,11951.16
Solar,2026-06-19 06:00:00,22494.57
Solar,2026-06-19 07:00:00,32869.03
Solar,2026-06-19 08:00:00,41890.61
Solar,2026-06-19 09:00:00,48224.6
Solar,2026-06-19 10:00:00,51078.64
Solar,2026-06-19 11:00:00,50837.38
Solar,2026-06-19 12:00:00,48023.22
Solar,2026-06-19 13:00:00,43773.26
Solar,2026-06-19 14:00:00,37138.0
Solar,2026-06-19 15:00:00,27661.78
Solar,2026-06-19 16:00:00,16559.12
Solar,2026-06-19 17:00:00,7089.14
Solar,2026-06-19 18:00:00,2061.38
Solar,2026-06-19 19:00:00,186.58
Solar,2026-06-19 20:00:00,1.25
Solar,2026-06-19 21:00:00,0.0
Solar,2026-06-19 22:00:00,0.0
Solar,2026-06-19 23:00:00,0.0
Solar,2026-06-20 00:00:00,0.0
Solar,2026-06-20 01:00:00,0.0
Solar,2026-06-20 02:00:00,8.71
Solar,2026-06-20 03:00:00,712.74
Solar,2026-06-20 04:00:00,4071.49
Solar,2026-06-20 05:00:00,10148.79
Solar,2026-06-20 06:00:00,19432.4
Solar,2026-06-20 07:00:00,29546.28
Solar,2026-06-20 08:00:00,38562.71
Solar,2026-06-20 09:00:00,45305.44
Solar,2026-06-20 10:00:00,48833.76
Solar,2026-06-20 11:00:00,48649.45
Solar,2026-06-20 12:00:00,45967.13
Solar,2026-06-20 13:00:00,43228.82
Solar,2026-06-20 14:00:00,37338.57
Solar,2026-06-20 15:00:00,29456.56
Solar,2026-06-20 16:00:00,19121.69
Solar,2026-06-20 17:00:00,9058.42
Solar,2026-06-20 18:00:00,2812.54
Solar,2026-06-20 19:00:00,265.47
Solar,2026-06-20 20:00:00,0.9
Solar,2026-06-20 21:00:00,0.0
Solar,2026-06-20 22:00:00,0.0
Solar,2026-06-20 23:00:00,0.0
Solar,2026-06-21 00:00:00,0.0
Solar,2026-06-21 01:00:00,0.0
Solar,2026-06-21 02:00:00,7.09
Solar,2026-06-21 03:00:00,850.64
Solar,2026-06-21 04:00:00,4650.83
Solar,2026-06-21 05:00:00,11352.12
Solar,2026-06-21 06:00:00,20135.86
Solar,2026-06-21 07:00:00,28262.13
Solar,2026-06-21 08:00:00,36244.88
Solar,2026-06-21 09:00:00,42014.12
Solar,2026-06-21 10:00:00,44805.04
Solar,2026-06-21 11:00:00,44510.29
Solar,2026-06-21 12:00:00,43168.09
Solar,2026-06-21 13:00:00,39209.28
Solar,2026-06-21 14:00:00,32461.52
Solar,2026-06-21 15:00:00,24829.75
Solar,2026-06-21 16:00:00,16094.83
Solar,2026-06-21 17:00:00,8032.65
Solar,2026-06-21 18:00:00,2776.94
Solar,2026-06-21 19:00:00,281.02
Solar,2026-06-21 20:00:00,0.5
Solar,2026-06-21 21:00:00,0.0
Solar,2026-06-21 22:00:00,0.0
Solar,2026-06-21 23:00:00,0.0
Solar,2026-06-22 00:00:00,0.0
Solar,2026-06-22 01:00:00,0.0
Solar,2026-06-22 02:00:00,7.4
Solar,2026-06-22 03:00:00,802.61
Solar,2026-06-22 04:00:00,4671.84
Solar,2026-06-22 05:00:00,12419.2
Solar,2026-06-22 06:00:00,23067.96
Solar,2026-06-22 07:00:00,33220.27
Solar,2026-06-22 08:00:00,42450.43
Solar,2026-06-22 09:00:00,49210.22
Solar,2026-06-22 10:00:00,52448.05
Solar,2026-06-22 11:00:00,52738.7
Solar,2026-06-22 12:00:00,49906.39
Solar,2026-06-22 13:00:00,44704.49
Solar,2026-06-22 14:00:00,37038.85
Solar,2026-06-22 15:00:00,27493.1
Solar,2026-06-22 16:00:00,17843.35
Solar,2026-06-22 17:00:00,8994.95
Solar,2026-06-22 18:00:00,2834.41
Solar,2026-06-22 19:00:00,257.62
Solar,2026-06-22 20:00:00,0.33
Solar,2026-06-22 21:00:00,0.0
Solar,2026-06-22 22:00:00,0.0
Solar,2026-06-22 23:00:00,0.0
Solar,2026-06-23 00:00:00,0.0
Solar,2026-06-23 01:00:00,0.0
Solar,2026-06-23 02:00:00,8.82
Solar,2026-06-23 03:00:00,754.56
Solar,2026-06-23 04:00:00,4581.69
Solar,2026-06-23 05:00:00,12333.03
Solar,2026-06-23 06:00:00,23318.91
Solar,2026-06-23 07:00:00,33819.76
Solar,2026-06-23 08:00:00,42144.64
Solar,2026-06-23 09:00:00,47890.45
Solar,2026-06-23 10:00:00,49993.99
Solar,2026-06-23 11:00:00,49645.48
Solar,2026-06-23 12:00:00,47372.13
Solar,2026-06-23 13:00:00,43718.84
Solar,2026-06-23 14:00:00,37965.07
Solar,2026-06-23 15:00:00,29424.45
Solar,2026-06-23 16:00:00,18783.87
Solar,2026-06-23 17:00:00,9011.58
Solar,2026-06-23 18:00:00,2884.74
Solar,2026-06-23 19:00:00,282.47
Solar,2026-06-23 20:00:00,0.36
Solar,2026-06-23 21:00:00,0.0
Solar,2026-06-23 22:00:00,0.0
Solar,2026-06-23 23:00:00,0.0
Solar,2026-06-24 00:00:00,0.0
Solar,2026-06-24 01:00:00,0.0
Solar,2026-06-24 02:00:00,4.4
Solar,2026-06-24 03:00:00,778.57
Solar,2026-06-24 04:00:00,4914.41
Solar,2026-06-24 05:00:00,13303.16
Solar,2026-06-24 06:00:00,25210.89
Solar,2026-06-24 07:00:00,36027.14
Solar,2026-06-24 08:00:00,44392.76
Solar,2026-06-24 09:00:00,50464.08
Solar,2026-06-24 10:00:00,53907.65
Solar,2026-06-24 11:00:00,54621.35
Solar,2026-06-24 12:00:00,52890.37
Solar,2026-06-24 13:00:00,47979.19
Solar,2026-06-24 14:00:00,40873.29
Solar,2026-06-24 15:00:00,31562.7
Solar,2026-06-24 16:00:00,20009.03
Solar,2026-06-24 17:00:00,9257.53
Solar,2026-06-24 18:00:00,2905.87
Solar,2026-06-24 19:00:00,272.29
Solar,2026-06-24 20:00:00,0.39
Solar,2026-06-24 21:00:00,0.0
Solar,2026-06-24 22:00:00,0.0
Solar,2026-06-24 23:00:00,0.0
Solar,2026-06-25 00:00:00,0.0
Solar,2026-06-25 01:00:00,0.0
Solar,2026-06-25 02:00:00,5.29
Solar,2026-06-25 03:00:00,750.72
Solar,2026-06-25 04:00:00,4753.53
Solar,2026-06-25 05:00:00,12831.92
Solar,2026-06-25 06:00:00,24391.39
Solar,2026-06-25 07:00:00,35384.03
Solar,2026-06-25 08:00:00,44315.9
Solar,2026-06-25 09:00:00,50641.76
Solar,2026-06-25 10:00:00,53442.11
Solar,2026-06-25 11:00:00,53603.59
Solar,2026-06-25 12:00:00,51573.27
Solar,2026-06-25 13:00:00,47464.49
Solar,2026-06-25 14:00:00,40767.07
Solar,2026-06-25 15:00:00,31414.42
Solar,2026-06-25 16:00:00,20062.05
Solar,2026-06-25 17:00:00,9385.23
Solar,2026-06-25 18:00:00,2921.04
Solar,2026-06-25 19:00:00,270.25
Solar,2026-06-25 20:00:00,0.41
Solar,2026-06-25 21:00:00,0.0
Solar,2026-06-25 22:00:00,0.0
Solar,2026-06-25 23:00:00,0.0
Solar,2026-06-26 00:00:00,0.0
Solar,2026-06-26 01:00:00,0.0
Solar,2026-06-26 02:00:00,6.26
Solar,2026-06-26 03:00:00,788.77
Solar,2026-06-26 04:00:00,4858.93
Solar,2026-06-26 05:00:00,13152.31
Solar,2026-06-26 06:00:00,25050.53
Solar,2026-06-26 07:00:00,35394.64
Solar,2026-06-26 08:00:00,44454.04
Solar,2026-06-26 09:00:00,50518.31
Solar,2026-06-26 10:00:00,53652.51
Solar,2026-06-26 11:00:00,53587.83
Solar,2026-06-26 12:00:00,51352.39
Solar,2026-06-26 13:00:00,47369.72
Solar,2026-06-26 14:00:00,40551.94
Solar,2026-06-26 15:00:00,31127.51
Solar,2026-06-26 16:00:00,19510.14
Solar,2026-06-26 17:00:00,8930.5
Solar,2026-06-26 18:00:00,2624.81
Solar,2026-06-26 19:00:00,238.26
Solar,2026-06-26 20:00:00,0.39
Solar,2026-06-26 21:00:00,0.0
Solar,2026-06-26 22:00:00,0.0
Solar,2026-06-26 23:00:00,0.0
Solar,2026-06-27 00:00:00,0.0
Solar,2026-06-27 01:00:00,0.0
Solar,2026-06-27 02:00:00,6.19
Solar,2026-06-27 03:00:00,780.52
Solar,2026-06-27 04:00:00,4659.27
Solar,2026-06-27 05:00:00,12715.11
Solar,2026-06-27 06:00:00,23866.12
Solar,2026-06-27 07:00:00,33745.96
Solar,2026-06-27 08:00:00,41971.96
Solar,2026-06-27 09:00:00,47975.28
Solar,2026-06-27 10:00:00,51499.65
Solar,2026-06-27 11:00:00,51384.05
Solar,2026-06-27 12:00:00,48551.37
Solar,2026-06-27 13:00:00,43623.97
Solar,2026-06-27 14:00:00,36654.65
Solar,2026-06-27 15:00:00,27332.93
Solar,2026-06-27 16:00:00,17063.61
Solar,2026-06-27 17:00:00,7978.8
Solar,2026-06-27 18:00:00,2496.5
Solar,2026-06-27 19:00:00,226.47
Solar,2026-06-27 20:00:00,0.95
Solar,2026-06-27 21:00:00,0.0
Solar,2026-06-27 22:00:00,0.0
Solar,2026-06-27 23:00:00,0.0
Solar,2026-06-28 00:00:00,0.0
Solar,2026-06-28 01:00:00,0.0
Solar,2026-06-28 02:00:00,3.9
Solar,2026-06-28 03:00:00,568.39
Solar,2026-06-28 04:00:00,3959.88
Solar,2026-06-28 05:00:00,10981.81
Solar,2026-06-28 06:00:00,21466.41
Solar,2026-06-28 07:00:00,31735.08
Solar,2026-06-28 08:00:00,39546.51
Solar,2026-06-28 09:00:00,44019.57
Solar,2026-06-28 10:00:00,45969.49
Solar,2026-06-28 11:00:00,45484.82
Solar,2026-06-28 12:00:00,44187.2
Solar,2026-06-28 13:00:00,40655.21
Solar,2026-06-28 14:00:00,34429.81
Solar,2026-06-28 15:00:00,25874.25
Solar,2026-06-28 16:00:00,16005.57
Solar,2026-06-28 17:00:00,7682.48
Solar,2026-06-28 18:00:00,2506.33
Solar,2026-06-28 19:00:00,263.31
Solar,2026-06-28 20:00:00,0.51
Solar,2026-06-28 21:00:00,0.0
Solar,2026-06-28 22:00:00,0.0
Solar,2026-06-28 23:00:00,0.0
Solar,2026-06-29 00:00:00,0.0
Solar,2026-06-29 01:00:00,0.0
Solar,2026-06-29 02:00:00,5.92
Solar,2026-06-29 03:00:00,495.14
Solar,2026-06-29 04:00:00,2638.37
Solar,2026-06-29 05:00:00,6022.66
Solar,2026-06-29 06:00:00,11208.43
Solar,2026-06-29 07:00:00,17525.57
Solar,2026-06-29 08:00:00,23860.35
Solar,2026-06-29 09:00:00,29522.68
Solar,2026-06-29 10:00:00,33952.94
Solar,2026-06-29 11:00:00,37904.38
Solar,2026-06-29 12:00:00,39681.52
Solar,2026-06-29 13:00:00,37872.92
Solar,2026-06-29 14:00:00,33116.58
Solar,2026-06-29 15:00:00,25069.87
Solar,2026-06-29 16:00:00,16551.01
Solar,2026-06-29 17:00:00,8678.61
Solar,2026-06-29 18:00:00,3007.26
Solar,2026-06-29 19:00:00,313.53
Solar,2026-06-29 20:00:00,0.54
Solar,2026-06-29 21:00:00,0.0
Solar,2026-06-29 22:00:00,0.0
Solar,2026-06-29 23:00:00,0.0
Solar,2026-06-30 00:00:00,0.0
Solar,2026-06-30 01:00:00,0.0
Solar,2026-06-30 02:00:00,3.65
Solar,2026-06-30 03:00:00,546.43
Solar,2026-06-30 04:00:00,3919.09
Solar,2026-06-30 05:00:00,10477.3
Solar,2026-06-30 06:00:00,19263.21
Solar,2026-06-30 07:00:00,28013.06
Solar,2026-06-30 08:00:00,35164.64
Solar,2026-06-30 09:00:00,39908.99
Solar,2026-06-30 10:00:00,42819.56
Solar,2026-06-30 11:00:00,42274.0
Solar,2026-06-30 12:00:00,38533.72
Solar,2026-06-30 13:00:00,33647.55
Solar,2026-06-30 14:00:00,27199.2
Solar,2026-06-30 15:00:00,19571.48
Solar,2026-06-30 16:00:00,12288.63
Solar,2026-06-30 17:00:00,5923.41
Solar,2026-06-30 18:00:00,1910.52
Solar,2026-06-30 19:00:00,173.46
Solar,2026-06-30 20:00:00,0.97
Solar,2026-06-30 21:00:00,0.0
Solar,2026-06-30 22:00:00,0.0
Solar,2026-06-30 23:00:00,0.0
Solar,2026-07-01 00:00:00,0.0
Solar,2026-07-01 01:00:00,0.0
Solar,2026-07-01 02:00:00,2.37
Solar,2026-07-01 03:00:00,339.3
Solar,2026-07-01 04:00:00,2122.37
Solar,2026-07-01 05:00:00,5500.81
Solar,2026-07-01 06:00:00,11085.87
Solar,2026-07-01 07:00:00,16723.78
Solar,2026-07-01 08:00:00,21941.36
Solar,2026-07-01 09:00:00,26823.57
Solar,2026-07-01 10:00:00,30832.22
Solar,2026-07-01 11:00:00,34564.85
Solar,2026-07-01 12:00:00,34562.28
Solar,2026-07-01 13:00:00,32946.87
Solar,2026-07-01 14:00:00,28940.55
Solar,2026-07-01 15:00:00,23459.11
Solar,2026-07-01 16:00:00,16520.61
Solar,2026-07-01 17:00:00,8984.41
Solar,2026-07-01 18:00:00,3103.07
Solar,2026-07-01 19:00:00,352.51
Solar,2026-07-01 20:00:00,10.36
Solar,2026-07-01 21:00:00,0.0
Solar,2026-07-01 22:00:00,0.0
Solar,2026-07-01 23:00:00,0.0
Solar,2026-07-02 00:00:00,0.0
Solar,2026-07-02 01:00:00,0.0
Solar,2026-07-02 02:00:00,10.18
Solar,2026-07-02 03:00:00,692.0
Solar,2026-07-02 04:00:00,4663.63
Solar,2026-07-02 05:00:00,12978.27
Solar,2026-07-02 06:00:00,24776.52
Solar,2026-07-02 07:00:00,35668.0
Solar,2026-07-02 08:00:00,41555.41
Solar,2026-07-02 09:00:00,42074.03
Solar,2026-07-02 10:00:00,41609.92
Solar,2026-07-02 11:00:00,39585.9
Solar,2026-07-02 12:00:00,36667.84
Solar,2026-07-02 13:00:00,32375.42
Solar,2026-07-02 14:00:00,28015.03
Solar,2026-07-02 15:00:00,22063.99
Solar,2026-07-02 16:00:00,14386.8
Solar,2026-07-02 17:00:00,7002.78
Solar,2026-07-02 18:00:00,2311.36
Solar,2026-07-02 19:00:00,255.76
Solar,2026-07-02 20:00:00,9.73
Solar,2026-07-02 21:00:00,0.0
Solar,2026-07-02 22:00:00,0.0
Solar,2026-07-02 23:00:00,0.0
Solar,2026-07-03 00:00:00,0.0
Solar,2026-07-03 01:00:00,0.0
Solar,2026-07-03 02:00:00,9.62
Solar,2026-07-03 03:00:00,653.16
Solar,2026-07-03 04:00:00,4529.34
Solar,2026-07-03 05:00:00,12712.17
Solar,2026-07-03 06:00:00,23163.13
Solar,2026-07-03 07:00:00,32274.95
Solar,2026-07-03 08:00:00,37136.59
Solar,2026-07-03 09:00:00,39379.29
Solar,2026-07-03 10:00:00,41838.1
Solar,2026-07-03 11:00:00,42655.68
Solar,2026-07-03 12:00:00,41658.06
Solar,2026-07-03 13:00:00,39235.67
Solar,2026-07-03 14:00:00,34789.62
Solar,2026-07-03 15:00:00,28576.57
Solar,2026-07-03 16:00:00,19974.67
Solar,2026-07-03 17:00:00,9745.96
Solar,2026-07-03 18:00:00,2960.24
Solar,2026-07-03 19:00:00,228.42
Solar,2026-07-03 20:00:00,0.97
Solar,2026-07-03 21:00:00,0.0
Solar,2026-07-03 22:00:00,0.0
Solar,2026-07-03 23:00:00,0.0
Solar,2026-07-04 00:00:00,0.0
Solar,2026-07-04 01:00:00,0.0
Solar,2026-07-04 02:00:00,2.89
Solar,2026-07-04 03:00:00,577.64
Solar,2026-07-04 04:00:00,4396.7
Solar,2026-07-04 05:00:00,11920.84
Solar,2026-07-04 06:00:00,21765.68
Solar,2026-07-04 07:00:00,30857.6
Solar,2026-07-04 08:00:00,36354.11
Solar,2026-07-04 09:00:00,39884.73
Solar,2026-07-04 10:00:00,41614.68
Solar,2026-07-04 11:00:00,39963.06
Solar,2026-07-04 12:00:00,37602.87
Solar,2026-07-04 13:00:00,33713.15
Solar,2026-07-04 14:00:00,27995.56
Solar,2026-07-04 15:00:00,22945.76
Solar,2026-07-04 16:00:00,14963.82
Solar,2026-07-04 17:00:00,7112.57
Solar,2026-07-04 18:00:00,2051.04
Solar,2026-07-04 19:00:00,135.37
Solar,2026-07-04 20:00:00,0.71
Solar,2026-07-04 21:00:00,0.0
Solar,2026-07-04 22:00:00,0.0
Solar,2026-07-04 23:00:00,0.0
Solar,2026-07-05 00:00:00,0.0
Solar,2026-07-05 01:00:00,0.0
Solar,2026-07-05 02:00:00,0.86
Solar,2026-07-05 03:00:00,266.78
Solar,2026-07-05 04:00:00,2629.32
Solar,2026-07-05 05:00:00,7542.09
Solar,2026-07-05 06:00:00,14367.19
Solar,2026-07-05 07:00:00,21518.18
Solar,2026-07-05 08:00:00,26295.45
Solar,2026-07-05 09:00:00,28866.47
Solar,2026-07-05 10:00:00,30593.44
Solar,2026-07-05 11:00:00,31208.65
Solar,2026-07-05 12:00:00,30686.73
Solar,2026-07-05 13:00:00,28099.4
Solar,2026-07-05 14:00:00,24765.44
Solar,2026-07-05 15:00:00,19882.93
Solar,2026-07-05 16:00:00,13521.42
Solar,2026-07-05 17:00:00,7103.74
Solar,2026-07-05 18:00:00,2359.84
Solar,2026-07-05 19:00:00,188.35
Solar,2026-07-05 20:00:00,0.76
Solar,2026-07-05 21:00:00,0.0
Solar,2026-07-05 22:00:00,0.0
Solar,2026-07-05 23:00:00,0.0
Solar,2026-07-06 00:00:00,0.0
Solar,2026-07-06 01:00:00,0.0
Solar,2026-07-06 02:00:00,1.46
Solar,2026-07-06 03:00:00,393.64
Solar,2026-07-06 04:00:00,3052.32
Solar,2026-07-06 05:00:00,8238.26
Solar,2026-07-06 06:00:00,14503.57
Solar,2026-07-06 07:00:00,19665.63
Solar,2026-07-06 08:00:00,23881.08
Solar,2026-07-06 09:00:00,27069.06
Solar,2026-07-06 10:00:00,29996.88
Solar,2026-07-06 11:00:00,30949.84
Solar,2026-07-06 12:00:00,29397.37
Solar,2026-07-06 13:00:00,26286.84
Solar,2026-07-06 14:00:00,22827.47
Solar,2026-07-06 15:00:00,17958.21
Solar,2026-07-06 16:00:00,11778.23
Solar,2026-07-06 17:00:00,6278.57
Solar,2026-07-06 18:00:00,2054.91
Solar,2026-07-06 19:00:00,157.63
Solar,2026-07-06 20:00:00,0.73
Solar,2026-07-06 21:00:00,0.0
Solar,2026-07-06 22:00:00,0.0
Solar,2026-07-06 23:00:00,0.0
Solar,2026-07-07 00:00:00,0.0
Solar,2026-07-07 01:00:00,0.0
Solar,2026-07-07 02:00:00,0.44
Solar,2026-07-07 03:00:00,295.01
Solar,2026-07-07 04:00:00,2980.86
Solar,2026-07-07 05:00:00,8083.09
Solar,2026-07-07 06:00:00,14905.77
Solar,2026-07-07 07:00:00,23076.16
Solar,2026-07-07 08:00:00,30075.74
Solar,2026-07-07 09:00:00,34498.55
Solar,2026-07-07 10:00:00,35469.55
Solar,2026-07-07 11:00:00,35031.82
Solar,2026-07-07 12:00:00,31935.74
Solar,2026-07-07 13:00:00,27269.14
Solar,2026-07-07 14:00:00,21395.65
Solar,2026-07-07 15:00:00,15008.76
Solar,2026-07-07 16:00:00,9392.7
Solar,2026-07-07 17:00:00,4710.68
Solar,2026-07-07 18:00:00,1495.55
Solar,2026-07-07 19:00:00,123.58
Solar,2026-07-07 20:00:00,0.54
Solar,2026-07-07 21:00:00,0.0
Solar,2026-07-07 22:00:00,0.0
Solar,2026-07-07 23:00:00,0.0
Solar,2026-07-08 00:00:00,0.0
Solar,2026-07-08 01:00:00,0.0
Solar,2026-07-08 02:00:00,1.73
Solar,2026-07-08 03:00:00,370.25
Solar,2026-07-08 04:00:00,2546.92
Solar,2026-07-08 05:00:00,7252.4
Solar,2026-07-08 06:00:00,13523.56
Solar,2026-07-08 07:00:00,20192.78
Solar,2026-07-08 08:00:00,26038.93
Solar,2026-07-08 09:00:00,31438.52
Solar,2026-07-08 10:00:00,35540.87
Solar,2026-07-08 11:00:00,38583.99
Solar,2026-07-08 12:00:00,39089.84
Solar,2026-07-08 13:00:00,37873.78
Solar,2026-07-08 14:00:00,33996.37
Solar,2026-07-08 15:00:00,27803.47
Solar,2026-07-08 16:00:00,18161.66
Solar,2026-07-08 17:00:00,8939.73
Solar,2026-07-08 18:00:00,2843.23
Solar,2026-07-08 19:00:00,208.49
Solar,2026-07-08 20:00:00,0.56
Solar,2026-07-08 21:00:00,0.0
Solar,2026-07-08 22:00:00,0.0
Solar,2026-07-08 23:00:00,0.0
Solar,2026-07-09 00:00:00,0.0
Solar,2026-07-09 01:00:00,0.0
Solar,2026-07-09 02:00:00,1.33
Solar,2026-07-09 03:00:00,409.77
Solar,2026-07-09 04:00:00,3444.47
Solar,2026-07-09 05:00:00,9762.57
Solar,2026-07-09 06:00:00,18088.3
Solar,2026-07-09 07:00:00,25854.31
Solar,2026-07-09 08:00:00,31746.95
Solar,2026-07-09 09:00:00,37535.85
Solar,2026-07-09 10:00:00,42641.91
Solar,2026-07-09 11:00:00,46023.51
Solar,2026-07-09 12:00:00,46909.94
Solar,2026-07-09 13:00:00,45079.43
Solar,2026-07-09 14:00:00,39802.2
Solar,2026-07-09 15:00:00,31134.52
Solar,2026-07-09 16:00:00,20468.07
Solar,2026-07-09 17:00:00,9771.66
Solar,2026-07-09 18:00:00,2813.78
Solar,2026-07-09 19:00:00,197.33
Solar,2026-07-09 20:00:00,0.76
Solar,2026-07-09 21:00:00,0.0
Solar,2026-07-09 22:00:00,0.0
Solar,2026-07-09 23:00:00,0.0
Solar,2026-07-10 00:00:00,0.0
Solar,2026-07-10 01:00:00,0.0
Solar,2026-07-10 02:00:00,1.05
Solar,2026-07-10 03:00:00,414.95
Solar,2026-07-10 04:00:00,3792.72
Solar,2026-07-10 05:00:00,11366.77
Solar,2026-07-10 06:00:00,22590.19
Solar,2026-07-10 07:00:00,33683.84
Solar,2026-07-10 08:00:00,43615.66
Solar,2026-07-10 09:00:00,51974.84
Solar,2026-07-10 10:00:00,56281.67
Solar,2026-07-10 11:00:00,56877.88
Solar,2026-07-10 12:00:00,54625.21
Solar,2026-07-10 13:00:00,49650.32
Solar,2026-07-10 14:00:00,42658.74
Solar,2026-07-10 15:00:00,32412.79
Solar,2026-07-10 16:00:00,20841.15
Solar,2026-07-10 17:00:00,9789.08
Solar,2026-07-10 18:00:00,2877.94
Solar,2026-07-10 19:00:00,220.41
Solar,2026-07-10 20:00:00,0.21
Solar,2026-07-10 21:00:00,0.0
Solar,2026-07-10 22:00:00,0.0
Solar,2026-07-10 23:00:00,0.0
Solar,2026-07-11 00:00:00,0.0
Solar,2026-07-11 01:00:00,0.0
Solar,2026-07-11 02:00:00,1.07
Solar,2026-07-11 03:00:00,461.45
Solar,2026-07-11 04:00:00,4152.1
Solar,2026-07-11 05:00:00,12421.95
Solar,2026-07-11 06:00:00,25014.56
Solar,2026-07-11 07:00:00,36816.57
Solar,2026-07-11 08:00:00,46095.02
Solar,2026-07-11 09:00:00,51867.67
Solar,2026-07-11 10:00:00,53334.58
Solar,2026-07-11 11:00:00,53153.17
Solar,2026-07-11 12:00:00,51198.77
Solar,2026-07-11 13:00:00,46615.1
Solar,2026-07-11 14:00:00,40820.82
Solar,2026-07-11 15:00:00,32452.08
Solar,2026-07-11 16:00:00,21269.88
Solar,2026-07-11 17:00:00,9737.29
Solar,2026-07-11 18:00:00,2793.1
Solar,2026-07-11 19:00:00,202.5
Solar,2026-07-11 20:00:00,0.17
Solar,2026-07-11 21:00:00,0.0
Solar,2026-07-11 22:00:00,0.0
Solar,2026-07-11 23:00:00,0.0
Solar,2026-07-12 00:00:00,0.0
Solar,2026-07-12 01:00:00,0.0
Solar,2026-07-12 02:00:00,0.32
Solar,2026-07-12 03:00:00,372.48
Solar,2026-07-12 04:00:00,3863.34
Solar,2026-07-12 05:00:00,12033.92
Solar,2026-07-12 06:00:00,24822.93
Solar,2026-07-12 07:00:00,36097.11
Solar,2026-07-12 08:00:00,42613.61
Solar,2026-07-12 09:00:00,46438.38
Solar,2026-07-12 10:00:00,48190.96
Solar,2026-07-12 11:00:00,48141.27
Solar,2026-07-12 12:00:00,46901.37
Solar,2026-07-12 13:00:00,43040.63
Solar,2026-07-12 14:00:00,37867.06
Solar,2026-07-12 15:00:00,30388.58
Solar,2026-07-12 16:00:00,20398.67
Solar,2026-07-12 17:00:00,9555.07
Solar,2026-07-12 18:00:00,2742.09
Solar,2026-07-12 19:00:00,180.84
Solar,2026-07-12 20:00:00,0.17
Solar,2026-07-12 21:00:00,0.0
Solar,2026-07-12 22:00:00,0.0
Solar,2026-07-12 23:00:00,0.0
Solar,2026-07-13 00:00:00,0.0
Solar,2026-07-13 01:00:00,0.0
Solar,2026-07-13 02:00:00,0.44
Solar,2026-07-13 03:00:00,414.68
Solar,2026-07-13 04:00:00,3921.1
Solar,2026-07-13 05:00:00,11854.18
Solar,2026-07-13 06:00:00,24011.88
Solar,2026-07-13 07:00:00,35321.32
Solar,2026-07-13 08:00:00,44740.52
Solar,2026-07-13 09:00:00,51321.91
Solar,2026-07-13 10:00:00,54457.05
Solar,2026-07-13 11:00:00,53780.74
Solar,2026-07-13 12:00:00,50287.97
Solar,2026-07-13 13:00:00,43999.77
Solar,2026-07-13 14:00:00,35436.59
Solar,2026-07-13 15:00:00,26073.22
Solar,2026-07-13 16:00:00,16182.95
Solar,2026-07-13 17:00:00,7909.85
Solar,2026-07-13 18:00:00,2439.76
Solar,2026-07-13 19:00:00,155.59
Solar,2026-07-13 20:00:00,0.15
Solar,2026-07-13 21:00:00,0.0
Solar,2026-07-13 22:00:00,0.0
Solar,2026-07-13 23:00:00,0.0
Solar,2026-07-14 00:00:00,0.0
Solar,2026-07-14 01:00:00,0.0
Solar,2026-07-14 02:00:00,0.51
Solar,2026-07-14 03:00:00,376.21
Solar,2026-07-14 04:00:00,3336.93
Solar,2026-07-14 05:00:00,9210.36
Solar,2026-07-14 06:00:00,17427.18
Solar,2026-07-14 07:00:00,26122.62
Solar,2026-07-14 08:00:00,34467.85
Solar,2026-07-14 09:00:00,40948.96
Solar,2026-07-14 10:00:00,45513.78
Solar,2026-07-14 11:00:00,47605.61
Solar,2026-07-14 12:00:00,45647.91
Solar,2026-07-14 13:00:00,41622.35
Solar,2026-07-14 14:00:00,35700.4
Solar,2026-07-14 15:00:00,26229.35
Solar,2026-07-14 16:00:00,16040.53
Solar,2026-07-14 17:00:00,7812.04
Solar,2026-07-14 18:00:00,2357.07
Solar,2026-07-14 19:00:00,166.47
Solar,2026-07-14 20:00:00,0.23
Solar,2026-07-14 21:00:00,0.0
Solar,2026-07-14 22:00:00,0.0
Solar,2026-07-14 23:00:00,0.0
Solar,2026-07-15 00:00:00,0.0
Solar,2026-07-15 01:00:00,0.0
Solar,2026-07-15 02:00:00,0.4
Solar,2026-07-15 03:00:00,325.17
Solar,2026-07-15 04:00:00,3563.66
Solar,2026-07-15 05:00:00,10536.33
Solar,2026-07-15 06:00:00,20626.53
Solar,2026-07-15 07:00:00,30741.44
Solar,2026-07-15 08:00:00,39291.71
Solar,2026-07-15 09:00:00,44971.16
Solar,2026-07-15 10:00:00,47918.84
Solar,2026-07-15 11:00:00,48139.28
Solar,2026-07-15 12:00:00,45151.48
Solar,2026-07-15 13:00:00,40248.42
Solar,2026-07-15 14:00:00,33399.29
Solar,2026-07-15 15:00:00,24844.61
Solar,2026-07-15 16:00:00,15804.88
Solar,2026-07-15 17:00:00,7501.46
Solar,2026-07-15 18:00:00,2207.39
Solar,2026-07-15 19:00:00,138.67
Solar,2026-07-15 20:00:00,0.16
Solar,2026-07-15 21:00:00,0.0
Solar,2026-07-15 22:00:00,0.0
Solar,2026-07-15 23:00:00,0.0
Solar,2026-07-16 00:00:00,0.0
Solar,2026-07-16 01:00:00,0.0
Solar,2026-07-16 02:00:00,0.23
Solar,2026-07-16 03:00:00,286.13
Solar,2026-07-16 04:00:00,3301.95
Solar,2026-07-16 05:00:00,10123.03
Solar,2026-07-16 06:00:00,20666.22
Solar,2026-07-16 07:00:00,32388.58
Solar,2026-07-16 08:00:00,41489.15
Solar,2026-07-16 09:00:00,47033.47
Solar,2026-07-16 10:00:00,48383.7
Solar,2026-07-16 11:00:00,47934.62
Solar,2026-07-16 12:00:00,45368.42
Solar,2026-07-16 13:00:00,40306.52
Solar,2026-07-16 14:00:00,33264.61
Solar,2026-07-16 15:00:00,24075.85
Solar,2026-07-16 16:00:00,14054.96
Solar,2026-07-16 17:00:00,6312.81
Solar,2026-07-16 18:00:00,1817.19
Solar,2026-07-16 19:00:00,114.15
Solar,2026-07-16 20:00:00,0.08
Solar,2026-07-16 21:00:00,0.0
Solar,2026-07-16 22:00:00,0.0
Solar,2026-07-16 23:00:00,0.0
Solar,2026-07-17 00:00:00,0.0
Solar,2026-07-17 01:00:00,0.0
Solar,2026-07-17 02:00:00,0.65
Solar,2026-07-17 03:00:00,275.13
Solar,2026-07-17 04:00:00,2997.98
Solar,2026-07-17 05:00:00,8477.02
Solar,2026-07-17 06:00:00,15743.21
Solar,2026-07-17 07:00:00,24058.37
Solar,2026-07-17 08:00:00,33329.16
Solar,2026-07-17 09:00:00,40271.6
Solar,2026-07-17 10:00:00,44143.5
Solar,2026-07-17 11:00:00,45139.11
Solar,2026-07-17 12:00:00,43395.36
Solar,2026-07-17 13:00:00,37214.95
Solar,2026-07-17 14:00:00,28837.11
Solar,2026-07-17 15:00:00,21045.14
Solar,2026-07-17 16:00:00,12931.78
Solar,2026-07-17 17:00:00,6164.34
Solar,2026-07-17 18:00:00,1913.23
Solar,2026-07-17 19:00:00,127.4
Solar,2026-07-17 20:00:00,0.16
Solar,2026-07-17 21:00:00,0.0
Solar,2026-07-17 22:00:00,0.0
Solar,2026-07-17 23:00:00,0.0
Solar,2026-07-18 00:00:00,0.0
Solar,2026-07-18 01:00:00,0.0
Solar,2026-07-18 02:00:00,0.05
Solar,2026-07-18 03:00:00,191.04
Solar,2026-07-18 04:00:00,2756.29
Solar,2026-07-18 05:00:00,8904.74
Solar,2026-07-18 06:00:00,17675.19
Solar,2026-07-18 07:00:00,26452.6
Solar,2026-07-18 08:00:00,34184.86
Solar,2026-07-18 09:00:00,37851.5
Solar,2026-07-18 10:00:00,39589.68
Solar,2026-07-18 11:00:00,39690.75
Solar,2026-07-18 12:00:00,37941.45
Solar,2026-07-18 13:00:00,33410.59
Solar,2026-07-18 14:00:00,28362.0
Solar,2026-07-18 15:00:00,22984.67
Solar,2026-07-18 16:00:00,14878.11
Solar,2026-07-18 17:00:00,7309.26
Solar,2026-07-18 18:00:00,1965.99
Solar,2026-07-18 19:00:00,99.87
Solar,2026-07-18 20:00:00,0.03
Solar,2026-07-18 21:00:00,0.0
Solar,2026-07-18 22:00:00,0.0
Solar,2026-07-18 23:00:00,0.0
Solar,2026-07-19 00:00:00,0.0
Solar,2026-07-19 01:00:00,0.0
Solar,2026-07-19 02:00:00,0.14
Solar,2026-07-19 03:00:00,207.96
Solar,2026-07-19 04:00:00,2313.05
Solar,2026-07-19 05:00:00,6650.69
Solar,2026-07-19 06:00:00,12620.55
Solar,2026-07-19 07:00:00,18841.98
Solar,2026-07-19 08:00:00,24578.37
Solar,2026-07-19 09:00:00,29028.16
Solar,2026-07-19 10:00:00,33673.68
Solar,2026-07-19 11:00:00,35780.17
Solar,2026-07-19 12:00:00,35394.76
Solar,2026-07-19 13:00:00,34190.08
Solar,2026-07-19 14:00:00,30526.33
Solar,2026-07-19 15:00:00,24212.49
Solar,2026-07-19 16:00:00,17347.86
Solar,2026-07-19 17:00:00,8627.69
Solar,2026-07-19 18:00:00,2312.4
Solar,2026-07-19 19:00:00,100.76
Solar,2026-07-19 20:00:00,0.07
Solar,2026-07-19 21:00:00,0.0
Solar,2026-07-19 22:00:00,0.0
Solar,2026-07-19 23:00:00,0.0
Solar,2026-07-20 00:00:00,0.0
Solar,2026-07-20 01:00:00,0.0
Solar,2026-07-20 02:00:00,0.04
Solar,2026-07-20 03:00:00,160.51
Solar,2026-07-20 04:00:00,2791.82
Solar,2026-07-20 05:00:00,9203.05
Solar,2026-07-20 06:00:00,18778.74
Solar,2026-07-20 07:00:00,28179.61
Solar,2026-07-20 08:00:00,34513.23
Solar,2026-07-20 09:00:00,37877.59
Solar,2026-07-20 10:00:00,39153.01
Solar,2026-07-20 11:00:00,38749.36
Solar,2026-07-20 12:00:00,37664.06
Solar,2026-07-20 13:00:00,35330.19
Solar,2026-07-20 14:00:00,31238.21
Solar,2026-07-20 15:00:00,25165.86
Solar,2026-07-20 16:00:00,16633.64
Solar,2026-07-20 17:00:00,7880.0
Solar,2026-07-20 18:00:00,2153.18
Solar,2026-07-20 19:00:00,106.37
Solar,2026-07-20 20:00:00,0.03
Solar,2026-07-20 21:00:00,0.0
Solar,2026-07-20 22:00:00,0.0
Solar,2026-07-20 23:00:00,0.0
Solar,2026-07-21 00:00:00,0.0
Solar,2026-07-21 01:00:00,0.0
Solar,2026-07-21 02:00:00,0.02
Solar,2026-07-21 03:00:00,208.25
Solar,2026-07-21 04:00:00,3433.82
Solar,2026-07-21 05:00:00,11272.22
Solar,2026-07-21 06:00:00,23234.73
Solar,2026-07-21 07:00:00,35061.87
Solar,2026-07-21 08:00:00,43683.58
Solar,2026-07-21 09:00:00,47640.38
Solar,2026-07-21 10:00:00,48049.39
Solar,2026-07-21 11:00:00,46586.8
Solar,2026-07-21 12:00:00,44262.76
Solar,2026-07-21 13:00:00,40965.33
Solar,2026-07-21 14:00:00,35823.69
Solar,2026-07-21 15:00:00,27510.25
Solar,2026-07-21 16:00:00,17606.15
Solar,2026-07-21 17:00:00,8188.6
Solar,2026-07-21 18:00:00,2178.66
Solar,2026-07-21 19:00:00,97.23
Solar,2026-07-21 20:00:00,0.02
Solar,2026-07-21 21:00:00,0.0
Solar,2026-07-21 22:00:00,0.0
Solar,2026-07-21 23:00:00,0.0
Solar,2026-07-22 00:00:00,0.0
Solar,2026-07-22 01:00:00,0.0
Solar,2026-07-22 02:00:00,0.02
Solar,2026-07-22 03:00:00,171.75
Solar,2026-07-22 04:00:00,2825.0
Solar,2026-07-22 05:00:00,9090.39
Solar,2026-07-22 06:00:00,18118.48
Solar,2026-07-22 07:00:00,26658.18
Solar,2026-07-22 08:00:00,32190.6
Solar,2026-07-22 09:00:00,34561.51
Solar,2026-07-22 10:00:00,36240.64
Solar,2026-07-22 11:00:00,36815.05
Solar,2026-07-22 12:00:00,35868.21
Solar,2026-07-22 13:00:00,33496.51
Solar,2026-07-22 14:00:00,28769.29
Solar,2026-07-22 15:00:00,22455.43
Solar,2026-07-22 16:00:00,14849.83
Solar,2026-07-22 17:00:00,6883.42
Solar,2026-07-22 18:00:00,1637.09
Solar,2026-07-22 19:00:00,50.85
Solar,2026-07-22 20:00:00,0.01
Solar,2026-07-22 21:00:00,0.0
Solar,2026-07-22 22:00:00,0.0
Solar,2026-07-22 23:00:00,0.0
Solar,2026-07-23 00:00:00,0.0
Solar,2026-07-23 01:00:00,0.0
Solar,2026-07-23 02:00:00,0.01
Solar,2026-07-23 03:00:00,94.79
Solar,2026-07-23 04:00:00,2122.15
Solar,2026-07-23 05:00:00,7083.01
Solar,2026-07-23 06:00:00,13930.29
Solar,2026-07-23 07:00:00,20544.98
Solar,2026-07-23 08:00:00,25962.29
Solar,2026-07-23 09:00:00,32710.2
Solar,2026-07-23 10:00:00,39321.39
Solar,2026-07-23 11:00:00,43106.41
Solar,2026-07-23 12:00:00,43780.15
Solar,2026-07-23 13:00:00,41603.35
Solar,2026-07-23 14:00:00,37193.15
Solar,2026-07-23 15:00:00,29618.76
Solar,2026-07-23 16:00:00,19025.15
Solar,2026-07-23 17:00:00,8852.93
Solar,2026-07-23 18:00:00,2165.07
Solar,2026-07-23 19:00:00,68.56
Solar,2026-07-23 20:00:00,0.01
Solar,2026-07-23 21:00:00,0.0
Solar,2026-07-23 22:00:00,0.0
Solar,2026-07-23 23:00:00,0.0
Solar,2026-07-24 00:00:00,0.0
Solar,2026-07-24 01:00:00,0.0
Solar,2026-07-24 02:00:00,0.01
Solar,2026-07-24 03:00:00,154.75
Solar,2026-07-24 04:00:00,3013.28
Solar,2026-07-24 05:00:00,10355.62
Solar,2026-07-24 06:00:00,21372.03
Solar,2026-07-24 07:00:00,31988.71
Solar,2026-07-24 08:00:00,39990.83
Solar,2026-07-24 09:00:00,47156.61
Solar,2026-07-24 10:00:00,52301.22
Solar,2026-07-24 11:00:00,54275.99
Solar,2026-07-24 12:00:00,53348.59
Solar,2026-07-24 13:00:00,49349.94
Solar,2026-07-24 14:00:00,43039.46
Solar,2026-07-24 15:00:00,32839.04
Solar,2026-07-24 16:00:00,20146.18
Solar,2026-07-24 17:00:00,8613.69
Solar,2026-07-24 18:00:00,1983.14
Solar,2026-07-24 19:00:00,59.06
Solar,2026-07-24 20:00:00,0.0
Solar,2026-07-24 21:00:00,0.0
Solar,2026-07-24 22:00:00,0.0
Solar,2026-07-24 23:00:00,0.0
Solar,2026-07-25 00:00:00,0.0
Solar,2026-07-25 01:00:00,0.0
Solar,2026-07-25 02:00:00,0.08
Solar,2026-07-25 03:00:00,146.64
Solar,2026-07-25 04:00:00,3324.74
Solar,2026-07-25 05:00:00,11669.5
Solar,2026-07-25 06:00:00,24328.66
Solar,2026-07-25 07:00:00,36703.56
Solar,2026-07-25 08:00:00,43522.9
Solar,2026-07-25 09:00:00,48564.29
Solar,2026-07-25 10:00:00,50594.1
Solar,2026-07-25 11:00:00,49716.0
Solar,2026-07-25 12:00:00,48034.51
Solar,2026-07-25 13:00:00,43313.97
Solar,2026-07-25 14:00:00,35848.18
Solar,2026-07-25 15:00:00,29507.45
Solar,2026-07-25 16:00:00,18082.32
Solar,2026-07-25 17:00:00,7530.87
Solar,2026-07-25 18:00:00,1707.6
Solar,2026-07-25 19:00:00,52.54
Solar,2026-07-25 20:00:00,0.01
Solar,2026-07-25 21:00:00,0.0
Solar,2026-07-25 22:00:00,0.0
Solar,2026-07-25 23:00:00,0.0
Solar,2026-07-26 00:00:00,0.0
Solar,2026-07-26 01:00:00,0.0
Solar,2026-07-26 02:00:00,0.0
Solar,2026-07-26 03:00:00,90.42
Solar,2026-07-26 04:00:00,2050.46
Solar,2026-07-26 05:00:00,7042.54
Solar,2026-07-26 06:00:00,14930.8
Solar,2026-07-26 07:00:00,22834.56
Solar,2026-07-26 08:00:00,28913.29
Solar,2026-07-26 09:00:00,32426.4
Solar,2026-07-26 10:00:00,33538.21
Solar,2026-07-26 11:00:00,32496.15
Solar,2026-07-26 12:00:00,29334.38
Solar,2026-07-26 13:00:00,25473.68
Solar,2026-07-26 14:00:00,21877.98
Solar,2026-07-26 15:00:00,17182.38
Solar,2026-07-26 16:00:00,10820.74
Solar,2026-07-26 17:00:00,4959.53
Solar,2026-07-26 18:00:00,1169.46
Solar,2026-07-26 19:00:00,24.63
Solar,2026-07-26 20:00:00,0.0
Solar,2026-07-26 21:00:00,0.0
Solar,2026-07-26 22:00:00,0.0
Solar,2026-07-26 23:00:00,0.0
Solar,2026-07-27 00:00:00,0.0
Solar,2026-07-27 01:00:00,0.0
Solar,2026-07-27 02:00:00,0.0
Solar,2026-07-27 03:00:00,47.22
Solar,2026-07-27 04:00:00,1661.76
Solar,2026-07-27 05:00:00,6425.98
Solar,2026-07-27 06:00:00,13356.3
Solar,2026-07-27 07:00:00,21749.5
Solar,2026-07-27 08:00:00,29601.07
Solar,2026-07-27 09:00:00,34332.45
Solar,2026-07-27 10:00:00,36564.02
Solar,2026-07-27 11:00:00,36350.08
Solar,2026-07-27 12:00:00,35137.43
Solar,2026-07-27 13:00:00,32740.5
Solar,2026-07-27 14:00:00,28509.27
Solar,2026-07-27 15:00:00,22213.7
Solar,2026-07-27 16:00:00,14650.56
Solar,2026-07-27 17:00:00,6845.63
Solar,2026-07-27 18:00:00,1562.76
Solar,2026-07-27 19:00:00,39.2
Solar,2026-07-27 20:00:00,0.0
Solar,2026-07-27 21:00:00,0.0
Solar,2026-07-27 22:00:00,0.0
Solar,2026-07-27 23:00:00,0.0
Solar,2026-07-28 00:00:00,0.0
Solar,2026-07-28 01:00:00,0.0
Solar,2026-07-28 02:00:00,0.0
Solar,2026-07-28 03:00:00,96.72
Solar,2026-07-28 04:00:00,2849.98
Solar,2026-07-28 05:00:00,10896.95
Solar,2026-07-28 06:00:00,23018.41
Solar,2026-07-28 07:00:00,35118.3
Solar,2026-07-28 08:00:00,43478.93
Solar,2026-07-28 09:00:00,48985.47
Solar,2026-07-28 10:00:00,49178.9
Solar,2026-07-28 11:00:00,49720.76
Solar,2026-07-28 12:00:00,49062.36
Solar,2026-07-28 13:00:00,46871.33
Solar,2026-07-28 14:00:00,41544.2
Solar,2026-07-28 15:00:00,32324.98
Solar,2026-07-28 16:00:00,19924.69
Solar,2026-07-28 17:00:00,8261.01
Solar,2026-07-28 18:00:00,1639.68
Solar,2026-07-28 19:00:00,32.59
Solar,2026-07-28 20:00:00,0.0
Solar,2026-07-28 21:00:00,0.0
Solar,2026-07-28 22:00:00,0.0
Solar,2026-07-28 23:00:00,0.0
Solar,2026-07-29 00:00:00,0.0
Solar,2026-07-29 01:00:00,0.0
Solar,2026-07-29 02:00:00,0.0
Solar,2026-07-29 03:00:00,74.27
Solar,2026-07-29 04:00:00,2633.27
Solar,2026-07-29 05:00:00,10338.52
Solar,2026-07-29 06:00:00,22767.35
Solar,2026-07-29 07:00:00,35341.39
Solar,2026-07-29 08:00:00,45198.17
Solar,2026-07-29 09:00:00,51965.72
Solar,2026-07-29 10:00:00,54262.65
Solar,2026-07-29 11:00:00,53907.63
Solar,2026-07-29 12:00:00,52986.8
Solar,2026-07-29 13:00:00,50096.28
Solar,2026-07-29 14:00:00,42904.66
Solar,2026-07-29 15:00:00,32236.86
Solar,2026-07-29 16:00:00,19435.18
Solar,2026-07-29 17:00:00,8052.13
Solar,2026-07-29 18:00:00,1658.17
Solar,2026-07-29 19:00:00,35.24
Solar,2026-07-29 20:00:00,0.0
Solar,2026-07-29 21:00:00,0.0
Solar,2026-07-29 22:00:00,0.0
Solar,2026-07-29 23:00:00,0.0
Solar,2026-07-30 00:00:00,0.0
Solar,2026-07-30 01:00:00,0.0
Solar,2026-07-30 02:00:00,0.0
Solar,2026-07-30 03:00:00,79.97
Solar,2026-07-30 04:00:00,2614.65
Solar,2026-07-30 05:00:00,10175.45
Solar,2026-07-30 06:00:00,22134.15
Solar,2026-07-30 07:00:00,34289.39
Solar,2026-07-30 08:00:00,44553.99
Solar,2026-07-30 09:00:00,51231.69
Solar,2026-07-30 10:00:00,53522.38
Solar,2026-07-30 11:00:00,51586.14
Solar,2026-07-30 12:00:00,47036.7
Solar,2026-07-30 13:00:00,39017.81
Solar,2026-07-30 14:00:00,29101.87
Solar,2026-07-30 15:00:00,19553.74
Solar,2026-07-30 16:00:00,10803.44
Solar,2026-07-30 17:00:00,4633.83
Solar,2026-07-30 18:00:00,1013.85
Solar,2026-07-30 19:00:00,32.0
Solar,2026-07-30 20:00:00,0.0
Solar,2026-07-30 21:00:00,0.0
Solar,2026-07-30 22:00:00,0.0
Solar,2026-07-30 23:00:00,0.0
Solar,2026-07-31 00:00:00,0.0
Solar,2026-07-31 01:00:00,0.0
Solar,2026-07-31 02:00:00,0.0
Solar,2026-07-31 03:00:00,66.52
Solar,2026-07-31 04:00:00,2261.24
Solar,2026-07-31 05:00:00,8579.28
Solar,2026-07-31 06:00:00,17937.23
Solar,2026-07-31 07:00:00,28488.94
Solar,2026-07-31 08:00:00,37879.77
Solar,2026-07-31 09:00:00,44739.2
Solar,2026-07-31 10:00:00,47687.52
Solar,2026-07-31 11:00:00,46135.11
Solar,2026-07-31 12:00:00,42029.08
Solar,2026-07-31 13:00:00,34986.04
Solar,2026-07-31 14:00:00,27005.36
Solar,2026-07-31 15:00:00,18849.47
Solar,2026-07-31 16:00:00,10977.75
Solar,2026-07-31 17:00:00,4854.11
Solar,2026-07-31 18:00:00,1081.92
Solar,2026-07-31 19:00:00,28.1
Solar,2026-07-31 20:00:00,0.0
Solar,2026-07-31 21:00:00,0.0
Solar,2026-07-31 22:00:00,0.0
Solar,2026-07-31 23:00:00,0.0
Solar,2026-08-01 00:00:00,0.0
Solar,2026-08-01 01:00:00,0.0
Solar,2026-08-01 02:00:00,0.0
Solar,2026-08-01 03:00:00,33.81
Solar,2026-08-01 04:00:00,1351.67
Solar,2026-08-01 05:00:00,4970.19
Solar,2026-08-01 06:00:00,10901.79
Solar,2026-08-01 07:00:00,18701.31
Solar,2026-08-01 08:00:00,27421.26
Solar,2026-08-01 09:00:00,34416.72
Solar,2026-08-01 10:00:00,38646.94
Solar,2026-08-01 11:00:00,40634.31
Solar,2026-08-01 12:00:00,40597.89
Solar,2026-08-01 13:00:00,38691.77
Solar,2026-08-01 14:00:00,34411.35
Solar,2026-08-01 15:00:00,27000.22
Solar,2026-08-01 16:00:00,17040.8
Solar,2026-08-01 17:00:00,7305.14
Solar,2026-08-01 18:00:00,1397.54
Solar,2026-08-01 19:00:00,26.46
Solar,2026-08-01 20:00:00,0.0
Solar,2026-08-01 21:00:00,0.0
Solar,2026-08-01 22:00:00,0.0
Solar,2026-08-01 23:00:00,0.0
Solar,2026-08-02 00:00:00,0.0
Solar,2026-08-02 01:00:00,0.0
Solar,2026-08-02 02:00:00,0.0
Solar,2026-08-02 03:00:00,55.64
Solar,2026-08-02 04:00:00,2261.31
Solar,2026-08-02 05:00:00,9294.74
Solar,2026-08-02 06:00:00,21144.82
Solar,2026-08-02 07:00:00,34378.55
Solar,2026-08-02 08:00:00,43123.93
Solar,2026-08-02 09:00:00,47652.62
Solar,2026-08-02 10:00:00,50180.61
Solar,2026-08-02 11:00:00,50218.57
Solar,2026-08-02 12:00:00,48836.14
Solar,2026-08-02 13:00:00,44708.64
Solar,2026-08-02 14:00:00,39698.86
Solar,2026-08-02 15:00:00,31363.27
Solar,2026-08-02 16:00:00,19101.65
Solar,2026-08-02 17:00:00,7823.99
Solar,2026-08-02 18:00:00,1478.02
Solar,2026-08-02 19:00:00,14.48
Solar,2026-08-02 20:00:00,0.0
Solar,2026-08-02 21:00:00,0.0
Solar,2026-08-02 22:00:00,0.0
Solar,2026-08-02 23:00:00,0.0
Solar,2026-08-03 00:00:00,0.0
Solar,2026-08-03 01:00:00,0.0
Solar,2026-08-03 02:00:00,0.0
Solar,2026-08-03 03:00:00,53.32
Solar,2026-08-03 04:00:00,2296.06
Solar,2026-08-03 05:00:00,9407.84
Solar,2026-08-03 06:00:00,20925.57
Solar,2026-08-03 07:00:00,33010.93
Solar,2026-08-03 08:00:00,42820.35
Solar,2026-08-03 09:00:00,49933.55
Solar,2026-08-03 10:00:00,53011.2
Solar,2026-08-03 11:00:00,53298.9
Solar,2026-08-03 12:00:00,50405.7
Solar,2026-08-03 13:00:00,45150.9
Solar,2026-08-03 14:00:00,36951.45
Solar,2026-08-03 15:00:00,26516.52
Solar,2026-08-03 16:00:00,14852.17
Solar,2026-08-03 17:00:00,5773.8
Solar,2026-08-03 18:00:00,1048.44
Solar,2026-08-03 19:00:00,12.09
Solar,2026-08-03 20:00:00,0.0
Solar,2026-08-03 21:00:00,0.0
Solar,2026-08-03 22:00:00,0.0
Solar,2026-08-03 23:00:00,0.0
Solar,2026-08-04 00:00:00,0.0
Solar,2026-08-04 01:00:00,0.0
Solar,2026-08-04 02:00:00,0.0
Solar,2026-08-04 03:00:00,49.33
Solar,2026-08-04 04:00:00,1738.96
Solar,2026-08-04 05:00:00,7106.48
Solar,2026-08-04 06:00:00,15848.59
Solar,2026-08-04 07:00:00,25830.3
Solar,2026-08-04 08:00:00,35842.09
Solar,2026-08-04 09:00:00,44559.53
Solar,2026-08-04 10:00:00,49253.57
Solar,2026-08-04 11:00:00,50994.63
Solar,2026-08-04 12:00:00,49828.73
Solar,2026-08-04 13:00:00,44367.21
Solar,2026-08-04 14:00:00,35769.99
Solar,2026-08-04 15:00:00,25657.15
Solar,2026-08-04 16:00:00,14694.83
Solar,2026-08-04 17:00:00,5504.69
Solar,2026-08-04 18:00:00,965.1
Solar,2026-08-04 19:00:00,5.59
Solar,2026-08-04 20:00:00,0.0
Solar,2026-08-04 21:00:00,0.0
Solar,2026-08-04 22:00:00,0.0
Solar,2026-08-04 23:00:00,0.0
Solar,2026-08-05 00:00:00,0.0
Solar,2026-08-05 01:00:00,0.0
Solar,2026-08-05 02:00:00,0.0
Solar,2026-08-05 03:00:00,39.78
Solar,2026-08-05 04:00:00,1498.97
Solar,2026-08-05 05:00:00,7406.17
Solar,2026-08-05 06:00:00,17849.65
Solar,2026-08-05 07:00:00,29867.73
Solar,2026-08-05 08:00:00,40089.04
Solar,2026-08-05 09:00:00,46380.77
Solar,2026-08-05 10:00:00,47339.45
Solar,2026-08-05 11:00:00,45490.3
Solar,2026-08-05 12:00:00,43793.85
Solar,2026-08-05 13:00:00,39998.53
Solar,2026-08-05 14:00:00,34234.63
Solar,2026-08-05 15:00:00,25688.07
Solar,2026-08-05 16:00:00,15440.95
Solar,2026-08-05 17:00:00,6199.98
Solar,2026-08-05 18:00:00,1063.86
Solar,2026-08-05 19:00:00,8.59
Solar,2026-08-05 20:00:00,0.0
Solar,2026-08-05 21:00:00,0.0
Solar,2026-08-05 22:00:00,0.0
Solar,2026-08-05 23:00:00,0.0
Solar,2026-08-06 00:00:00,0.0
Solar,2026-08-06 01:00:00,0.0
Solar,2026-08-06 02:00:00,0.0
Solar,2026-08-06 03:00:00,18.98
Solar,2026-08-06 04:00:00,1683.02
Solar,2026-08-06 05:00:00,8168.64
Solar,2026-08-06 06:00:00,19235.86
Solar,2026-08-06 07:00:00,30975.61
Solar,2026-08-06 08:00:00,39048.17
Solar,2026-08-06 09:00:00,41305.71
Solar,2026-08-06 10:00:00,41091.56
Solar,2026-08-06 11:00:00,40072.85
Solar,2026-08-06 12:00:00,38543.85
Solar,2026-08-06 13:00:00,34919.63
Solar,2026-08-06 14:00:00,30441.77
Solar,2026-08-06 15:00:00,23257.0
Solar,2026-08-06 16:00:00,14326.48
Solar,2026-08-06 17:00:00,6006.2
Solar,2026-08-06 18:00:00,1041.01
Solar,2026-08-06 19:00:00,7.26
Solar,2026-08-06 20:00:00,0.0
Solar,2026-08-06 21:00:00,0.0
Solar,2026-08-06 22:00:00,0.0
Solar,2026-08-06 23:00:00,0.0
Solar,2026-08-07 00:00:00,0.0
Solar,2026-08-07 01:00:00,0.0
Solar,2026-08-07 02:00:00,0.0
Solar,2026-08-07 03:00:00,18.94
Solar,2026-08-07 04:00:00,1675.2
Solar,2026-08-07 05:00:00,8097.63
Solar,2026-08-07 06:00:00,18757.45
Solar,2026-08-07 07:00:00,30298.53
Solar,2026-08-07 08:00:00,38701.75
Solar,2026-08-07 09:00:00,43510.21
Solar,2026-08-07 10:00:00,45321.38
Solar,2026-08-07 11:00:00,45588.34
Solar,2026-08-07 12:00:00,43972.69
Solar,2026-08-07 13:00:00,40229.72
Solar,2026-08-07 14:00:00,33787.09
Solar,2026-08-07 15:00:00,25136.51
Solar,2026-08-07 16:00:00,15395.01
Solar,2026-08-07 17:00:00,6203.86
Solar,2026-08-07 18:00:00,975.64
Solar,2026-08-07 19:00:00,4.52
Solar,2026-08-07 20:00:00,0.0
Solar,2026-08-07 21:00:00,0.0
Solar,2026-08-07 22:00:00,0.0
Solar,2026-08-07 23:00:00,0.0
Solar,2026-08-08 00:00:00,0.0
Solar,2026-08-08 01:00:00,0.0
Solar,2026-08-08 02:00:00,0.0
Solar,2026-08-08 03:00:00,20.67
Solar,2026-08-08 04:00:00,1929.06
Solar,2026-08-08 05:00:00,9857.46
Solar,2026-08-08 06:00:00,23195.98
Solar,2026-08-08 07:00:00,36802.24
Solar,2026-08-08 08:00:00,45929.86
Solar,2026-08-08 09:00:00,49515.28
Solar,2026-08-08 10:00:00,51272.38
Solar,2026-08-08 11:00:00,51227.71
Solar,2026-08-08 12:00:00,49303.6
Solar,2026-08-08 13:00:00,46088.22
Solar,2026-08-08 14:00:00,40334.49
Solar,2026-08-08 15:00:00,32602.72
Solar,2026-08-08 16:00:00,18857.87
Solar,2026-08-08 17:00:00,6933.24
Solar,2026-08-08 18:00:00,920.15
Solar,2026-08-08 19:00:00,2.44
Solar,2026-08-08 20:00:00,0.0
Solar,2026-08-08 21:00:00,0.0
Solar,2026-08-08 22:00:00,0.0
Solar,2026-08-08 23:00:00,0.0
Solar,2026-08-09 00:00:00,0.0
Solar,2026-08-09 01:00:00,0.0
Solar,2026-08-09 02:00:00,0.0
Solar,2026-08-09 03:00:00,18.3
Solar,2026-08-09 04:00:00,1842.53
Solar,2026-08-09 05:00:00,9479.23
Solar,2026-08-09 06:00:00,22045.48
Solar,2026-08-09 07:00:00,34997.7
Solar,2026-08-09 08:00:00,43764.8
Solar,2026-08-09 09:00:00,47590.77
Solar,2026-08-09 10:00:00,49661.77
Solar,2026-08-09 11:00:00,48612.75
Solar,2026-08-09 12:00:00,45433.8
Solar,2026-08-09 13:00:00,39109.63
Solar,2026-08-09 14:00:00,31947.16
Solar,2026-08-09 15:00:00,23285.85
Solar,2026-08-09 16:00:00,12460.85
Solar,2026-08-09 17:00:00,4551.18
Solar,2026-08-09 18:00:00,611.64
Solar,2026-08-09 19:00:00,1.49
Solar,2026-08-09 20:00:00,0.0
Solar,2026-08-09 21:00:00,0.0
Solar,2026-08-09 22:00:00,0.0
Solar,2026-08-09 23:00:00,0.0
Solar,2026-08-10 00:00:00,0.0
Solar,2026-08-10 01:00:00,0.0
Solar,2026-08-10 02:00:00,0.0
Solar,2026-08-10 03:00:00,3.53
Solar,2026-08-10 04:00:00,1327.19
Solar,2026-08-10 05:00:00,7501.22
Solar,2026-08-10 06:00:00,18258.86
Solar,2026-08-10 07:00:00,29898.29
Solar,2026-08-10 08:00:00,39519.36
Solar,2026-08-10 09:00:00,45567.79
Solar,2026-08-10 10:00:00,47568.57
Solar,2026-08-10 11:00:00,45364.06
Solar,2026-08-10 12:00:00,40354.73
Solar,2026-08-10 13:00:00,35293.38
Solar,2026-08-10 14:00:00,29694.06
Solar,2026-08-10 15:00:00,22153.99
Solar,2026-08-10 16:00:00,13522.15
Solar,2026-08-10 17:00:00,5305.65
Solar,2026-08-10 18:00:00,730.78
Solar,2026-08-10 19:00:00,1.46
Solar,2026-08-10 20:00:00,0.0
Solar,2026-08-10 21:00:00,0.0
Solar,2026-08-10 22:00:00,0.0
Solar,2026-08-10 23:00:00,0.0
Solar,2026-08-11 00:00:00,0.0
Solar,2026-08-11 01:00:00,0.0
Solar,2026-08-11 02:00:00,0.0
Solar,2026-08-11 03:00:00,9.25
Solar,2026-08-11 04:00:00,1551.54
Solar,2026-08-11 05:00:00,8660.08
Solar,2026-08-11 06:00:00,20919.25
Solar,2026-08-11 07:00:00,33534.75
Solar,2026-08-11 08:00:00,43386.7
Solar,2026-08-11 09:00:00,49871.17
Solar,2026-08-11 10:00:00,52400.36
Solar,2026-08-11 11:00:00,51278.63
Solar,2026-08-11 12:00:00,50023.14
Solar,2026-08-11 13:00:00,48366.22
Solar,2026-08-11 14:00:00,41195.0
Solar,2026-08-11 15:00:00,30961.08
Solar,2026-08-11 16:00:00,17843.62
Solar,2026-08-11 17:00:00,6325.14
Solar,2026-08-11 18:00:00,748.75
Solar,2026-08-11 19:00:00,1.03
Solar,2026-08-11 20:00:00,0.0
Solar,2026-08-11 21:00:00,0.0
Solar,2026-08-11 22:00:00,0.0
Solar,2026-08-11 23:00:00,0.0
Solar,2026-08-12 00:00:00,0.0
Solar,2026-08-12 01:00:00,0.0
Solar,2026-08-12 02:00:00,0.0
Solar,2026-08-12 03:00:00,7.68
Solar,2026-08-12 04:00:00,1556.9
Solar,2026-08-12 05:00:00,9083.28
Solar,2026-08-12 06:00:00,22266.5
Solar,2026-08-12 07:00:00,35984.46
Solar,2026-08-12 08:00:00,46446.02
Solar,2026-08-12 09:00:00,53952.34
Solar,2026-08-12 10:00:00,56886.51
Solar,2026-08-12 11:00:00,57715.12
Solar,2026-08-12 12:00:00,56548.4
Solar,2026-08-12 13:00:00,51829.57
Solar,2026-08-12 14:00:00,43363.71
Solar,2026-08-12 15:00:00,31754.49
Solar,2026-08-12 16:00:00,17840.59
Solar,2026-08-12 17:00:00,5190.11
Solar,2026-08-12 18:00:00,76.24
Solar,2026-08-12 19:00:00,0.51
Solar,2026-08-12 20:00:00,0.0
Solar,2026-08-12 21:00:00,0.0
Solar,2026-08-12 22:00:00,0.0
Solar,2026-08-12 23:00:00,0.0
Solar,2026-08-13 00:00:00,0.0
Solar,2026-08-13 01:00:00,0.0
Solar,2026-08-13 02:00:00,0.0
Solar,2026-08-13 03:00:00,4.53
Solar,2026-08-13 04:00:00,1428.49
Solar,2026-08-13 05:00:00,8882.34
Solar,2026-08-13 06:00:00,21829.52
Solar,2026-08-13 07:00:00,35227.83
Solar,2026-08-13 08:00:00,46142.15
Solar,2026-08-13 09:00:00,53610.59
Solar,2026-08-13 10:00:00,57653.78
Solar,2026-08-13 11:00:00,58055.53
Solar,2026-08-13 12:00:00,56421.56
Solar,2026-08-13 13:00:00,51265.2
Solar,2026-08-13 14:00:00,43017.85
Solar,2026-08-13 15:00:00,31345.05
Solar,2026-08-13 16:00:00,17482.07
Solar,2026-08-13 17:00:00,5877.13
Solar,2026-08-13 18:00:00,578.32
Solar,2026-08-13 19:00:00,0.36
Solar,2026-08-13 20:00:00,0.0
Solar,2026-08-13 21:00:00,0.0
Solar,2026-08-13 22:00:00,0.0
Solar,2026-08-13 23:00:00,0.0
Solar,2026-08-14 00:00:00,0.0
Solar,2026-08-14 01:00:00,0.0
Solar,2026-08-14 02:00:00,0.0
Solar,2026-08-14 03:00:00,4.07
Solar,2026-08-14 04:00:00,1341.5
Solar,2026-08-14 05:00:00,8641.96
Solar,2026-08-14 06:00:00,21571.44
Solar,2026-08-14 07:00:00,34725.2
Solar,2026-08-14 08:00:00,44864.14
Solar,2026-08-14 09:00:00,51941.08
Solar,2026-08-14 10:00:00,56078.61
Solar,2026-08-14 11:00:00,57187.1
Solar,2026-08-14 12:00:00,55012.77
Solar,2026-08-14 13:00:00,49541.3
Solar,2026-08-14 14:00:00,41132.47
Solar,2026-08-14 15:00:00,30013.84
Solar,2026-08-14 16:00:00,16628.53
Solar,2026-08-14 17:00:00,5374.26
Solar,2026-08-14 18:00:00,491.91
Solar,2026-08-14 19:00:00,0.31
Solar,2026-08-14 20:00:00,0.0
Solar,2026-08-14 21:00:00,0.0
Solar,2026-08-14 22:00:00,0.0
Solar,2026-08-14 23:00:00,0.0
Solar,2026-08-15 00:00:00,0.0
Solar,2026-08-15 01:00:00,0.0
Solar,2026-08-15 02:00:00,0.0
Solar,2026-08-15 03:00:00,2.57
Solar,2026-08-15 04:00:00,1260.11
Solar,2026-08-15 05:00:00,8052.02
Solar,2026-08-15 06:00:00,19540.74
Solar,2026-08-15 07:00:00,29760.89
Solar,2026-08-15 08:00:00,38284.35
Solar,2026-08-15 09:00:00,43114.1
Solar,2026-08-15 10:00:00,45584.15
Solar,2026-08-15 11:00:00,45064.06
Solar,2026-08-15 12:00:00,42202.89
Solar,2026-08-15 13:00:00,36103.95
Solar,2026-08-15 14:00:00,28715.61
Solar,2026-08-15 15:00:00,20305.56
Solar,2026-08-15 16:00:00,11117.27
Solar,2026-08-15 17:00:00,3410.53
Solar,2026-08-15 18:00:00,261.55
Solar,2026-08-15 19:00:00,0.23
Solar,2026-08-15 20:00:00,0.0
Solar,2026-08-15 21:00:00,0.0
Solar,2026-08-15 22:00:00,0.0
Solar,2026-08-15 23:00:00,0.0
Solar,2026-08-16 00:00:00,0.0
Solar,2026-08-16 01:00:00,0.0
Solar,2026-08-16 02:00:00,0.0
Solar,2026-08-16 03:00:00,0.41
Solar,2026-08-16 04:00:00,533.95
Solar,2026-08-16 05:00:00,4017.21
Solar,2026-08-16 06:00:00,11201.4
Solar,2026-08-16 07:00:00,22085.52
Solar,2026-08-16 08:00:00,32473.49
Solar,2026-08-16 09:00:00,40551.17
Solar,2026-08-16 10:00:00,44136.06
Solar,2026-08-16 11:00:00,43644.96
Solar,2026-08-16 12:00:00,42596.31
Solar,2026-08-16 13:00:00,38810.33
Solar,2026-08-16 14:00:00,30601.45
Solar,2026-08-16 15:00:00,20017.39
Solar,2026-08-16 16:00:00,9876.91
Solar,2026-08-16 17:00:00,3341.51
Solar,2026-08-16 18:00:00,312.29
Solar,2026-08-16 19:00:00,0.26
Solar,2026-08-16 20:00:00,0.0
Solar,2026-08-16 21:00:00,0.0
Solar,2026-08-16 22:00:00,0.0
Solar,2026-08-16 23:00:00,0.0
Solar,2026-08-17 00:00:00,0.0
Solar,2026-08-17 01:00:00,0.0
Solar,2026-08-17 02:00:00,0.0
Solar,2026-08-17 03:00:00,0.83
Solar,2026-08-17 04:00:00,808.6
Solar,2026-08-17 05:00:00,4711.47
Solar,2026-08-17 06:00:00,9639.1
Solar,2026-08-17 07:00:00,13447.84
Solar,2026-08-17 08:00:00,15916.5
Solar,2026-08-17 09:00:00,18520.24
Solar,2026-08-17 10:00:00,21311.87
Solar,2026-08-17 11:00:00,22052.5
Solar,2026-08-17 12:00:00,22302.9
Solar,2026-08-17 13:00:00,21927.53
Solar,2026-08-17 14:00:00,19375.64
Solar,2026-08-17 15:00:00,15052.31
Solar,2026-08-17 16:00:00,8311.59
Solar,2026-08-17 17:00:00,2677.46
Solar,2026-08-17 18:00:00,177.72
Solar,2026-08-17 19:00:00,0.18
Solar,2026-08-17 20:00:00,0.0
Solar,2026-08-17 21:00:00,0.0
Solar,2026-08-17 22:00:00,0.0
Solar,2026-08-17 23:00:00,0.0
Solar,2026-08-18 00:00:00,0.0
Solar,2026-08-18 01:00:00,0.0
Solar,2026-08-18 02:00:00,0.0
Solar,2026-08-18 03:00:00,1.11
Solar,2026-08-18 04:00:00,595.67
Solar,2026-08-18 05:00:00,3491.44
Solar,2026-08-18 06:00:00,7454.05
Solar,2026-08-18 07:00:00,11437.65
Solar,2026-08-18 08:00:00,14066.8
Solar,2026-08-18 09:00:00,16420.51
Solar,2026-08-18 10:00:00,19172.29
Solar,2026-08-18 11:00:00,19458.09
Solar,2026-08-18 12:00:00,18391.81
Solar,2026-08-18 13:00:00,16665.62
Solar,2026-08-18 14:00:00,12415.79
Solar,2026-08-18 15:00:00,7358.2
Solar,2026-08-18 16:00:00,3578.42
Solar,2026-08-18 17:00:00,1171.2
Solar,2026-08-18 18:00:00,76.75
Solar,2026-08-18 19:00:00,0.05
Solar,2026-08-18 20:00:00,0.0
Solar,2026-08-18 21:00:00,0.0
Solar,2026-08-18 22:00:00,0.0
Solar,2026-08-18 23:00:00,0.0
Solar,2026-08-19 00:00:00,0.0
Solar,2026-08-19 01:00:00,0.0
Solar,2026-08-19 02:00:00,0.0
Solar,2026-08-19 03:00:00,0.56
Solar,2026-08-19 04:00:00,396.63
Solar,2026-08-19 05:00:00,3525.13
Solar,2026-08-19 06:00:00,9642.59
Solar,2026-08-19 07:00:00,16714.2
Solar,2026-08-19 08:00:00,22134.98
Solar,2026-08-19 09:00:00,25388.0
Solar,2026-08-19 10:00:00,28288.91
Solar,2026-08-19 11:00:00,29849.37
Solar,2026-08-19 12:00:00,29481.77
Solar,2026-08-19 13:00:00,27519.99
Solar,2026-08-19 14:00:00,23243.41
Solar,2026-08-19 15:00:00,16711.71
Solar,2026-08-19 16:00:00,9036.53
Solar,2026-08-19 17:00:00,2615.76
Solar,2026-08-19 18:00:00,158.3
Solar,2026-08-19 19:00:00,0.04
Solar,2026-08-19 20:00:00,0.0
Solar,2026-08-19 21:00:00,0.0
Solar,2026-08-19 22:00:00,0.0
Solar,2026-08-19 23:00:00,0.0
Solar,2026-08-20 00:00:00,0.0
Solar,2026-08-20 01:00:00,0.0
Solar,2026-08-20 02:00:00,0.0
Solar,2026-08-20 03:00:00,0.27
Solar,2026-08-20 04:00:00,565.93
Solar,2026-08-20 05:00:00,4829.8
Solar,2026-08-20 06:00:00,13205.54
Solar,2026-08-20 07:00:00,22855.36
Solar,2026-08-20 08:00:00,31301.25
Solar,2026-08-20 09:00:00,38028.74
Solar,2026-08-20 10:00:00,39892.22
Solar,2026-08-20 11:00:00,39086.22
Solar,2026-08-20 12:00:00,37780.02
Solar,2026-08-20 13:00:00,33929.89
Solar,2026-08-20 14:00:00,27402.93
Solar,2026-08-20 15:00:00,19146.03
Solar,2026-08-20 16:00:00,10243.46
Solar,2026-08-20 17:00:00,3309.09
Solar,2026-08-20 18:00:00,230.47
Solar,2026-08-20 19:00:00,0.01
Solar,2026-08-20 20:00:00,0.0
Solar,2026-08-20 21:00:00,0.0
Solar,2026-08-20 22:00:00,0.0
Solar,2026-08-20 23:00:00,0.0
Solar,2026-08-21 00:00:00,0.0
Solar,2026-08-21 01:00:00,0.0
Solar,2026-08-21 02:00:00,0.0
Solar,2026-08-21 03:00:00,0.28
Solar,2026-08-21 04:00:00,793.45
Solar,2026-08-21 05:00:00,6206.45
Solar,2026-08-21 06:00:00,15774.03
Solar,2026-08-21 07:00:00,24071.88
Solar,2026-08-21 08:00:00,29178.92
Solar,2026-08-21 09:00:00,31344.01
Solar,2026-08-21 10:00:00,31218.79
Solar,2026-08-21 11:00:00,28353.43
Solar,2026-08-21 12:00:00,23315.21
Solar,2026-08-21 13:00:00,17631.07
Solar,2026-08-21 14:00:00,12984.71
Solar,2026-08-21 15:00:00,8393.58
Solar,2026-08-21 16:00:00,4563.09
Solar,2026-08-21 17:00:00,1614.37
Solar,2026-08-21 18:00:00,125.5
Solar,2026-08-21 19:00:00,0.01
Solar,2026-08-21 20:00:00,0.0
Solar,2026-08-21 21:00:00,0.0
Solar,2026-08-21 22:00:00,0.0
Solar,2026-08-21 23:00:00,0.0
Solar,2026-08-22 00:00:00,0.0
Solar,2026-08-22 01:00:00,0.0
Solar,2026-08-22 02:00:00,0.0
Solar,2026-08-22 03:00:00,0.04
Solar,2026-08-22 04:00:00,432.56
Solar,2026-08-22 05:00:00,4142.31
Solar,2026-08-22 06:00:00,11469.24
Solar,2026-08-22 07:00:00,20527.45
Solar,2026-08-22 08:00:00,27636.52
Solar,2026-08-22 09:00:00,31729.37
Solar,2026-08-22 10:00:00,34807.59
Solar,2026-08-22 11:00:00,35067.52
Solar,2026-08-22 12:00:00,34442.49
Solar,2026-08-22 13:00:00,31648.45
Solar,2026-08-22 14:00:00,28068.74
Solar,2026-08-22 15:00:00,21353.16
Solar,2026-08-22 16:00:00,12324.93
Solar,2026-08-22 17:00:00,3612.24
Solar,2026-08-22 18:00:00,168.32
Solar,2026-08-22 19:00:00,0.0
Solar,2026-08-22 20:00:00,0.0
Solar,2026-08-22 21:00:00,0.0
Solar,2026-08-22 22:00:00,0.0
Solar,2026-08-22 23:00:00,0.0
Solar,2026-08-23 00:00:00,0.0
Solar,2026-08-23 01:00:00,0.0
Solar,2026-08-23 02:00:00,0.0
Solar,2026-08-23 03:00:00,0.11
Solar,2026-08-23 04:00:00,614.77
Solar,2026-08-23 05:00:00,5984.78
Solar,2026-08-23 06:00:00,16419.51
Solar,2026-08-23 07:00:00,27371.57
Solar,2026-08-23 08:00:00,34109.71
Solar,2026-08-23 09:00:00,37410.02
Solar,2026-08-23 10:00:00,38039.8
Solar,2026-08-23 11:00:00,38283.26
Solar,2026-08-23 12:00:00,36810.75
Solar,2026-08-23 13:00:00,34664.41
Solar,2026-08-23 14:00:00,29706.29
Solar,2026-08-23 15:00:00,23847.58
Solar,2026-08-23 16:00:00,12856.26
Solar,2026-08-23 17:00:00,3536.06
Solar,2026-08-23 18:00:00,136.7
Solar,2026-08-23 19:00:00,0.0
Solar,2026-08-23 20:00:00,0.0
Solar,2026-08-23 21:00:00,0.0
Solar,2026-08-23 22:00:00,0.0
Solar,2026-08-23 23:00:00,0.0
Solar,2026-08-24 00:00:00,0.0
Solar,2026-08-24 01:00:00,0.0
Solar,2026-08-24 02:00:00,0.0
Solar,2026-08-24 03:00:00,0.06
Solar,2026-08-24 04:00:00,614.74
Solar,2026-08-24 05:00:00,6374.5
Solar,2026-08-24 06:00:00,17694.24
Solar,2026-08-24 07:00:00,30195.59
Solar,2026-08-24 08:00:00,38593.33
Solar,2026-08-24 09:00:00,42407.13
Solar,2026-08-24 10:00:00,45203.84
Solar,2026-08-24 11:00:00,45178.35
Solar,2026-08-24 12:00:00,43371.06
Solar,2026-08-24 13:00:00,39351.35
Solar,2026-08-24 14:00:00,31593.46
Solar,2026-08-24 15:00:00,20931.24
Solar,2026-08-24 16:00:00,10401.44
Solar,2026-08-24 17:00:00,2751.73
Solar,2026-08-24 18:00:00,123.29
Solar,2026-08-24 19:00:00,0.09
Solar,2026-08-24 20:00:00,0.0
Solar,2026-08-24 21:00:00,0.0
Solar,2026-08-24 22:00:00,0.0
Solar,2026-08-24 23:00:00,0.0
Solar,2026-08-25 00:00:00,0.0
Solar,2026-08-25 01:00:00,0.0
Solar,2026-08-25 02:00:00,0.0
Solar,2026-08-25 03:00:00,0.09
Solar,2026-08-25 04:00:00,583.75
Solar,2026-08-25 05:00:00,5158.89
Solar,2026-08-25 06:00:00,13446.03
Solar,2026-08-25 07:00:00,22219.73
Solar,2026-08-25 08:00:00,29147.92
Solar,2026-08-25 09:00:00,32365.55
Solar,2026-08-25 10:00:00,34223.21
Solar,2026-08-25 11:00:00,34056.4
Solar,2026-08-25 12:00:00,32230.1
Solar,2026-08-25 13:00:00,27821.08
Solar,2026-08-25 14:00:00,21894.12
Solar,2026-08-25 15:00:00,14418.25
Solar,2026-08-25 16:00:00,7023.37
Solar,2026-08-25 17:00:00,1862.79
Solar,2026-08-25 18:00:00,81.53
Solar,2026-08-25 19:00:00,0.1
Solar,2026-08-25 20:00:00,0.0
Solar,2026-08-25 21:00:00,0.0
Solar,2026-08-25 22:00:00,0.0
Solar,2026-08-25 23:00:00,0.0
Solar,2026-08-26 00:00:00,0.0
Solar,2026-08-26 01:00:00,0.0
Solar,2026-08-26 02:00:00,0.0
Solar,2026-08-26 03:00:00,0.29
Solar,2026-08-26 04:00:00,367.7
Solar,2026-08-26 05:00:00,3869.14
Solar,2026-08-26 06:00:00,10648.79
Solar,2026-08-26 07:00:00,19870.01
Solar,2026-08-26 08:00:00,29600.84
Solar,2026-08-26 09:00:00,36895.92
Solar,2026-08-26 10:00:00,40400.31
Solar,2026-08-26 11:00:00,41295.31
Solar,2026-08-26 12:00:00,39328.45
Solar,2026-08-26 13:00:00,35634.77
Solar,2026-08-26 14:00:00,29324.22
Solar,2026-08-26 15:00:00,20840.13
Solar,2026-08-26 16:00:00,10421.76
Solar,2026-08-26 17:00:00,2540.78
Solar,2026-08-26 18:00:00,55.9
Solar,2026-08-26 19:00:00,0.0
Solar,2026-08-26 20:00:00,0.0
Solar,2026-08-26 21:00:00,0.0
Solar,2026-08-26 22:00:00,0.0
Solar,2026-08-26 23:00:00,0.0
Solar,2026-08-27 00:00:00,0.0
Solar,2026-08-27 01:00:00,0.0
Solar,2026-08-27 02:00:00,0.0
Solar,2026-08-27 03:00:00,0.09
Solar,2026-08-27 04:00:00,516.36
Solar,2026-08-27 05:00:00,5965.99
Solar,2026-08-27 06:00:00,16866.45
Solar,2026-08-27 07:00:00,28773.15
Solar,2026-08-27 08:00:00,39228.22
Solar,2026-08-27 09:00:00,46559.79
Solar,2026-08-27 10:00:00,49707.3
Solar,2026-08-27 11:00:00,49174.41
Solar,2026-08-27 12:00:00,45679.87
Solar,2026-08-27 13:00:00,39140.18
Solar,2026-08-27 14:00:00,29697.3
Solar,2026-08-27 15:00:00,17784.79
Solar,2026-08-27 16:00:00,7803.02
Solar,2026-08-27 17:00:00,1708.77
Solar,2026-08-27 18:00:00,31.78
Solar,2026-08-27 19:00:00,0.0
Solar,2026-08-27 20:00:00,0.0
Solar,2026-08-27 21:00:00,0.0
Solar,2026-08-27 22:00:00,0.0
Solar,2026-08-27 23:00:00,0.0
Solar,2026-08-28 00:00:00,0.0
Solar,2026-08-28 01:00:00,0.0
Solar,2026-08-28 02:00:00,0.0
Solar,2026-08-28 03:00:00,0.01
Solar,2026-08-28 04:00:00,163.33
Solar,2026-08-28 05:00:00,2619.51
Solar,2026-08-28 06:00:00,8058.96
Solar,2026-08-28 07:00:00,14160.59
Solar,2026-08-28 08:00:00,18961.36
Solar,2026-08-28 09:00:00,20405.09
Solar,2026-08-28 10:00:00,20568.69
Solar,2026-08-28 11:00:00,22062.69
Solar,2026-08-28 12:00:00,21659.89
Solar,2026-08-28 13:00:00,20133.1
Solar,2026-08-28 14:00:00,17088.04
Solar,2026-08-28 15:00:00,11733.99
Solar,2026-08-28 16:00:00,6400.04
Solar,2026-08-28 17:00:00,1665.33
Solar,2026-08-28 18:00:00,46.65
Solar,2026-08-28 19:00:00,0.0
Solar,2026-08-28 20:00:00,0.0
Solar,2026-08-28 21:00:00,0.0
Solar,2026-08-28 22:00:00,0.0
Solar,2026-08-28 23:00:00,0.0
Solar,2026-08-29 00:00:00,0.0
Solar,2026-08-29 01:00:00,0.0
Solar,2026-08-29 02:00:00,0.0
Solar,2026-08-29 03:00:00,0.0
Solar,2026-08-29 04:00:00,298.74
Solar,2026-08-29 05:00:00,5138.31
Solar,2026-08-29 06:00:00,16096.57
Solar,2026-08-29 07:00:00,27254.55
Solar,2026-08-29 08:00:00,34847.51
Solar,2026-08-29 09:00:00,38988.09
Solar,2026-08-29 10:00:00,40507.69
Solar,2026-08-29 11:00:00,39158.93
Solar,2026-08-29 12:00:00,35608.29
Solar,2026-08-29 13:00:00,31427.52
Solar,2026-08-29 14:00:00,24862.74
Solar,2026-08-29 15:00:00,15977.99
Solar,2026-08-29 16:00:00,6983.29
Solar,2026-08-29 17:00:00,1560.93
Solar,2026-08-29 18:00:00,15.77
Solar,2026-08-29 19:00:00,0.0
Solar,2026-08-29 20:00:00,0.0
Solar,2026-08-29 21:00:00,0.0
Solar,2026-08-29 22:00:00,0.0
Solar,2026-08-29 23:00:00,0.0
Solar,2026-08-30 00:00:00,0.0
Solar,2026-08-30 01:00:00,0.0
Solar,2026-08-30 02:00:00,0.0
Solar,2026-08-30 03:00:00,0.0
Solar,2026-08-30 04:00:00,202.41
Solar,2026-08-30 05:00:00,3919.2
Solar,2026-08-30 06:00:00,12756.68
Solar,2026-08-30 07:00:00,21443.83
Solar,2026-08-30 08:00:00,27921.5
Solar,2026-08-30 09:00:00,31604.16
Solar,2026-08-30 10:00:00,33495.95
Solar,2026-08-30 11:00:00,34483.56
Solar,2026-08-30 12:00:00,33752.23
Solar,2026-08-30 13:00:00,30687.04
Solar,2026-08-30 14:00:00,24488.69
Solar,2026-08-30 15:00:00,17249.58
Solar,2026-08-30 16:00:00,8065.53
Solar,2026-08-30 17:00:00,1764.75
Solar,2026-08-30 18:00:00,16.34
Solar,2026-08-30 19:00:00,0.02
Solar,2026-08-30 20:00:00,0.0
Solar,2026-08-30 21:00:00,0.0
Solar,2026-08-30 22:00:00,0.0
Solar,2026-08-30 23:00:00,0.0
Solar,2026-08-31 00:00:00,0.0
Solar,2026-08-31 01:00:00,0.0
Solar,2026-08-31 02:00:00,0.0
Solar,2026-08-31 03:00:00,0.0
Solar,2026-08-31 04:00:00,128.15
Solar,2026-08-31 05:00:00,2734.15
Solar,2026-08-31 06:00:00,10516.91
Solar,2026-08-31 07:00:00,20478.32
Solar,2026-08-31 08:00:00,29333.35
Solar,2026-08-31 09:00:00,35928.05
Solar,2026-08-31 10:00:00,38291.77
Solar,2026-08-31 11:00:00,38895.18
Solar,2026-08-31 12:00:00,36583.05
Solar,2026-08-31 13:00:00,32399.76
Solar,2026-08-31 14:00:00,25447.02
Solar,2026-08-31 15:00:00,17292.26
Solar,2026-08-31 16:00:00,8264.91
Solar,2026-08-31 17:00:00,1633.95
Solar,2026-08-31 18:00:00,19.21
Solar,2026-08-31 19:00:00,0.0
Solar,2026-08-31 20:00:00,0.0
Solar,2026-08-31 21:00:00,0.0
Solar,2026-08-31 22:00:00,0.0
Solar,2026-08-31 23:00:00,0.0
Solar,2026-09-01 00:00:00,0.0
Solar,2026-09-01 01:00:00,0.0
Solar,2026-09-01 02:00:00,0.0
Solar,2026-09-01 03:00:00,0.0
Solar,2026-09-01 04:00:00,218.6
Solar,2026-09-01 05:00:00,4177.65
Solar,2026-09-01 06:00:00,13372.31
Solar,2026-09-01 07:00:00,23873.56
Solar,2026-09-01 08:00:00,32353.45
Solar,2026-09-01 09:00:00,37789.52
Solar,2026-09-01 10:00:00,40418.76
Solar,2026-09-01 11:00:00,40735.51
Solar,2026-09-01 12:00:00,39280.94
Solar,2026-09-01 13:00:00,35700.2
Solar,2026-09-01 14:00:00,29218.92
Solar,2026-09-01 15:00:00,20424.35
Solar,2026-09-01 16:00:00,9695.07
Solar,2026-09-01 17:00:00,1832.56
Solar,2026-09-01 18:00:00,16.42
Solar,2026-09-01 19:00:00,0.0
Solar,2026-09-01 20:00:00,0.0
Solar,2026-09-01 21:00:00,0.0
Solar,2026-09-01 22:00:00,0.0
Solar,2026-09-01 23:00:00,0.0
Solar,2026-09-02 00:00:00,0.0
Solar,2026-09-02 01:00:00,0.0
Solar,2026-09-02 02:00:00,0.0
Solar,2026-09-02 03:00:00,0.0
Solar,2026-09-02 04:00:00,272.96
Solar,2026-09-02 05:00:00,4693.2
Solar,2026-09-02 06:00:00,13506.94
Solar,2026-09-02 07:00:00,23839.71
Solar,2026-09-02 08:00:00,33992.26
Solar,2026-09-02 09:00:00,40724.76
Solar,2026-09-02 10:00:00,43585.43
Solar,2026-09-02 11:00:00,43186.32
Solar,2026-09-02 12:00:00,40690.5
Solar,2026-09-02 13:00:00,35733.34
Solar,2026-09-02 14:00:00,27767.02
Solar,2026-09-02 15:00:00,17405.55
Solar,2026-09-02 16:00:00,7600.85
Solar,2026-09-02 17:00:00,1396.11
Solar,2026-09-02 18:00:00,5.77
Solar,2026-09-02 19:00:00,0.0
Solar,2026-09-02 20:00:00,0.0
Solar,2026-09-02 21:00:00,0.0
Solar,2026-09-02 22:00:00,0.0
Solar,2026-09-02 23:00:00,0.0
Solar,2026-09-03 00:00:00,0.0
Solar,2026-09-03 01:00:00,0.0
Solar,2026-09-03 02:00:00,0.0
Solar,2026-09-03 03:00:00,0.0
Solar,2026-09-03 04:00:00,156.89
Solar,2026-09-03 05:00:00,3730.05
Solar,2026-09-03 06:00:00,11538.15
Solar,2026-09-03 07:00:00,19708.11
Solar,2026-09-03 08:00:00,26169.3
Solar,2026-09-03 09:00:00,29688.77
Solar,2026-09-03 10:00:00,30400.29
Solar,2026-09-03 11:00:00,29561.25
Solar,2026-09-03 12:00:00,27087.48
Solar,2026-09-03 13:00:00,23523.38
Solar,2026-09-03 14:00:00,17990.08
Solar,2026-09-03 15:00:00,11709.43
Solar,2026-09-03 16:00:00,5431.13
Solar,2026-09-03 17:00:00,1053.86
Solar,2026-09-03 18:00:00,3.32
Solar,2026-09-03 19:00:00,0.0
Solar,2026-09-03 20:00:00,0.0
Solar,2026-09-03 21:00:00,0.0
Solar,2026-09-03 22:00:00,0.0
Solar,2026-09-03 23:00:00,0.0
Solar,2026-09-04 00:00:00,0.0
Solar,2026-09-04 01:00:00,0.0
Solar,2026-09-04 02:00:00,0.0
Solar,2026-09-04 03:00:00,0.0
Solar,2026-09-04 04:00:00,68.72
Solar,2026-09-04 05:00:00,2371.61
Solar,2026-09-04 06:00:00,8536.39
Solar,2026-09-04 07:00:00,17321.65
Solar,2026-09-04 08:00:00,26301.26
Solar,2026-09-04 09:00:00,31412.05
Solar,2026-09-04 10:00:00,33286.39
Solar,2026-09-04 11:00:00,33667.97
Solar,2026-09-04 12:00:00,31652.63
Solar,2026-09-04 13:00:00,27585.64
Solar,2026-09-04 14:00:00,21304.46
Solar,2026-09-04 15:00:00,13906.47
Solar,2026-09-04 16:00:00,6151.95
Solar,2026-09-04 17:00:00,918.0
Solar,2026-09-04 18:00:00,2.69
Solar,2026-09-04 19:00:00,0.0
Solar,2026-09-04 20:00:00,0.0
Solar,2026-09-04 21:00:00,0.0
Solar,2026-09-04 22:00:00,0.0
Solar,2026-09-04 23:00:00,0.0
Solar,2026-09-05 00:00:00,0.0
Solar,2026-09-05 01:00:00,0.0
Solar,2026-09-05 02:00:00,0.0
Solar,2026-09-05 03:00:00,0.0
Solar,2026-09-05 04:00:00,113.6
Solar,2026-09-05 05:00:00,3097.11
Solar,2026-09-05 06:00:00,11671.94
Solar,2026-09-05 07:00:00,21565.79
Wind Onshore,2025-09-07 22:00:00,18037.62
Wind Onshore,2025-09-07 23:00:00,16378.55
Wind Onshore,2025-09-08 00:00:00,14940.21
Wind Onshore,2025-09-08 01:00:00,13922.57
Wind Onshore,2025-09-08 02:00:00,13044.47
Wind Onshore,2025-09-08 03:00:00,12224.93
Wind Onshore,2025-09-08 04:00:00,11812.72
Wind Onshore,2025-09-08 05:00:00,10292.43
Wind Onshore,2025-09-08 06:00:00,7601.29
Wind Onshore,2025-09-08 07:00:00,4676.43
Wind Onshore,2025-09-08 08:00:00,4514.88
Wind Onshore,2025-09-08 09:00:00,5415.75
Wind Onshore,2025-09-08 10:00:00,5403.8
Wind Onshore,2025-09-08 11:00:00,4658.62
Wind Onshore,2025-09-08 12:00:00,3698.46
Wind Onshore,2025-09-08 13:00:00,2649.88
Wind Onshore,2025-09-08 14:00:00,1977.6
Wind Onshore,2025-09-08 15:00:00,1582.08
Wind Onshore,2025-09-08 16:00:00,1838.6
Wind Onshore,2025-09-08 17:00:00,2216.81
Wind Onshore,2025-09-08 18:00:00,2768.79
Wind Onshore,2025-09-08 19:00:00,3464.96
Wind Onshore,2025-09-08 20:00:00,3492.28
Wind Onshore,2025-09-08 21:00:00,3024.77
Wind Onshore,2025-09-08 22:00:00,2676.67
Wind Onshore,2025-09-08 23:00:00,2276.71
Wind Onshore,2025-09-09 00:00:00,2128.87
Wind Onshore,2025-09-09 01:00:00,2056.83
Wind Onshore,2025-09-09 02:00:00,2275.88
Wind Onshore,2025-09-09 03:00:00,2751.0
Wind Onshore,2025-09-09 04:00:00,3356.9
Wind Onshore,2025-09-09 05:00:00,4746.77
Wind Onshore,2025-09-09 06:00:00,5070.88
Wind Onshore,2025-09-09 07:00:00,4241.96
Wind Onshore,2025-09-09 08:00:00,3424.72
Wind Onshore,2025-09-09 09:00:00,2779.58
Wind Onshore,2025-09-09 10:00:00,3080.04
Wind Onshore,2025-09-09 11:00:00,3640.4
Wind Onshore,2025-09-09 12:00:00,3371.23
Wind Onshore,2025-09-09 13:00:00,3284.4
Wind Onshore,2025-09-09 14:00:00,3541.8
Wind Onshore,2025-09-09 15:00:00,3542.95
Wind Onshore,2025-09-09 16:00:00,3242.47
Wind Onshore,2025-09-09 17:00:00,3074.4
Wind Onshore,2025-09-09 18:00:00,3581.36
Wind Onshore,2025-09-09 19:00:00,4527.54
Wind Onshore,2025-09-09 20:00:00,4318.28
Wind Onshore,2025-09-09 21:00:00,3990.84
Wind Onshore,2025-09-09 22:00:00,2997.52
Wind Onshore,2025-09-09 23:00:00,2480.84
Wind Onshore,2025-09-10 00:00:00,1935.04
Wind Onshore,2025-09-10 01:00:00,1589.24
Wind Onshore,2025-09-10 02:00:00,1627.7
Wind Onshore,2025-09-10 03:00:00,1622.53
Wind Onshore,2025-09-10 04:00:00,1617.41
Wind Onshore,2025-09-10 05:00:00,1722.03
Wind Onshore,2025-09-10 06:00:00,1387.31
Wind Onshore,2025-09-10 07:00:00,780.79
Wind Onshore,2025-09-10 08:00:00,644.71
Wind Onshore,2025-09-10 09:00:00,643.28
Wind Onshore,2025-09-10 10:00:00,913.08
Wind Onshore,2025-09-10 11:00:00,1315.99
Wind Onshore,2025-09-10 12:00:00,1695.82
Wind Onshore,2025-09-10 13:00:00,1981.48
Wind Onshore,2025-09-10 14:00:00,2184.09
Wind Onshore,2025-09-10 15:00:00,2109.11
Wind Onshore,2025-09-10 16:00:00,1981.87
Wind Onshore,2025-09-10 17:00:00,2307.38
Wind Onshore,2025-09-10 18:00:00,3404.61
Wind Onshore,2025-09-10 19:00:00,5836.31
Wind Onshore,2025-09-10 20:00:00,8213.09
Wind Onshore,2025-09-10 21:00:00,9951.33
Wind Onshore,2025-09-10 22:00:00,11138.18
Wind Onshore,2025-09-10 23:00:00,11651.68
Wind Onshore,2025-09-11 00:00:00,12438.68
Wind Onshore,2025-09-11 01:00:00,13461.28
Wind Onshore,2025-09-11 02:00:00,13767.97
Wind Onshore,2025-09-11 03:00:00,14630.62
Wind Onshore,2025-09-11 04:00:00,15971.17
Wind Onshore,2025-09-11 05:00:00,16575.98
Wind Onshore,2025-09-11 06:00:00,16558.14
Wind Onshore,2025-09-11 07:00:00,16482.4
Wind Onshore,2025-09-11 08:00:00,18030.73
Wind Onshore,2025-09-11 09:00:00,21129.65
Wind Onshore,2025-09-11 10:00:00,21525.06
Wind Onshore,2025-09-11 11:00:00,22810.09
Wind Onshore,2025-09-11 12:00:00,23154.6
Wind Onshore,2025-09-11 13:00:00,23018.32
Wind Onshore,2025-09-11 14:00:00,23605.27
Wind Onshore,2025-09-11 15:00:00,21260.73
Wind Onshore,2025-09-11 16:00:00,19074.85
Wind Onshore,2025-09-11 17:00:00,18651.82
Wind Onshore,2025-09-11 18:00:00,18471.78
Wind Onshore,2025-09-11 19:00:00,21102.03
Wind Onshore,2025-09-11 20:00:00,21886.81
Wind Onshore,2025-09-11 21:00:00,23499.58
Wind Onshore,2025-09-11 22:00:00,24151.46
Wind Onshore,2025-09-11 23:00:00,23876.74
Wind Onshore,2025-09-12 00:00:00,23565.69
Wind Onshore,2025-09-12 01:00:00,23223.97
Wind Onshore,2025-09-12 02:00:00,23048.96
Wind Onshore,2025-09-12 03:00:00,22731.87
Wind Onshore,2025-09-12 04:00:00,22197.36
Wind Onshore,2025-09-12 05:00:00,20995.89
Wind Onshore,2025-09-12 06:00:00,19764.31
Wind Onshore,2025-09-12 07:00:00,19898.88
Wind Onshore,2025-09-12 08:00:00,22749.81
Wind Onshore,2025-09-12 09:00:00,22710.7
Wind Onshore,2025-09-12 10:00:00,21551.34
Wind Onshore,2025-09-12 11:00:00,20801.84
Wind Onshore,2025-09-12 12:00:00,20567.65
Wind Onshore,2025-09-12 13:00:00,20210.98
Wind Onshore,2025-09-12 14:00:00,19867.39
Wind Onshore,2025-09-12 15:00:00,18921.25
Wind Onshore,2025-09-12 16:00:00,14554.65
Wind Onshore,2025-09-12 17:00:00,11467.54
Wind Onshore,2025-09-12 18:00:00,12347.71
Wind Onshore,2025-09-12 19:00:00,13620.22
Wind Onshore,2025-09-12 20:00:00,13873.01
Wind Onshore,2025-09-12 21:00:00,15336.56
Wind Onshore,2025-09-12 22:00:00,16897.18
Wind Onshore,2025-09-12 23:00:00,17948.41
Wind Onshore,2025-09-13 00:00:00,17546.03
Wind Onshore,2025-09-13 01:00:00,16719.87
Wind Onshore,2025-09-13 02:00:00,16348.56
Wind Onshore,2025-09-13 03:00:00,16436.24
Wind Onshore,2025-09-13 04:00:00,17070.65
Wind Onshore,2025-09-13 05:00:00,17467.95
Wind Onshore,2025-09-13 06:00:00,16469.09
Wind Onshore,2025-09-13 07:00:00,12833.83
Wind Onshore,2025-09-13 08:00:00,9990.33
Wind Onshore,2025-09-13 09:00:00,10102.24
Wind Onshore,2025-09-13 10:00:00,10425.42
Wind Onshore,2025-09-13 11:00:00,12439.71
Wind Onshore,2025-09-13 12:00:00,14767.18
Wind Onshore,2025-09-13 13:00:00,14335.78
Wind Onshore,2025-09-13 14:00:00,14639.99
Wind Onshore,2025-09-13 15:00:00,15158.09
Wind Onshore,2025-09-13 16:00:00,13092.48
Wind Onshore,2025-09-13 17:00:00,12644.42
Wind Onshore,2025-09-13 18:00:00,14102.67
Wind Onshore,2025-09-13 19:00:00,14769.56
Wind Onshore,2025-09-13 20:00:00,14588.5
Wind Onshore,2025-09-13 21:00:00,14350.39
Wind Onshore,2025-09-13 22:00:00,13703.24
Wind Onshore,2025-09-13 23:00:00,13346.9
Wind Onshore,2025-09-14 00:00:00,12825.4
Wind Onshore,2025-09-14 01:00:00,11700.58
Wind Onshore,2025-09-14 02:00:00,11041.98
Wind Onshore,2025-09-14 03:00:00,10405.27
Wind Onshore,2025-09-14 04:00:00,10118.1
Wind Onshore,2025-09-14 05:00:00,9957.82
Wind Onshore,2025-09-14 06:00:00,9393.37
Wind Onshore,2025-09-14 07:00:00,8708.21
Wind Onshore,2025-09-14 08:00:00,8501.64
Wind Onshore,2025-09-14 09:00:00,8336.28
Wind Onshore,2025-09-14 10:00:00,9058.51
Wind Onshore,2025-09-14 11:00:00,9549.15
Wind Onshore,2025-09-14 12:00:00,9488.06
Wind Onshore,2025-09-14 13:00:00,9356.89
Wind Onshore,2025-09-14 14:00:00,8731.58
Wind Onshore,2025-09-14 15:00:00,7161.16
Wind Onshore,2025-09-14 16:00:00,5536.64
Wind Onshore,2025-09-14 17:00:00,4749.96
Wind Onshore,2025-09-14 18:00:00,6561.42
Wind Onshore,2025-09-14 19:00:00,10550.94
Wind Onshore,2025-09-14 20:00:00,15302.64
Wind Onshore,2025-09-14 21:00:00,19669.16
Wind Onshore,2025-09-14 22:00:00,22361.46
Wind Onshore,2025-09-14 23:00:00,24814.99
Wind Onshore,2025-09-15 00:00:00,26803.08
Wind Onshore,2025-09-15 01:00:00,28719.4
Wind Onshore,2025-09-15 02:00:00,30243.3
Wind Onshore,2025-09-15 03:00:00,32340.53
Wind Onshore,2025-09-15 04:00:00,34491.55
Wind Onshore,2025-09-15 05:00:00,35202.16
Wind Onshore,2025-09-15 06:00:00,34602.93
Wind Onshore,2025-09-15 07:00:00,34834.66
Wind Onshore,2025-09-15 08:00:00,31726.2
Wind Onshore,2025-09-15 09:00:00,31954.63
Wind Onshore,2025-09-15 10:00:00,30683.99
Wind Onshore,2025-09-15 11:00:00,28899.26
Wind Onshore,2025-09-15 12:00:00,28397.67
Wind Onshore,2025-09-15 13:00:00,29899.13
Wind Onshore,2025-09-15 14:00:00,30190.83
Wind Onshore,2025-09-15 15:00:00,33989.24
Wind Onshore,2025-09-15 16:00:00,34169.52
Wind Onshore,2025-09-15 17:00:00,33704.73
Wind Onshore,2025-09-15 18:00:00,34648.12
Wind Onshore,2025-09-15 19:00:00,36636.46
Wind Onshore,2025-09-15 20:00:00,36724.41
Wind Onshore,2025-09-15 21:00:00,38220.86
Wind Onshore,2025-09-15 22:00:00,37356.11
Wind Onshore,2025-09-15 23:00:00,38029.7
Wind Onshore,2025-09-16 00:00:00,36764.93
Wind Onshore,2025-09-16 01:00:00,36555.21
Wind Onshore,2025-09-16 02:00:00,37122.91
Wind Onshore,2025-09-16 03:00:00,39725.75
Wind Onshore,2025-09-16 04:00:00,42477.14
Wind Onshore,2025-09-16 05:00:00,40453.46
Wind Onshore,2025-09-16 06:00:00,39713.82
Wind Onshore,2025-09-16 07:00:00,38746.98
Wind Onshore,2025-09-16 08:00:00,35863.22
Wind Onshore,2025-09-16 09:00:00,33469.37
Wind Onshore,2025-09-16 10:00:00,31820.29
Wind Onshore,2025-09-16 11:00:00,32702.03
Wind Onshore,2025-09-16 12:00:00,32239.49
Wind Onshore,2025-09-16 13:00:00,30437.36
Wind Onshore,2025-09-16 14:00:00,31969.64
Wind Onshore,2025-09-16 15:00:00,33142.28
Wind Onshore,2025-09-16 16:00:00,30426.71
Wind Onshore,2025-09-16 17:00:00,30177.9
Wind Onshore,2025-09-16 18:00:00,29668.62
Wind Onshore,2025-09-16 19:00:00,29841.76
Wind Onshore,2025-09-16 20:00:00,28163.55
Wind Onshore,2025-09-16 21:00:00,27454.63
Wind Onshore,2025-09-16 22:00:00,26514.41
Wind Onshore,2025-09-16 23:00:00,25964.27
Wind Onshore,2025-09-17 00:00:00,25496.95
Wind Onshore,2025-09-17 01:00:00,24687.0
Wind Onshore,2025-09-17 02:00:00,23968.6
Wind Onshore,2025-09-17 03:00:00,23291.25
Wind Onshore,2025-09-17 04:00:00,23174.44
Wind Onshore,2025-09-17 05:00:00,22026.02
Wind Onshore,2025-09-17 06:00:00,20163.72
Wind Onshore,2025-09-17 07:00:00,18746.92
Wind Onshore,2025-09-17 08:00:00,18430.84
Wind Onshore,2025-09-17 09:00:00,19395.79
Wind Onshore,2025-09-17 10:00:00,20143.41
Wind Onshore,2025-09-17 11:00:00,20465.92
Wind Onshore,2025-09-17 12:00:00,21678.78
Wind Onshore,2025-09-17 13:00:00,20955.21
Wind Onshore,2025-09-17 14:00:00,19507.77
Wind Onshore,2025-09-17 15:00:00,17687.98
Wind Onshore,2025-09-17 16:00:00,15837.41
Wind Onshore,2025-09-17 17:00:00,14915.75
Wind Onshore,2025-09-17 18:00:00,16559.14
Wind Onshore,2025-09-17 19:00:00,19492.89
Wind Onshore,2025-09-17 20:00:00,21845.53
Wind Onshore,2025-09-17 21:00:00,24153.69
Wind Onshore,2025-09-17 22:00:00,25265.75
Wind Onshore,2025-09-17 23:00:00,25798.1
Wind Onshore,2025-09-18 00:00:00,25415.25
Wind Onshore,2025-09-18 01:00:00,24745.48
Wind Onshore,2025-09-18 02:00:00,24643.89
Wind Onshore,2025-09-18 03:00:00,23923.36
Wind Onshore,2025-09-18 04:00:00,24401.52
Wind Onshore,2025-09-18 05:00:00,23777.62
Wind Onshore,2025-09-18 06:00:00,22699.75
Wind Onshore,2025-09-18 07:00:00,21123.97
Wind Onshore,2025-09-18 08:00:00,20359.98
Wind Onshore,2025-09-18 09:00:00,19960.23
Wind Onshore,2025-09-18 10:00:00,20060.1
Wind Onshore,2025-09-18 11:00:00,18803.4
Wind Onshore,2025-09-18 12:00:00,18288.01
Wind Onshore,2025-09-18 13:00:00,18833.96
Wind Onshore,2025-09-18 14:00:00,18712.99
Wind Onshore,2025-09-18 15:00:00,19205.8
Wind Onshore,2025-09-18 16:00:00,17794.67
Wind Onshore,2025-09-18 17:00:00,18192.42
Wind Onshore,2025-09-18 18:00:00,19670.92
Wind Onshore,2025-09-18 19:00:00,20415.22
Wind Onshore,2025-09-18 20:00:00,19558.33
Wind Onshore,2025-09-18 21:00:00,19446.83
Wind Onshore,2025-09-18 22:00:00,19346.45
Wind Onshore,2025-09-18 23:00:00,18358.88
Wind Onshore,2025-09-19 00:00:00,17136.03
Wind Onshore,2025-09-19 01:00:00,15456.29
Wind Onshore,2025-09-19 02:00:00,14072.41
Wind Onshore,2025-09-19 03:00:00,12933.52
Wind Onshore,2025-09-19 04:00:00,12423.66
Wind Onshore,2025-09-19 05:00:00,11910.63
Wind Onshore,2025-09-19 06:00:00,10282.13
Wind Onshore,2025-09-19 07:00:00,8381.2
Wind Onshore,2025-09-19 08:00:00,7453.08
Wind Onshore,2025-09-19 09:00:00,6845.54
Wind Onshore,2025-09-19 10:00:00,6393.75
Wind Onshore,2025-09-19 11:00:00,5295.44
Wind Onshore,2025-09-19 12:00:00,4902.03
Wind Onshore,2025-09-19 13:00:00,4956.14
Wind Onshore,2025-09-19 14:00:00,4583.64
Wind Onshore,2025-09-19 15:00:00,4278.47
Wind Onshore,2025-09-19 16:00:00,4235.69
Wind Onshore,2025-09-19 17:00:00,6015.87
Wind Onshore,2025-09-19 18:00:00,8922.22
Wind Onshore,2025-09-19 19:00:00,13253.93
Wind Onshore,2025-09-19 20:00:00,16615.14
Wind Onshore,2025-09-19 21:00:00,19328.43
Wind Onshore,2025-09-19 22:00:00,21183.32
Wind Onshore,2025-09-19 23:00:00,21337.36
Wind Onshore,2025-09-20 00:00:00,20797.23
Wind Onshore,2025-09-20 01:00:00,20413.07
Wind Onshore,2025-09-20 02:00:00,19704.83
Wind Onshore,2025-09-20 03:00:00,19640.26
Wind Onshore,2025-09-20 04:00:00,20094.03
Wind Onshore,2025-09-20 05:00:00,19700.78
Wind Onshore,2025-09-20 06:00:00,18084.07
Wind Onshore,2025-09-20 07:00:00,13554.57
Wind Onshore,2025-09-20 08:00:00,9018.75
Wind Onshore,2025-09-20 09:00:00,6569.6
Wind Onshore,2025-09-20 10:00:00,6197.11
Wind Onshore,2025-09-20 11:00:00,7132.52
Wind Onshore,2025-09-20 12:00:00,9311.52
Wind Onshore,2025-09-20 13:00:00,11659.66
Wind Onshore,2025-09-20 14:00:00,13227.59
Wind Onshore,2025-09-20 15:00:00,12319.14
Wind Onshore,2025-09-20 16:00:00,10115.07
Wind Onshore,2025-09-20 17:00:00,10741.74
Wind Onshore,2025-09-20 18:00:00,12643.77
Wind Onshore,2025-09-20 19:00:00,14745.76
Wind Onshore,2025-09-20 20:00:00,15606.21
Wind Onshore,2025-09-20 21:00:00,16755.36
Wind Onshore,2025-09-20 22:00:00,18155.51
Wind Onshore,2025-09-20 23:00:00,18847.89
Wind Onshore,2025-09-21 00:00:00,18909.57
Wind Onshore,2025-09-21 01:00:00,18753.84
Wind Onshore,2025-09-21 02:00:00,19518.62
Wind Onshore,2025-09-21 03:00:00,19696.32
Wind Onshore,2025-09-21 04:00:00,22008.66
Wind Onshore,2025-09-21 05:00:00,23095.25
Wind Onshore,2025-09-21 06:00:00,23317.39
Wind Onshore,2025-09-21 07:00:00,23362.02
Wind Onshore,2025-09-21 08:00:00,21249.83
Wind Onshore,2025-09-21 09:00:00,19234.47
Wind Onshore,2025-09-21 10:00:00,18005.68
Wind Onshore,2025-09-21 11:00:00,17645.06
Wind Onshore,2025-09-21 12:00:00,18276.77
Wind Onshore,2025-09-21 13:00:00,20057.8
Wind Onshore,2025-09-21 14:00:00,20420.17
Wind Onshore,2025-09-21 15:00:00,18373.32
Wind Onshore,2025-09-21 16:00:00,16087.58
Wind Onshore,2025-09-21 17:00:00,14617.03
Wind Onshore,2025-09-21 18:00:00,12849.9
Wind Onshore,2025-09-21 19:00:00,12023.99
Wind Onshore,2025-09-21 20:00:00,10927.21
Wind Onshore,2025-09-21 21:00:00,10640.1
Wind Onshore,2025-09-21 22:00:00,10387.02
Wind Onshore,2025-09-21 23:00:00,10088.31
Wind Onshore,2025-09-22 00:00:00,10201.08
Wind Onshore,2025-09-22 01:00:00,11181.66
Wind Onshore,2025-09-22 02:00:00,11577.64
Wind Onshore,2025-09-22 03:00:00,11984.9
Wind Onshore,2025-09-22 04:00:00,12238.17
Wind Onshore,2025-09-22 05:00:00,12283.37
Wind Onshore,2025-09-22 06:00:00,11900.8
Wind Onshore,2025-09-22 07:00:00,10759.59
Wind Onshore,2025-09-22 08:00:00,10636.31
Wind Onshore,2025-09-22 09:00:00,12493.02
Wind Onshore,2025-09-22 10:00:00,14472.05
Wind Onshore,2025-09-22 11:00:00,15843.77
Wind Onshore,2025-09-22 12:00:00,16611.77
Wind Onshore,2025-09-22 13:00:00,16429.05
Wind Onshore,2025-09-22 14:00:00,15605.87
Wind Onshore,2025-09-22 15:00:00,13707.44
Wind Onshore,2025-09-22 16:00:00,11255.16
Wind Onshore,2025-09-22 17:00:00,10355.68
Wind Onshore,2025-09-22 18:00:00,10583.13
Wind Onshore,2025-09-22 19:00:00,10374.51
Wind Onshore,2025-09-22 20:00:00,10421.28
Wind Onshore,2025-09-22 21:00:00,9896.72
Wind Onshore,2025-09-22 22:00:00,8636.52
Wind Onshore,2025-09-22 23:00:00,8119.62
Wind Onshore,2025-09-23 00:00:00,8189.29
Wind Onshore,2025-09-23 01:00:00,7893.63
Wind Onshore,2025-09-23 02:00:00,7804.18
Wind Onshore,2025-09-23 03:00:00,7469.93
Wind Onshore,2025-09-23 04:00:00,7612.05
Wind Onshore,2025-09-23 05:00:00,7315.35
Wind Onshore,2025-09-23 06:00:00,6258.23
Wind Onshore,2025-09-23 07:00:00,5034.92
Wind Onshore,2025-09-23 08:00:00,4988.07
Wind Onshore,2025-09-23 09:00:00,5885.11
Wind Onshore,2025-09-23 10:00:00,6811.63
Wind Onshore,2025-09-23 11:00:00,7870.23
Wind Onshore,2025-09-23 12:00:00,9239.93
Wind Onshore,2025-09-23 13:00:00,10828.15
Wind Onshore,2025-09-23 14:00:00,11919.56
Wind Onshore,2025-09-23 15:00:00,12762.75
Wind Onshore,2025-09-23 16:00:00,12567.51
Wind Onshore,2025-09-23 17:00:00,13644.14
Wind Onshore,2025-09-23 18:00:00,16811.37
Wind Onshore,2025-09-23 19:00:00,19424.29
Wind Onshore,2025-09-23 20:00:00,20698.46
Wind Onshore,2025-09-23 21:00:00,21128.1
Wind Onshore,2025-09-23 22:00:00,20757.7
Wind Onshore,2025-09-23 23:00:00,20398.18
Wind Onshore,2025-09-24 00:00:00,20382.53
Wind Onshore,2025-09-24 01:00:00,20510.56
Wind Onshore,2025-09-24 02:00:00,20948.08
Wind Onshore,2025-09-24 03:00:00,21420.64
Wind Onshore,2025-09-24 04:00:00,22638.97
Wind Onshore,2025-09-24 05:00:00,22919.59
Wind Onshore,2025-09-24 06:00:00,21281.72
Wind Onshore,2025-09-24 07:00:00,18311.57
Wind Onshore,2025-09-24 08:00:00,18419.81
Wind Onshore,2025-09-24 09:00:00,21920.19
Wind Onshore,2025-09-24 10:00:00,23937.6
Wind Onshore,2025-09-24 11:00:00,24931.65
Wind Onshore,2025-09-24 12:00:00,26316.81
Wind Onshore,2025-09-24 13:00:00,27904.54
Wind Onshore,2025-09-24 14:00:00,29955.31
Wind Onshore,2025-09-24 15:00:00,29447.51
Wind Onshore,2025-09-24 16:00:00,27103.23
Wind Onshore,2025-09-24 17:00:00,28632.07
Wind Onshore,2025-09-24 18:00:00,30989.81
Wind Onshore,2025-09-24 19:00:00,32027.53
Wind Onshore,2025-09-24 20:00:00,30717.31
Wind Onshore,2025-09-24 21:00:00,30420.42
Wind Onshore,2025-09-24 22:00:00,30070.64
Wind Onshore,2025-09-24 23:00:00,29078.35
Wind Onshore,2025-09-25 00:00:00,27875.15
Wind Onshore,2025-09-25 01:00:00,27179.58
Wind Onshore,2025-09-25 02:00:00,26916.87
Wind Onshore,2025-09-25 03:00:00,26985.89
Wind Onshore,2025-09-25 04:00:00,27919.41
Wind Onshore,2025-09-25 05:00:00,26988.34
Wind Onshore,2025-09-25 06:00:00,24785.41
Wind Onshore,2025-09-25 07:00:00,23055.41
Wind Onshore,2025-09-25 08:00:00,22941.0
Wind Onshore,2025-09-25 09:00:00,23758.08
Wind Onshore,2025-09-25 10:00:00,25459.53
Wind Onshore,2025-09-25 11:00:00,26205.94
Wind Onshore,2025-09-25 12:00:00,26368.74
Wind Onshore,2025-09-25 13:00:00,27015.63
Wind Onshore,2025-09-25 14:00:00,27029.51
Wind Onshore,2025-09-25 15:00:00,25212.29
Wind Onshore,2025-09-25 16:00:00,23639.43
Wind Onshore,2025-09-25 17:00:00,23090.6
Wind Onshore,2025-09-25 18:00:00,22479.13
Wind Onshore,2025-09-25 19:00:00,22471.84
Wind Onshore,2025-09-25 20:00:00,20642.98
Wind Onshore,2025-09-25 21:00:00,19453.31
Wind Onshore,2025-09-25 22:00:00,17823.85
Wind Onshore,2025-09-25 23:00:00,16324.45
Wind Onshore,2025-09-26 00:00:00,15264.45
Wind Onshore,2025-09-26 01:00:00,14911.15
Wind Onshore,2025-09-26 02:00:00,14584.7
Wind Onshore,2025-09-26 03:00:00,14415.47
Wind Onshore,2025-09-26 04:00:00,14958.46
Wind Onshore,2025-09-26 05:00:00,15081.9
Wind Onshore,2025-09-26 06:00:00,14325.36
Wind Onshore,2025-09-26 07:00:00,14045.91
Wind Onshore,2025-09-26 08:00:00,14948.3
Wind Onshore,2025-09-26 09:00:00,15720.99
Wind Onshore,2025-09-26 10:00:00,15276.95
Wind Onshore,2025-09-26 11:00:00,15122.78
Wind Onshore,2025-09-26 12:00:00,16051.22
Wind Onshore,2025-09-26 13:00:00,16576.49
Wind Onshore,2025-09-26 14:00:00,16504.88
Wind Onshore,2025-09-26 15:00:00,15996.33
Wind Onshore,2025-09-26 16:00:00,14736.14
Wind Onshore,2025-09-26 17:00:00,15105.44
Wind Onshore,2025-09-26 18:00:00,15714.22
Wind Onshore,2025-09-26 19:00:00,15696.61
Wind Onshore,2025-09-26 20:00:00,14607.74
Wind Onshore,2025-09-26 21:00:00,13788.73
Wind Onshore,2025-09-26 22:00:00,12664.39
Wind Onshore,2025-09-26 23:00:00,11685.81
Wind Onshore,2025-09-27 00:00:00,10718.07
Wind Onshore,2025-09-27 01:00:00,10274.43
Wind Onshore,2025-09-27 02:00:00,9834.14
Wind Onshore,2025-09-27 03:00:00,9001.9
Wind Onshore,2025-09-27 04:00:00,9111.21
Wind Onshore,2025-09-27 05:00:00,9436.43
Wind Onshore,2025-09-27 06:00:00,8632.6
Wind Onshore,2025-09-27 07:00:00,6775.96
Wind Onshore,2025-09-27 08:00:00,5413.61
Wind Onshore,2025-09-27 09:00:00,4969.16
Wind Onshore,2025-09-27 10:00:00,4705.87
Wind Onshore,2025-09-27 11:00:00,4406.4
Wind Onshore,2025-09-27 12:00:00,4189.23
Wind Onshore,2025-09-27 13:00:00,4382.26
Wind Onshore,2025-09-27 14:00:00,4869.28
Wind Onshore,2025-09-27 15:00:00,4983.19
Wind Onshore,2025-09-27 16:00:00,4946.05
Wind Onshore,2025-09-27 17:00:00,5520.37
Wind Onshore,2025-09-27 18:00:00,6051.7
Wind Onshore,2025-09-27 19:00:00,6245.08
Wind Onshore,2025-09-27 20:00:00,5937.29
Wind Onshore,2025-09-27 21:00:00,5625.73
Wind Onshore,2025-09-27 22:00:00,5033.78
Wind Onshore,2025-09-27 23:00:00,4469.54
Wind Onshore,2025-09-28 00:00:00,3839.67
Wind Onshore,2025-09-28 01:00:00,3224.62
Wind Onshore,2025-09-28 02:00:00,3019.81
Wind Onshore,2025-09-28 03:00:00,2744.07
Wind Onshore,2025-09-28 04:00:00,2662.17
Wind Onshore,2025-09-28 05:00:00,3037.74
Wind Onshore,2025-09-28 06:00:00,2969.17
Wind Onshore,2025-09-28 07:00:00,1909.88
Wind Onshore,2025-09-28 08:00:00,1115.66
Wind Onshore,2025-09-28 09:00:00,1552.33
Wind Onshore,2025-09-28 10:00:00,2324.9
Wind Onshore,2025-09-28 11:00:00,2139.92
Wind Onshore,2025-09-28 12:00:00,1576.3
Wind Onshore,2025-09-28 13:00:00,1450.35
Wind Onshore,2025-09-28 14:00:00,1805.91
Wind Onshore,2025-09-28 15:00:00,2531.21
Wind Onshore,2025-09-28 16:00:00,3394.67
Wind Onshore,2025-09-28 17:00:00,5844.05
Wind Onshore,2025-09-28 18:00:00,8632.12
Wind Onshore,2025-09-28 19:00:00,9566.7
Wind Onshore,2025-09-28 20:00:00,8745.95
Wind Onshore,2025-09-28 21:00:00,7351.33
Wind Onshore,2025-09-28 22:00:00,6101.64
Wind Onshore,2025-09-28 23:00:00,5124.0
Wind Onshore,2025-09-29 00:00:00,4530.35
Wind Onshore,2025-09-29 01:00:00,4009.45
Wind Onshore,2025-09-29 02:00:00,3592.81
Wind Onshore,2025-09-29 03:00:00,3416.11
Wind Onshore,2025-09-29 04:00:00,3472.55
Wind Onshore,2025-09-29 05:00:00,3625.02
Wind Onshore,2025-09-29 06:00:00,3510.55
Wind Onshore,2025-09-29 07:00:00,2368.57
Wind Onshore,2025-09-29 08:00:00,1366.89
Wind Onshore,2025-09-29 09:00:00,1740.19
Wind Onshore,2025-09-29 10:00:00,2603.99
Wind Onshore,2025-09-29 11:00:00,2897.53
Wind Onshore,2025-09-29 12:00:00,2583.24
Wind Onshore,2025-09-29 13:00:00,2430.06
Wind Onshore,2025-09-29 14:00:00,2560.82
Wind Onshore,2025-09-29 15:00:00,2819.15
Wind Onshore,2025-09-29 16:00:00,3379.62
Wind Onshore,2025-09-29 17:00:00,4695.34
Wind Onshore,2025-09-29 18:00:00,6538.53
Wind Onshore,2025-09-29 19:00:00,7298.99
Wind Onshore,2025-09-29 20:00:00,6776.63
Wind Onshore,2025-09-29 21:00:00,6337.99
Wind Onshore,2025-09-29 22:00:00,5453.88
Wind Onshore,2025-09-29 23:00:00,5003.2
Wind Onshore,2025-09-30 00:00:00,4638.17
Wind Onshore,2025-09-30 01:00:00,4171.95
Wind Onshore,2025-09-30 02:00:00,3900.28
Wind Onshore,2025-09-30 03:00:00,4027.22
Wind Onshore,2025-09-30 04:00:00,4551.29
Wind Onshore,2025-09-30 05:00:00,5077.57
Wind Onshore,2025-09-30 06:00:00,4823.4
Wind Onshore,2025-09-30 07:00:00,3330.8
Wind Onshore,2025-09-30 08:00:00,2572.12
Wind Onshore,2025-09-30 09:00:00,3317.17
Wind Onshore,2025-09-30 10:00:00,3874.22
Wind Onshore,2025-09-30 11:00:00,3612.79
Wind Onshore,2025-09-30 12:00:00,3268.12
Wind Onshore,2025-09-30 13:00:00,3387.59
Wind Onshore,2025-09-30 14:00:00,4127.34
Wind Onshore,2025-09-30 15:00:00,4933.34
Wind Onshore,2025-09-30 16:00:00,5811.21
Wind Onshore,2025-09-30 17:00:00,7511.63
Wind Onshore,2025-09-30 18:00:00,9298.54
Wind Onshore,2025-09-30 19:00:00,10167.91
Wind Onshore,2025-09-30 20:00:00,9815.84
Wind Onshore,2025-09-30 21:00:00,9284.76
Wind Onshore,2025-09-30 22:00:00,8747.69
Wind Onshore,2025-09-30 23:00:00,7957.99
Wind Onshore,2025-10-01 00:00:00,7168.17
Wind Onshore,2025-10-01 01:00:00,5971.97
Wind Onshore,2025-10-01 02:00:00,5545.89
Wind Onshore,2025-10-01 03:00:00,5560.21
Wind Onshore,2025-10-01 04:00:00,5403.69
Wind Onshore,2025-10-01 05:00:00,5692.03
Wind Onshore,2025-10-01 06:00:00,5999.61
Wind Onshore,2025-10-01 07:00:00,4566.42
Wind Onshore,2025-10-01 08:00:00,2524.32
Wind Onshore,2025-10-01 09:00:00,2855.39
Wind Onshore,2025-10-01 10:00:00,3490.08
Wind Onshore,2025-10-01 11:00:00,3809.96
Wind Onshore,2025-10-01 12:00:00,3569.01
Wind Onshore,2025-10-01 13:00:00,2999.16
Wind Onshore,2025-10-01 14:00:00,2784.2
Wind Onshore,2025-10-01 15:00:00,2808.45
Wind Onshore,2025-10-01 16:00:00,3304.76
Wind Onshore,2025-10-01 17:00:00,5100.77
Wind Onshore,2025-10-01 18:00:00,7313.67
Wind Onshore,2025-10-01 19:00:00,8747.25
Wind Onshore,2025-10-01 20:00:00,9717.34
Wind Onshore,2025-10-01 21:00:00,9785.97
Wind Onshore,2025-10-01 22:00:00,9313.27
Wind Onshore,2025-10-01 23:00:00,8185.31
Wind Onshore,2025-10-02 00:00:00,7244.65
Wind Onshore,2025-10-02 01:00:00,6579.65
Wind Onshore,2025-10-02 02:00:00,6366.33
Wind Onshore,2025-10-02 03:00:00,6175.89
Wind Onshore,2025-10-02 04:00:00,6220.22
Wind Onshore,2025-10-02 05:00:00,6715.03
Wind Onshore,2025-10-02 06:00:00,6334.65
Wind Onshore,2025-10-02 07:00:00,4422.79
Wind Onshore,2025-10-02 08:00:00,2395.08
Wind Onshore,2025-10-02 09:00:00,2890.2
Wind Onshore,2025-10-02 10:00:00,3578.07
Wind Onshore,2025-10-02 11:00:00,3768.92
Wind Onshore,2025-10-02 12:00:00,3869.93
Wind Onshore,2025-10-02 13:00:00,3480.09
Wind Onshore,2025-10-02 14:00:00,3005.2
Wind Onshore,2025-10-02 15:00:00,2736.34
Wind Onshore,2025-10-02 16:00:00,3233.42
Wind Onshore,2025-10-02 17:00:00,5307.2
Wind Onshore,2025-10-02 18:00:00,9102.75
Wind Onshore,2025-10-02 19:00:00,11918.68
Wind Onshore,2025-10-02 20:00:00,12576.01
Wind Onshore,2025-10-02 21:00:00,12985.38
Wind Onshore,2025-10-02 22:00:00,13841.37
Wind Onshore,2025-10-02 23:00:00,14306.93
Wind Onshore,2025-10-03 00:00:00,14270.09
Wind Onshore,2025-10-03 01:00:00,14435.46
Wind Onshore,2025-10-03 02:00:00,14488.49
Wind Onshore,2025-10-03 03:00:00,13546.46
Wind Onshore,2025-10-03 04:00:00,13344.76
Wind Onshore,2025-10-03 05:00:00,13407.65
Wind Onshore,2025-10-03 06:00:00,13250.96
Wind Onshore,2025-10-03 07:00:00,12071.4
Wind Onshore,2025-10-03 08:00:00,9957.72
Wind Onshore,2025-10-03 09:00:00,9836.79
Wind Onshore,2025-10-03 10:00:00,11940.37
Wind Onshore,2025-10-03 11:00:00,13357.13
Wind Onshore,2025-10-03 12:00:00,13714.0
Wind Onshore,2025-10-03 13:00:00,14239.75
Wind Onshore,2025-10-03 14:00:00,14655.68
Wind Onshore,2025-10-03 15:00:00,15362.55
Wind Onshore,2025-10-03 16:00:00,17064.3
Wind Onshore,2025-10-03 17:00:00,21225.57
Wind Onshore,2025-10-03 18:00:00,25950.89
Wind Onshore,2025-10-03 19:00:00,29854.34
Wind Onshore,2025-10-03 20:00:00,30589.99
Wind Onshore,2025-10-03 21:00:00,32635.93
Wind Onshore,2025-10-03 22:00:00,31997.65
Wind Onshore,2025-10-03 23:00:00,32045.65
Wind Onshore,2025-10-04 00:00:00,31754.39
Wind Onshore,2025-10-04 01:00:00,31087.07
Wind Onshore,2025-10-04 02:00:00,30054.1
Wind Onshore,2025-10-04 03:00:00,32311.25
Wind Onshore,2025-10-04 04:00:00,35224.54
Wind Onshore,2025-10-04 05:00:00,37265.22
Wind Onshore,2025-10-04 06:00:00,38115.62
Wind Onshore,2025-10-04 07:00:00,35517.53
Wind Onshore,2025-10-04 08:00:00,33984.5
Wind Onshore,2025-10-04 09:00:00,33214.36
Wind Onshore,2025-10-04 10:00:00,33429.13
Wind Onshore,2025-10-04 11:00:00,31515.19
Wind Onshore,2025-10-04 12:00:00,31276.47
Wind Onshore,2025-10-04 13:00:00,32597.82
Wind Onshore,2025-10-04 14:00:00,34654.62
Wind Onshore,2025-10-04 15:00:00,35407.5
Wind Onshore,2025-10-04 16:00:00,38528.47
Wind Onshore,2025-10-04 17:00:00,40614.08
Wind Onshore,2025-10-04 18:00:00,41000.94
Wind Onshore,2025-10-04 19:00:00,39088.02
Wind Onshore,2025-10-04 20:00:00,37452.07
Wind Onshore,2025-10-04 21:00:00,37200.32
Wind Onshore,2025-10-04 22:00:00,36354.69
Wind Onshore,2025-10-04 23:00:00,35329.42
Wind Onshore,2025-10-05 00:00:00,33864.85
Wind Onshore,2025-10-05 01:00:00,34474.13
Wind Onshore,2025-10-05 02:00:00,33461.44
Wind Onshore,2025-10-05 03:00:00,33322.63
Wind Onshore,2025-10-05 04:00:00,33798.67
Wind Onshore,2025-10-05 05:00:00,34427.53
Wind Onshore,2025-10-05 06:00:00,34990.57
Wind Onshore,2025-10-05 07:00:00,33881.23
Wind Onshore,2025-10-05 08:00:00,33319.71
Wind Onshore,2025-10-05 09:00:00,32169.78
Wind Onshore,2025-10-05 10:00:00,33893.9
Wind Onshore,2025-10-05 11:00:00,34012.03
Wind Onshore,2025-10-05 12:00:00,33156.06
Wind Onshore,2025-10-05 13:00:00,32574.54
Wind Onshore,2025-10-05 14:00:00,33475.09
Wind Onshore,2025-10-05 15:00:00,34478.35
Wind Onshore,2025-10-05 16:00:00,35527.8
Wind Onshore,2025-10-05 17:00:00,36295.46
Wind Onshore,2025-10-05 18:00:00,37593.11
Wind Onshore,2025-10-05 19:00:00,38254.71
Wind Onshore,2025-10-05 20:00:00,36567.95
Wind Onshore,2025-10-05 21:00:00,36280.5
Wind Onshore,2025-10-05 22:00:00,35298.69
Wind Onshore,2025-10-05 23:00:00,36171.4
Wind Onshore,2025-10-06 00:00:00,35519.8
Wind Onshore,2025-10-06 01:00:00,34747.92
Wind Onshore,2025-10-06 02:00:00,34100.9
Wind Onshore,2025-10-06 03:00:00,33238.59
Wind Onshore,2025-10-06 04:00:00,33040.69
Wind Onshore,2025-10-06 05:00:00,30730.98
Wind Onshore,2025-10-06 06:00:00,29111.63
Wind Onshore,2025-10-06 07:00:00,27685.49
Wind Onshore,2025-10-06 08:00:00,26494.42
Wind Onshore,2025-10-06 09:00:00,26309.46
Wind Onshore,2025-10-06 10:00:00,25717.32
Wind Onshore,2025-10-06 11:00:00,24970.66
Wind Onshore,2025-10-06 12:00:00,23948.16
Wind Onshore,2025-10-06 13:00:00,22144.37
Wind Onshore,2025-10-06 14:00:00,20662.99
Wind Onshore,2025-10-06 15:00:00,19187.21
Wind Onshore,2025-10-06 16:00:00,17201.28
Wind Onshore,2025-10-06 17:00:00,15341.18
Wind Onshore,2025-10-06 18:00:00,13955.21
Wind Onshore,2025-10-06 19:00:00,12112.85
Wind Onshore,2025-10-06 20:00:00,10382.64
Wind Onshore,2025-10-06 21:00:00,9458.26
Wind Onshore,2025-10-06 22:00:00,8306.45
Wind Onshore,2025-10-06 23:00:00,7135.62
Wind Onshore,2025-10-07 00:00:00,6214.84
Wind Onshore,2025-10-07 01:00:00,5374.81
Wind Onshore,2025-10-07 02:00:00,4562.13
Wind Onshore,2025-10-07 03:00:00,3873.42
Wind Onshore,2025-10-07 04:00:00,3366.21
Wind Onshore,2025-10-07 05:00:00,3204.31
Wind Onshore,2025-10-07 06:00:00,3336.16
Wind Onshore,2025-10-07 07:00:00,3251.21
Wind Onshore,2025-10-07 08:00:00,3107.99
Wind Onshore,2025-10-07 09:00:00,3028.6
Wind Onshore,2025-10-07 10:00:00,3118.12
Wind Onshore,2025-10-07 11:00:00,3373.45
Wind Onshore,2025-10-07 12:00:00,3531.8
Wind Onshore,2025-10-07 13:00:00,3792.02
Wind Onshore,2025-10-07 14:00:00,3937.3
Wind Onshore,2025-10-07 15:00:00,3909.14
Wind Onshore,2025-10-07 16:00:00,4359.9
Wind Onshore,2025-10-07 17:00:00,4666.65
Wind Onshore,2025-10-07 18:00:00,5255.72
Wind Onshore,2025-10-07 19:00:00,5652.57
Wind Onshore,2025-10-07 20:00:00,5787.73
Wind Onshore,2025-10-07 21:00:00,5767.64
Wind Onshore,2025-10-07 22:00:00,5672.13
Wind Onshore,2025-10-07 23:00:00,5456.6
Wind Onshore,2025-10-08 00:00:00,5365.08
Wind Onshore,2025-10-08 01:00:00,5039.33
Wind Onshore,2025-10-08 02:00:00,5007.5
Wind Onshore,2025-10-08 03:00:00,4811.53
Wind Onshore,2025-10-08 04:00:00,4758.09
Wind Onshore,2025-10-08 05:00:00,4700.31
Wind Onshore,2025-10-08 06:00:00,4501.2
Wind Onshore,2025-10-08 07:00:00,3869.25
Wind Onshore,2025-10-08 08:00:00,3170.77
Wind Onshore,2025-10-08 09:00:00,2836.46
Wind Onshore,2025-10-08 10:00:00,2778.38
Wind Onshore,2025-10-08 11:00:00,2764.15
Wind Onshore,2025-10-08 12:00:00,2876.27
Wind Onshore,2025-10-08 13:00:00,3274.42
Wind Onshore,2025-10-08 14:00:00,3084.16
Wind Onshore,2025-10-08 15:00:00,2640.36
Wind Onshore,2025-10-08 16:00:00,2640.06
Wind Onshore,2025-10-08 17:00:00,2721.77
Wind Onshore,2025-10-08 18:00:00,3232.07
Wind Onshore,2025-10-08 19:00:00,3374.21
Wind Onshore,2025-10-08 20:00:00,3594.49
Wind Onshore,2025-10-08 21:00:00,3836.87
Wind Onshore,2025-10-08 22:00:00,4059.78
Wind Onshore,2025-10-08 23:00:00,3903.19
Wind Onshore,2025-10-09 00:00:00,3655.68
Wind Onshore,2025-10-09 01:00:00,3625.43
Wind Onshore,2025-10-09 02:00:00,3725.92
Wind Onshore,2025-10-09 03:00:00,3824.07
Wind Onshore,2025-10-09 04:00:00,4164.31
Wind Onshore,2025-10-09 05:00:00,4498.98
Wind Onshore,2025-10-09 06:00:00,4553.53
Wind Onshore,2025-10-09 07:00:00,3775.85
Wind Onshore,2025-10-09 08:00:00,3529.8
Wind Onshore,2025-10-09 09:00:00,4783.67
Wind Onshore,2025-10-09 10:00:00,5942.27
Wind Onshore,2025-10-09 11:00:00,6900.08
Wind Onshore,2025-10-09 12:00:00,8057.33
Wind Onshore,2025-10-09 13:00:00,8822.28
Wind Onshore,2025-10-09 14:00:00,9112.02
Wind Onshore,2025-10-09 15:00:00,10147.9
Wind Onshore,2025-10-09 16:00:00,11953.39
Wind Onshore,2025-10-09 17:00:00,13536.2
Wind Onshore,2025-10-09 18:00:00,15195.9
Wind Onshore,2025-10-09 19:00:00,16130.17
Wind Onshore,2025-10-09 20:00:00,16409.62
Wind Onshore,2025-10-09 21:00:00,16774.31
Wind Onshore,2025-10-09 22:00:00,17588.17
Wind Onshore,2025-10-09 23:00:00,17585.29
Wind Onshore,2025-10-10 00:00:00,17678.34
Wind Onshore,2025-10-10 01:00:00,17855.02
Wind Onshore,2025-10-10 02:00:00,18042.56
Wind Onshore,2025-10-10 03:00:00,17709.35
Wind Onshore,2025-10-10 04:00:00,18025.14
Wind Onshore,2025-10-10 05:00:00,18027.9
Wind Onshore,2025-10-10 06:00:00,17501.6
Wind Onshore,2025-10-10 07:00:00,16662.37
Wind Onshore,2025-10-10 08:00:00,15962.02
Wind Onshore,2025-10-10 09:00:00,14668.51
Wind Onshore,2025-10-10 10:00:00,13447.08
Wind Onshore,2025-10-10 11:00:00,13458.21
Wind Onshore,2025-10-10 12:00:00,14214.98
Wind Onshore,2025-10-10 13:00:00,14738.11
Wind Onshore,2025-10-10 14:00:00,14716.35
Wind Onshore,2025-10-10 15:00:00,14735.27
Wind Onshore,2025-10-10 16:00:00,14601.77
Wind Onshore,2025-10-10 17:00:00,14637.42
Wind Onshore,2025-10-10 18:00:00,15657.73
Wind Onshore,2025-10-10 19:00:00,15483.85
Wind Onshore,2025-10-10 20:00:00,14327.95
Wind Onshore,2025-10-10 21:00:00,13690.35
Wind Onshore,2025-10-10 22:00:00,13721.23
Wind Onshore,2025-10-10 23:00:00,13674.81
Wind Onshore,2025-10-11 00:00:00,13927.51
Wind Onshore,2025-10-11 01:00:00,14200.63
Wind Onshore,2025-10-11 02:00:00,14642.33
Wind Onshore,2025-10-11 03:00:00,14492.5
Wind Onshore,2025-10-11 04:00:00,14394.22
Wind Onshore,2025-10-11 05:00:00,13828.81
Wind Onshore,2025-10-11 06:00:00,13680.85
Wind Onshore,2025-10-11 07:00:00,13358.84
Wind Onshore,2025-10-11 08:00:00,12944.85
Wind Onshore,2025-10-11 09:00:00,13017.47
Wind Onshore,2025-10-11 10:00:00,13348.68
Wind Onshore,2025-10-11 11:00:00,13016.35
Wind Onshore,2025-10-11 12:00:00,12667.08
Wind Onshore,2025-10-11 13:00:00,11805.4
Wind Onshore,2025-10-11 14:00:00,10314.92
Wind Onshore,2025-10-11 15:00:00,8958.19
Wind Onshore,2025-10-11 16:00:00,8290.48
Wind Onshore,2025-10-11 17:00:00,7730.26
Wind Onshore,2025-10-11 18:00:00,7595.65
Wind Onshore,2025-10-11 19:00:00,7495.42
Wind Onshore,2025-10-11 20:00:00,7104.73
Wind Onshore,2025-10-11 21:00:00,7084.27
Wind Onshore,2025-10-11 22:00:00,7112.36
Wind Onshore,2025-10-11 23:00:00,7313.54
Wind Onshore,2025-10-12 00:00:00,7680.0
Wind Onshore,2025-10-12 01:00:00,8244.46
Wind Onshore,2025-10-12 02:00:00,8855.63
Wind Onshore,2025-10-12 03:00:00,9010.64
Wind Onshore,2025-10-12 04:00:00,9618.24
Wind Onshore,2025-10-12 05:00:00,10140.47
Wind Onshore,2025-10-12 06:00:00,10649.06
Wind Onshore,2025-10-12 07:00:00,10916.12
Wind Onshore,2025-10-12 08:00:00,10820.83
Wind Onshore,2025-10-12 09:00:00,10852.86
Wind Onshore,2025-10-12 10:00:00,10798.34
Wind Onshore,2025-10-12 11:00:00,10333.98
Wind Onshore,2025-10-12 12:00:00,9605.69
Wind Onshore,2025-10-12 13:00:00,9073.55
Wind Onshore,2025-10-12 14:00:00,8294.07
Wind Onshore,2025-10-12 15:00:00,7144.38
Wind Onshore,2025-10-12 16:00:00,6050.88
Wind Onshore,2025-10-12 17:00:00,5362.72
Wind Onshore,2025-10-12 18:00:00,5106.54
Wind Onshore,2025-10-12 19:00:00,4901.91
Wind Onshore,2025-10-12 20:00:00,4353.31
Wind Onshore,2025-10-12 21:00:00,3939.97
Wind Onshore,2025-10-12 22:00:00,3505.01
Wind Onshore,2025-10-12 23:00:00,2930.26
Wind Onshore,2025-10-13 00:00:00,2354.74
Wind Onshore,2025-10-13 01:00:00,1913.69
Wind Onshore,2025-10-13 02:00:00,1661.99
Wind Onshore,2025-10-13 03:00:00,1524.41
Wind Onshore,2025-10-13 04:00:00,1344.27
Wind Onshore,2025-10-13 05:00:00,1303.22
Wind Onshore,2025-10-13 06:00:00,1356.07
Wind Onshore,2025-10-13 07:00:00,992.88
Wind Onshore,2025-10-13 08:00:00,726.41
Wind Onshore,2025-10-13 09:00:00,654.17
Wind Onshore,2025-10-13 10:00:00,741.44
Wind Onshore,2025-10-13 11:00:00,816.57
Wind Onshore,2025-10-13 12:00:00,1011.78
Wind Onshore,2025-10-13 13:00:00,1229.55
Wind Onshore,2025-10-13 14:00:00,1371.54
Wind Onshore,2025-10-13 15:00:00,1393.0
Wind Onshore,2025-10-13 16:00:00,1616.82
Wind Onshore,2025-10-13 17:00:00,2033.51
Wind Onshore,2025-10-13 18:00:00,2450.51
Wind Onshore,2025-10-13 19:00:00,2889.26
Wind Onshore,2025-10-13 20:00:00,3040.07
Wind Onshore,2025-10-13 21:00:00,3322.26
Wind Onshore,2025-10-13 22:00:00,3626.13
Wind Onshore,2025-10-13 23:00:00,4110.67
Wind Onshore,2025-10-14 00:00:00,4739.2
Wind Onshore,2025-10-14 01:00:00,5373.99
Wind Onshore,2025-10-14 02:00:00,6073.02
Wind Onshore,2025-10-14 03:00:00,6677.93
Wind Onshore,2025-10-14 04:00:00,7171.33
Wind Onshore,2025-10-14 05:00:00,7186.64
Wind Onshore,2025-10-14 06:00:00,6962.11
Wind Onshore,2025-10-14 07:00:00,5955.86
Wind Onshore,2025-10-14 08:00:00,4943.53
Wind Onshore,2025-10-14 09:00:00,4752.02
Wind Onshore,2025-10-14 10:00:00,4710.21
Wind Onshore,2025-10-14 11:00:00,4634.3
Wind Onshore,2025-10-14 12:00:00,4372.18
Wind Onshore,2025-10-14 13:00:00,3962.01
Wind Onshore,2025-10-14 14:00:00,3514.48
Wind Onshore,2025-10-14 15:00:00,3170.37
Wind Onshore,2025-10-14 16:00:00,2857.12
Wind Onshore,2025-10-14 17:00:00,2617.94
Wind Onshore,2025-10-14 18:00:00,2674.02
Wind Onshore,2025-10-14 19:00:00,2505.13
Wind Onshore,2025-10-14 20:00:00,1963.44
Wind Onshore,2025-10-14 21:00:00,1594.71
Wind Onshore,2025-10-14 22:00:00,1235.74
Wind Onshore,2025-10-14 23:00:00,1011.95
Wind Onshore,2025-10-15 00:00:00,1001.59
Wind Onshore,2025-10-15 01:00:00,1009.08
Wind Onshore,2025-10-15 02:00:00,1206.66
Wind Onshore,2025-10-15 03:00:00,1293.42
Wind Onshore,2025-10-15 04:00:00,1363.38
Wind Onshore,2025-10-15 05:00:00,1575.05
Wind Onshore,2025-10-15 06:00:00,1704.56
Wind Onshore,2025-10-15 07:00:00,1531.74
Wind Onshore,2025-10-15 08:00:00,1371.02
Wind Onshore,2025-10-15 09:00:00,1622.05
Wind Onshore,2025-10-15 10:00:00,1916.69
Wind Onshore,2025-10-15 11:00:00,2343.07
Wind Onshore,2025-10-15 12:00:00,2910.07
Wind Onshore,2025-10-15 13:00:00,3298.9
Wind Onshore,2025-10-15 14:00:00,3616.31
Wind Onshore,2025-10-15 15:00:00,3883.37
Wind Onshore,2025-10-15 16:00:00,4296.58
Wind Onshore,2025-10-15 17:00:00,4670.69
Wind Onshore,2025-10-15 18:00:00,5082.8
Wind Onshore,2025-10-15 19:00:00,5640.48
Wind Onshore,2025-10-15 20:00:00,6121.48
Wind Onshore,2025-10-15 21:00:00,6833.36
Wind Onshore,2025-10-15 22:00:00,7248.19
Wind Onshore,2025-10-15 23:00:00,7427.65
Wind Onshore,2025-10-16 00:00:00,7063.01
Wind Onshore,2025-10-16 01:00:00,7146.54
Wind Onshore,2025-10-16 02:00:00,7254.56
Wind Onshore,2025-10-16 03:00:00,7534.22
Wind Onshore,2025-10-16 04:00:00,7760.0
Wind Onshore,2025-10-16 05:00:00,8010.14
Wind Onshore,2025-10-16 06:00:00,8247.66
Wind Onshore,2025-10-16 07:00:00,8272.43
Wind Onshore,2025-10-16 08:00:00,7722.9
Wind Onshore,2025-10-16 09:00:00,7085.34
Wind Onshore,2025-10-16 10:00:00,6982.18
Wind Onshore,2025-10-16 11:00:00,7454.84
Wind Onshore,2025-10-16 12:00:00,8254.12
Wind Onshore,2025-10-16 13:00:00,9378.41
Wind Onshore,2025-10-16 14:00:00,8939.37
Wind Onshore,2025-10-16 15:00:00,7845.35
Wind Onshore,2025-10-16 16:00:00,8072.41
Wind Onshore,2025-10-16 17:00:00,8350.64
Wind Onshore,2025-10-16 18:00:00,9209.19
Wind Onshore,2025-10-16 19:00:00,9423.62
Wind Onshore,2025-10-16 20:00:00,9141.24
Wind Onshore,2025-10-16 21:00:00,9065.38
Wind Onshore,2025-10-16 22:00:00,8689.49
Wind Onshore,2025-10-16 23:00:00,8298.2
Wind Onshore,2025-10-17 00:00:00,8038.41
Wind Onshore,2025-10-17 01:00:00,8271.7
Wind Onshore,2025-10-17 02:00:00,8570.83
Wind Onshore,2025-10-17 03:00:00,8487.11
Wind Onshore,2025-10-17 04:00:00,8587.99
Wind Onshore,2025-10-17 05:00:00,8755.5
Wind Onshore,2025-10-17 06:00:00,8171.45
Wind Onshore,2025-10-17 07:00:00,7032.21
Wind Onshore,2025-10-17 08:00:00,7061.98
Wind Onshore,2025-10-17 09:00:00,8281.44
Wind Onshore,2025-10-17 10:00:00,9315.85
Wind Onshore,2025-10-17 11:00:00,10857.11
Wind Onshore,2025-10-17 12:00:00,11533.77
Wind Onshore,2025-10-17 13:00:00,12030.29
Wind Onshore,2025-10-17 14:00:00,11812.26
Wind Onshore,2025-10-17 15:00:00,10765.98
Wind Onshore,2025-10-17 16:00:00,10436.4
Wind Onshore,2025-10-17 17:00:00,11064.39
Wind Onshore,2025-10-17 18:00:00,11618.67
Wind Onshore,2025-10-17 19:00:00,11687.03
Wind Onshore,2025-10-17 20:00:00,11367.88
Wind Onshore,2025-10-17 21:00:00,11123.28
Wind Onshore,2025-10-17 22:00:00,10614.41
Wind Onshore,2025-10-17 23:00:00,9944.25
Wind Onshore,2025-10-18 00:00:00,9249.34
Wind Onshore,2025-10-18 01:00:00,8946.7
Wind Onshore,2025-10-18 02:00:00,8595.37
Wind Onshore,2025-10-18 03:00:00,8022.42
Wind Onshore,2025-10-18 04:00:00,7401.46
Wind Onshore,2025-10-18 05:00:00,6743.67
Wind Onshore,2025-10-18 06:00:00,5827.02
Wind Onshore,2025-10-18 07:00:00,4179.25
Wind Onshore,2025-10-18 08:00:00,2813.25
Wind Onshore,2025-10-18 09:00:00,2691.43
Wind Onshore,2025-10-18 10:00:00,2626.12
Wind Onshore,2025-10-18 11:00:00,2246.34
Wind Onshore,2025-10-18 12:00:00,1935.91
Wind Onshore,2025-10-18 13:00:00,1715.11
Wind Onshore,2025-10-18 14:00:00,1642.6
Wind Onshore,2025-10-18 15:00:00,2002.95
Wind Onshore,2025-10-18 16:00:00,4056.84
Wind Onshore,2025-10-18 17:00:00,7463.06
Wind Onshore,2025-10-18 18:00:00,9709.3
Wind Onshore,2025-10-18 19:00:00,11247.89
Wind Onshore,2025-10-18 20:00:00,12202.59
Wind Onshore,2025-10-18 21:00:00,13121.57
Wind Onshore,2025-10-18 22:00:00,13801.78
Wind Onshore,2025-10-18 23:00:00,14699.86
Wind Onshore,2025-10-19 00:00:00,14846.2
Wind Onshore,2025-10-19 01:00:00,14850.5
Wind Onshore,2025-10-19 02:00:00,14752.47
Wind Onshore,2025-10-19 03:00:00,14924.16
Wind Onshore,2025-10-19 04:00:00,15706.86
Wind Onshore,2025-10-19 05:00:00,16676.45
Wind Onshore,2025-10-19 06:00:00,17586.95
Wind Onshore,2025-10-19 07:00:00,17040.95
Wind Onshore,2025-10-19 08:00:00,14878.45
Wind Onshore,2025-10-19 09:00:00,12903.42
Wind Onshore,2025-10-19 10:00:00,11697.66
Wind Onshore,2025-10-19 11:00:00,10435.41
Wind Onshore,2025-10-19 12:00:00,11560.92
Wind Onshore,2025-10-19 13:00:00,13863.77
Wind Onshore,2025-10-19 14:00:00,14985.4
Wind Onshore,2025-10-19 15:00:00,16901.76
Wind Onshore,2025-10-19 16:00:00,21868.13
Wind Onshore,2025-10-19 17:00:00,25814.47
Wind Onshore,2025-10-19 18:00:00,26637.38
Wind Onshore,2025-10-19 19:00:00,25884.94
Wind Onshore,2025-10-19 20:00:00,24274.26
Wind Onshore,2025-10-19 21:00:00,23708.22
Wind Onshore,2025-10-19 22:00:00,22902.82
Wind Onshore,2025-10-19 23:00:00,22391.13
Wind Onshore,2025-10-20 00:00:00,22524.33
Wind Onshore,2025-10-20 01:00:00,22788.37
Wind Onshore,2025-10-20 02:00:00,23027.38
Wind Onshore,2025-10-20 03:00:00,23670.56
Wind Onshore,2025-10-20 04:00:00,24898.98
Wind Onshore,2025-10-20 05:00:00,24550.2
Wind Onshore,2025-10-20 06:00:00,24337.28
Wind Onshore,2025-10-20 07:00:00,22688.52
Wind Onshore,2025-10-20 08:00:00,20719.93
Wind Onshore,2025-10-20 09:00:00,19021.9
Wind Onshore,2025-10-20 10:00:00,18071.74
Wind Onshore,2025-10-20 11:00:00,17905.56
Wind Onshore,2025-10-20 12:00:00,18393.58
Wind Onshore,2025-10-20 13:00:00,18298.82
Wind Onshore,2025-10-20 14:00:00,19316.71
Wind Onshore,2025-10-20 15:00:00,21532.49
Wind Onshore,2025-10-20 16:00:00,24692.71
Wind Onshore,2025-10-20 17:00:00,26787.31
Wind Onshore,2025-10-20 18:00:00,27745.13
Wind Onshore,2025-10-20 19:00:00,27922.71
Wind Onshore,2025-10-20 20:00:00,27074.11
Wind Onshore,2025-10-20 21:00:00,27256.8
Wind Onshore,2025-10-20 22:00:00,27479.14
Wind Onshore,2025-10-20 23:00:00,28251.58
Wind Onshore,2025-10-21 00:00:00,28713.67
Wind Onshore,2025-10-21 01:00:00,29145.47
Wind Onshore,2025-10-21 02:00:00,29776.66
Wind Onshore,2025-10-21 03:00:00,30489.06
Wind Onshore,2025-10-21 04:00:00,32548.35
Wind Onshore,2025-10-21 05:00:00,32627.52
Wind Onshore,2025-10-21 06:00:00,32370.19
Wind Onshore,2025-10-21 07:00:00,31021.64
Wind Onshore,2025-10-21 08:00:00,30352.42
Wind Onshore,2025-10-21 09:00:00,30384.22
Wind Onshore,2025-10-21 10:00:00,30384.4
Wind Onshore,2025-10-21 11:00:00,30096.62
Wind Onshore,2025-10-21 12:00:00,29399.05
Wind Onshore,2025-10-21 13:00:00,27876.9
Wind Onshore,2025-10-21 14:00:00,26073.82
Wind Onshore,2025-10-21 15:00:00,23586.07
Wind Onshore,2025-10-21 16:00:00,22640.26
Wind Onshore,2025-10-21 17:00:00,22820.51
Wind Onshore,2025-10-21 18:00:00,23022.38
Wind Onshore,2025-10-21 19:00:00,22892.74
Wind Onshore,2025-10-21 20:00:00,21502.57
Wind Onshore,2025-10-21 21:00:00,21221.54
Wind Onshore,2025-10-21 22:00:00,20429.53
Wind Onshore,2025-10-21 23:00:00,19536.18
Wind Onshore,2025-10-22 00:00:00,18416.18
Wind Onshore,2025-10-22 01:00:00,17379.96
Wind Onshore,2025-10-22 02:00:00,16533.6
Wind Onshore,2025-10-22 03:00:00,15387.37
Wind Onshore,2025-10-22 04:00:00,14700.89
Wind Onshore,2025-10-22 05:00:00,13890.75
Wind Onshore,2025-10-22 06:00:00,13241.37
Wind Onshore,2025-10-22 07:00:00,12122.87
Wind Onshore,2025-10-22 08:00:00,11059.36
Wind Onshore,2025-10-22 09:00:00,9844.62
Wind Onshore,2025-10-22 10:00:00,8882.93
Wind Onshore,2025-10-22 11:00:00,8056.42
Wind Onshore,2025-10-22 12:00:00,7317.38
Wind Onshore,2025-10-22 13:00:00,6115.69
Wind Onshore,2025-10-22 14:00:00,4392.67
Wind Onshore,2025-10-22 15:00:00,3502.79
Wind Onshore,2025-10-22 16:00:00,3391.61
Wind Onshore,2025-10-22 17:00:00,3763.69
Wind Onshore,2025-10-22 18:00:00,4374.13
Wind Onshore,2025-10-22 19:00:00,4851.75
Wind Onshore,2025-10-22 20:00:00,5430.88
Wind Onshore,2025-10-22 21:00:00,6430.52
Wind Onshore,2025-10-22 22:00:00,8354.77
Wind Onshore,2025-10-22 23:00:00,11168.39
Wind Onshore,2025-10-23 00:00:00,15135.35
Wind Onshore,2025-10-23 01:00:00,20208.55
Wind Onshore,2025-10-23 02:00:00,24668.39
Wind Onshore,2025-10-23 03:00:00,28165.48
Wind Onshore,2025-10-23 04:00:00,30650.19
Wind Onshore,2025-10-23 05:00:00,33268.33
Wind Onshore,2025-10-23 06:00:00,34664.49
Wind Onshore,2025-10-23 07:00:00,34777.18
Wind Onshore,2025-10-23 08:00:00,33741.95
Wind Onshore,2025-10-23 09:00:00,32695.44
Wind Onshore,2025-10-23 10:00:00,32834.58
Wind Onshore,2025-10-23 11:00:00,33570.14
Wind Onshore,2025-10-23 12:00:00,34032.45
Wind Onshore,2025-10-23 13:00:00,33670.88
Wind Onshore,2025-10-23 14:00:00,33160.63
Wind Onshore,2025-10-23 15:00:00,34540.99
Wind Onshore,2025-10-23 16:00:00,36454.25
Wind Onshore,2025-10-23 17:00:00,37846.29
Wind Onshore,2025-10-23 18:00:00,39652.9
Wind Onshore,2025-10-23 19:00:00,40363.81
Wind Onshore,2025-10-23 20:00:00,39278.51
Wind Onshore,2025-10-23 21:00:00,39418.35
Wind Onshore,2025-10-23 22:00:00,38041.15
Wind Onshore,2025-10-23 23:00:00,38560.82
Wind Onshore,2025-10-24 00:00:00,39307.36
Wind Onshore,2025-10-24 01:00:00,39026.92
Wind Onshore,2025-10-24 02:00:00,38697.7
Wind Onshore,2025-10-24 03:00:00,40005.92
Wind Onshore,2025-10-24 04:00:00,42498.41
Wind Onshore,2025-10-24 05:00:00,43270.12
Wind Onshore,2025-10-24 06:00:00,43994.38
Wind Onshore,2025-10-24 07:00:00,44182.06
Wind Onshore,2025-10-24 08:00:00,45117.74
Wind Onshore,2025-10-24 09:00:00,44800.87
Wind Onshore,2025-10-24 10:00:00,42297.22
Wind Onshore,2025-10-24 11:00:00,40684.01
Wind Onshore,2025-10-24 12:00:00,40495.2
Wind Onshore,2025-10-24 13:00:00,41756.97
Wind Onshore,2025-10-24 14:00:00,42516.8
Wind Onshore,2025-10-24 15:00:00,42661.97
Wind Onshore,2025-10-24 16:00:00,42207.29
Wind Onshore,2025-10-24 17:00:00,41055.78
Wind Onshore,2025-10-24 18:00:00,40852.67
Wind Onshore,2025-10-24 19:00:00,40632.27
Wind Onshore,2025-10-24 20:00:00,38002.57
Wind Onshore,2025-10-24 21:00:00,36899.01
Wind Onshore,2025-10-24 22:00:00,36306.15
Wind Onshore,2025-10-24 23:00:00,35591.41
Wind Onshore,2025-10-25 00:00:00,34557.98
Wind Onshore,2025-10-25 01:00:00,33980.39
Wind Onshore,2025-10-25 02:00:00,33685.38
Wind Onshore,2025-10-25 03:00:00,34668.21
Wind Onshore,2025-10-25 04:00:00,36913.33
Wind Onshore,2025-10-25 05:00:00,37539.9
Wind Onshore,2025-10-25 06:00:00,37838.16
Wind Onshore,2025-10-25 07:00:00,37927.71
Wind Onshore,2025-10-25 08:00:00,38147.78
Wind Onshore,2025-10-25 09:00:00,38404.01
Wind Onshore,2025-10-25 10:00:00,39022.85
Wind Onshore,2025-10-25 11:00:00,38640.8
Wind Onshore,2025-10-25 12:00:00,37438.51
Wind Onshore,2025-10-25 13:00:00,36942.42
Wind Onshore,2025-10-25 14:00:00,36625.57
Wind Onshore,2025-10-25 15:00:00,36698.53
Wind Onshore,2025-10-25 16:00:00,36423.1
Wind Onshore,2025-10-25 17:00:00,35460.32
Wind Onshore,2025-10-25 18:00:00,35043.81
Wind Onshore,2025-10-25 19:00:00,34167.1
Wind Onshore,2025-10-25 20:00:00,31757.64
Wind Onshore,2025-10-25 21:00:00,31459.63
Wind Onshore,2025-10-25 22:00:00,31214.49
Wind Onshore,2025-10-25 23:00:00,31314.3
Wind Onshore,2025-10-26 00:00:00,31102.28
Wind Onshore,2025-10-26 01:00:00,31842.22
Wind Onshore,2025-10-26 02:00:00,32889.07
Wind Onshore,2025-10-26 03:00:00,34424.63
Wind Onshore,2025-10-26 04:00:00,36126.06
Wind Onshore,2025-10-26 05:00:00,39024.92
Wind Onshore,2025-10-26 06:00:00,38793.05
Wind Onshore,2025-10-26 07:00:00,37608.25
Wind Onshore,2025-10-26 08:00:00,37145.84
Wind Onshore,2025-10-26 09:00:00,38535.3
Wind Onshore,2025-10-26 10:00:00,38055.83
Wind Onshore,2025-10-26 11:00:00,38005.17
Wind Onshore,2025-10-26 12:00:00,37237.11
Wind Onshore,2025-10-26 13:00:00,37458.36
Wind Onshore,2025-10-26 14:00:00,41432.95
Wind Onshore,2025-10-26 15:00:00,44375.38
Wind Onshore,2025-10-26 16:00:00,45767.64
Wind Onshore,2025-10-26 17:00:00,45596.79
Wind Onshore,2025-10-26 18:00:00,45165.97
Wind Onshore,2025-10-26 19:00:00,45152.27
Wind Onshore,2025-10-26 20:00:00,44254.77
Wind Onshore,2025-10-26 21:00:00,41983.56
Wind Onshore,2025-10-26 22:00:00,41084.85
Wind Onshore,2025-10-26 23:00:00,38597.78
Wind Onshore,2025-10-27 00:00:00,37895.85
Wind Onshore,2025-10-27 01:00:00,37000.54
Wind Onshore,2025-10-27 02:00:00,36135.69
Wind Onshore,2025-10-27 03:00:00,35718.24
Wind Onshore,2025-10-27 04:00:00,35064.5
Wind Onshore,2025-10-27 05:00:00,36847.33
Wind Onshore,2025-10-27 06:00:00,35906.42
Wind Onshore,2025-10-27 07:00:00,34251.77
Wind Onshore,2025-10-27 08:00:00,33290.35
Wind Onshore,2025-10-27 09:00:00,31962.22
Wind Onshore,2025-10-27 10:00:00,31339.31
Wind Onshore,2025-10-27 11:00:00,31394.63
Wind Onshore,2025-10-27 12:00:00,31074.52
Wind Onshore,2025-10-27 13:00:00,30770.22
Wind Onshore,2025-10-27 14:00:00,31797.12
Wind Onshore,2025-10-27 15:00:00,33508.07
Wind Onshore,2025-10-27 16:00:00,34971.44
Wind Onshore,2025-10-27 17:00:00,35710.44
Wind Onshore,2025-10-27 18:00:00,38200.83
Wind Onshore,2025-10-27 19:00:00,39293.59
Wind Onshore,2025-10-27 20:00:00,39899.61
Wind Onshore,2025-10-27 21:00:00,38473.99
Wind Onshore,2025-10-27 22:00:00,38765.77
Wind Onshore,2025-10-27 23:00:00,38428.49
Wind Onshore,2025-10-28 00:00:00,38094.82
Wind Onshore,2025-10-28 01:00:00,36509.6
Wind Onshore,2025-10-28 02:00:00,35403.43
Wind Onshore,2025-10-28 03:00:00,34622.83
Wind Onshore,2025-10-28 04:00:00,34472.17
Wind Onshore,2025-10-28 05:00:00,35027.26
Wind Onshore,2025-10-28 06:00:00,34800.97
Wind Onshore,2025-10-28 07:00:00,34384.84
Wind Onshore,2025-10-28 08:00:00,34057.31
Wind Onshore,2025-10-28 09:00:00,34921.82
Wind Onshore,2025-10-28 10:00:00,36340.3
Wind Onshore,2025-10-28 11:00:00,37777.67
Wind Onshore,2025-10-28 12:00:00,37631.33
Wind Onshore,2025-10-28 13:00:00,37497.95
Wind Onshore,2025-10-28 14:00:00,37281.8
Wind Onshore,2025-10-28 15:00:00,38045.69
Wind Onshore,2025-10-28 16:00:00,39805.8
Wind Onshore,2025-10-28 17:00:00,39061.71
Wind Onshore,2025-10-28 18:00:00,38529.87
Wind Onshore,2025-10-28 19:00:00,37492.79
Wind Onshore,2025-10-28 20:00:00,36771.87
Wind Onshore,2025-10-28 21:00:00,34723.81
Wind Onshore,2025-10-28 22:00:00,34093.07
Wind Onshore,2025-10-28 23:00:00,33619.33
Wind Onshore,2025-10-29 00:00:00,32106.37
Wind Onshore,2025-10-29 01:00:00,30895.61
Wind Onshore,2025-10-29 02:00:00,29074.77
Wind Onshore,2025-10-29 03:00:00,27086.47
Wind Onshore,2025-10-29 04:00:00,25479.48
Wind Onshore,2025-10-29 05:00:00,25169.29
Wind Onshore,2025-10-29 06:00:00,23229.76
Wind Onshore,2025-10-29 07:00:00,21146.4
Wind Onshore,2025-10-29 08:00:00,18650.52
Wind Onshore,2025-10-29 09:00:00,17760.43
Wind Onshore,2025-10-29 10:00:00,17177.24
Wind Onshore,2025-10-29 11:00:00,16774.83
Wind Onshore,2025-10-29 12:00:00,16621.03
Wind Onshore,2025-10-29 13:00:00,15861.29
Wind Onshore,2025-10-29 14:00:00,15890.67
Wind Onshore,2025-10-29 15:00:00,17286.87
Wind Onshore,2025-10-29 16:00:00,19893.78
Wind Onshore,2025-10-29 17:00:00,23070.5
Wind Onshore,2025-10-29 18:00:00,23501.22
Wind Onshore,2025-10-29 19:00:00,23177.92
Wind Onshore,2025-10-29 20:00:00,22805.4
Wind Onshore,2025-10-29 21:00:00,21987.91
Wind Onshore,2025-10-29 22:00:00,22670.22
Wind Onshore,2025-10-29 23:00:00,23987.16
Wind Onshore,2025-10-30 00:00:00,25211.87
Wind Onshore,2025-10-30 01:00:00,26335.65
Wind Onshore,2025-10-30 02:00:00,28993.97
Wind Onshore,2025-10-30 03:00:00,31638.58
Wind Onshore,2025-10-30 04:00:00,34930.27
Wind Onshore,2025-10-30 05:00:00,38672.49
Wind Onshore,2025-10-30 06:00:00,42082.66
Wind Onshore,2025-10-30 07:00:00,39342.19
Wind Onshore,2025-10-30 08:00:00,38377.9
Wind Onshore,2025-10-30 09:00:00,37770.34
Wind Onshore,2025-10-30 10:00:00,36656.18
Wind Onshore,2025-10-30 11:00:00,34320.73
Wind Onshore,2025-10-30 12:00:00,33227.79
Wind Onshore,2025-10-30 13:00:00,32456.72
Wind Onshore,2025-10-30 14:00:00,28685.18
Wind Onshore,2025-10-30 15:00:00,25168.46
Wind Onshore,2025-10-30 16:00:00,23537.43
Wind Onshore,2025-10-30 17:00:00,22071.88
Wind Onshore,2025-10-30 18:00:00,20024.27
Wind Onshore,2025-10-30 19:00:00,18384.62
Wind Onshore,2025-10-30 20:00:00,16615.36
Wind Onshore,2025-10-30 21:00:00,15071.69
Wind Onshore,2025-10-30 22:00:00,13981.91
Wind Onshore,2025-10-30 23:00:00,13166.2
Wind Onshore,2025-10-31 00:00:00,12616.41
Wind Onshore,2025-10-31 01:00:00,12779.59
Wind Onshore,2025-10-31 02:00:00,12854.04
Wind Onshore,2025-10-31 03:00:00,12245.73
Wind Onshore,2025-10-31 04:00:00,12372.49
Wind Onshore,2025-10-31 05:00:00,13378.94
Wind Onshore,2025-10-31 06:00:00,13958.4
Wind Onshore,2025-10-31 07:00:00,13924.47
Wind Onshore,2025-10-31 08:00:00,12682.87
Wind Onshore,2025-10-31 09:00:00,10485.67
Wind Onshore,2025-10-31 10:00:00,8405.36
Wind Onshore,2025-10-31 11:00:00,7350.99
Wind Onshore,2025-10-31 12:00:00,7418.02
Wind Onshore,2025-10-31 13:00:00,7806.68
Wind Onshore,2025-10-31 14:00:00,9554.16
Wind Onshore,2025-10-31 15:00:00,13101.11
Wind Onshore,2025-10-31 16:00:00,16449.98
Wind Onshore,2025-10-31 17:00:00,18227.93
Wind Onshore,2025-10-31 18:00:00,19134.21
Wind Onshore,2025-10-31 19:00:00,19272.76
Wind Onshore,2025-10-31 20:00:00,20667.25
Wind Onshore,2025-10-31 21:00:00,20619.37
Wind Onshore,2025-10-31 22:00:00,20002.1
Wind Onshore,2025-10-31 23:00:00,19528.17
Wind Onshore,2025-11-01 00:00:00,19298.33
Wind Onshore,2025-11-01 01:00:00,18940.69
Wind Onshore,2025-11-01 02:00:00,18932.88
Wind Onshore,2025-11-01 03:00:00,19431.81
Wind Onshore,2025-11-01 04:00:00,20360.01
Wind Onshore,2025-11-01 05:00:00,22434.07
Wind Onshore,2025-11-01 06:00:00,23456.13
Wind Onshore,2025-11-01 07:00:00,23986.9
Wind Onshore,2025-11-01 08:00:00,24051.13
Wind Onshore,2025-11-01 09:00:00,23129.83
Wind Onshore,2025-11-01 10:00:00,23163.44
Wind Onshore,2025-11-01 11:00:00,23501.13
Wind Onshore,2025-11-01 12:00:00,23982.85
Wind Onshore,2025-11-01 13:00:00,25203.4
Wind Onshore,2025-11-01 14:00:00,25533.87
Wind Onshore,2025-11-01 15:00:00,24285.09
Wind Onshore,2025-11-01 16:00:00,22651.32
Wind Onshore,2025-11-01 17:00:00,22710.27
Wind Onshore,2025-11-01 18:00:00,23047.6
Wind Onshore,2025-11-01 19:00:00,22554.02
Wind Onshore,2025-11-01 20:00:00,20726.29
Wind Onshore,2025-11-01 21:00:00,18431.25
Wind Onshore,2025-11-01 22:00:00,17889.37
Wind Onshore,2025-11-01 23:00:00,16714.31
Wind Onshore,2025-11-02 00:00:00,16327.93
Wind Onshore,2025-11-02 01:00:00,16470.86
Wind Onshore,2025-11-02 02:00:00,16392.87
Wind Onshore,2025-11-02 03:00:00,15893.87
Wind Onshore,2025-11-02 04:00:00,15604.18
Wind Onshore,2025-11-02 05:00:00,15732.99
Wind Onshore,2025-11-02 06:00:00,14790.87
Wind Onshore,2025-11-02 07:00:00,14175.15
Wind Onshore,2025-11-02 08:00:00,12777.49
Wind Onshore,2025-11-02 09:00:00,11035.32
Wind Onshore,2025-11-02 10:00:00,9663.38
Wind Onshore,2025-11-02 11:00:00,8811.52
Wind Onshore,2025-11-02 12:00:00,7876.99
Wind Onshore,2025-11-02 13:00:00,7228.84
Wind Onshore,2025-11-02 14:00:00,7149.37
Wind Onshore,2025-11-02 15:00:00,8342.93
Wind Onshore,2025-11-02 16:00:00,10041.4
Wind Onshore,2025-11-02 17:00:00,12095.68
Wind Onshore,2025-11-02 18:00:00,14165.46
Wind Onshore,2025-11-02 19:00:00,15238.83
Wind Onshore,2025-11-02 20:00:00,15433.58
Wind Onshore,2025-11-02 21:00:00,15647.37
Wind Onshore,2025-11-02 22:00:00,16467.01
Wind Onshore,2025-11-02 23:00:00,16838.23
Wind Onshore,2025-11-03 00:00:00,17988.05
Wind Onshore,2025-11-03 01:00:00,18641.7
Wind Onshore,2025-11-03 02:00:00,18597.35
Wind Onshore,2025-11-03 03:00:00,18556.9
Wind Onshore,2025-11-03 04:00:00,18970.16
Wind Onshore,2025-11-03 05:00:00,19946.77
Wind Onshore,2025-11-03 06:00:00,20354.12
Wind Onshore,2025-11-03 07:00:00,19189.33
Wind Onshore,2025-11-03 08:00:00,18053.95
Wind Onshore,2025-11-03 09:00:00,17994.52
Wind Onshore,2025-11-03 10:00:00,19193.18
Wind Onshore,2025-11-03 11:00:00,20841.99
Wind Onshore,2025-11-03 12:00:00,21983.0
Wind Onshore,2025-11-03 13:00:00,21964.93
Wind Onshore,2025-11-03 14:00:00,22534.07
Wind Onshore,2025-11-03 15:00:00,23928.03
Wind Onshore,2025-11-03 16:00:00,26144.59
Wind Onshore,2025-11-03 17:00:00,28456.42
Wind Onshore,2025-11-03 18:00:00,29713.08
Wind Onshore,2025-11-03 19:00:00,29759.41
Wind Onshore,2025-11-03 20:00:00,28890.76
Wind Onshore,2025-11-03 21:00:00,26421.67
Wind Onshore,2025-11-03 22:00:00,25605.5
Wind Onshore,2025-11-03 23:00:00,24472.96
Wind Onshore,2025-11-04 00:00:00,23318.64
Wind Onshore,2025-11-04 01:00:00,22364.62
Wind Onshore,2025-11-04 02:00:00,21442.13
Wind Onshore,2025-11-04 03:00:00,21059.04
Wind Onshore,2025-11-04 04:00:00,20963.11
Wind Onshore,2025-11-04 05:00:00,20681.15
Wind Onshore,2025-11-04 06:00:00,19413.4
Wind Onshore,2025-11-04 07:00:00,18194.38
Wind Onshore,2025-11-04 08:00:00,16321.29
Wind Onshore,2025-11-04 09:00:00,14687.71
Wind Onshore,2025-11-04 10:00:00,13669.37
Wind Onshore,2025-11-04 11:00:00,13368.26
Wind Onshore,2025-11-04 12:00:00,12926.02
Wind Onshore,2025-11-04 13:00:00,12196.54
Wind Onshore,2025-11-04 14:00:00,12265.19
Wind Onshore,2025-11-04 15:00:00,14167.52
Wind Onshore,2025-11-04 16:00:00,17673.34
Wind Onshore,2025-11-04 17:00:00,20440.03
Wind Onshore,2025-11-04 18:00:00,21963.26
Wind Onshore,2025-11-04 19:00:00,23088.36
Wind Onshore,2025-11-04 20:00:00,23263.55
Wind Onshore,2025-11-04 21:00:00,22503.0
Wind Onshore,2025-11-04 22:00:00,22361.75
Wind Onshore,2025-11-04 23:00:00,22304.04
Wind Onshore,2025-11-05 00:00:00,21175.77
Wind Onshore,2025-11-05 01:00:00,20424.78
Wind Onshore,2025-11-05 02:00:00,19948.99
Wind Onshore,2025-11-05 03:00:00,20115.6
Wind Onshore,2025-11-05 04:00:00,20543.49
Wind Onshore,2025-11-05 05:00:00,21476.5
Wind Onshore,2025-11-05 06:00:00,20882.32
Wind Onshore,2025-11-05 07:00:00,19196.65
Wind Onshore,2025-11-05 08:00:00,16181.86
Wind Onshore,2025-11-05 09:00:00,12275.31
Wind Onshore,2025-11-05 10:00:00,9378.06
Wind Onshore,2025-11-05 11:00:00,7396.08
Wind Onshore,2025-11-05 12:00:00,6096.98
Wind Onshore,2025-11-05 13:00:00,5421.82
Wind Onshore,2025-11-05 14:00:00,6282.71
Wind Onshore,2025-11-05 15:00:00,9040.83
Wind Onshore,2025-11-05 16:00:00,12329.09
Wind Onshore,2025-11-05 17:00:00,14560.06
Wind Onshore,2025-11-05 18:00:00,15559.34
Wind Onshore,2025-11-05 19:00:00,15305.91
Wind Onshore,2025-11-05 20:00:00,15571.66
Wind Onshore,2025-11-05 21:00:00,15056.97
Wind Onshore,2025-11-05 22:00:00,14720.54
Wind Onshore,2025-11-05 23:00:00,14914.36
Wind Onshore,2025-11-06 00:00:00,14531.36
Wind Onshore,2025-11-06 01:00:00,14313.06
Wind Onshore,2025-11-06 02:00:00,13429.77
Wind Onshore,2025-11-06 03:00:00,12639.24
Wind Onshore,2025-11-06 04:00:00,11718.0
Wind Onshore,2025-11-06 05:00:00,11599.97
Wind Onshore,2025-11-06 06:00:00,11709.24
Wind Onshore,2025-11-06 07:00:00,10693.61
Wind Onshore,2025-11-06 08:00:00,8297.72
Wind Onshore,2025-11-06 09:00:00,5297.55
Wind Onshore,2025-11-06 10:00:00,3840.79
Wind Onshore,2025-11-06 11:00:00,3137.08
Wind Onshore,2025-11-06 12:00:00,3044.19
Wind Onshore,2025-11-06 13:00:00,3371.76
Wind Onshore,2025-11-06 14:00:00,4158.62
Wind Onshore,2025-11-06 15:00:00,7096.61
Wind Onshore,2025-11-06 16:00:00,10655.26
Wind Onshore,2025-11-06 17:00:00,12902.67
Wind Onshore,2025-11-06 18:00:00,13827.69
Wind Onshore,2025-11-06 19:00:00,13716.25
Wind Onshore,2025-11-06 20:00:00,12988.19
Wind Onshore,2025-11-06 21:00:00,12229.86
Wind Onshore,2025-11-06 22:00:00,11651.45
Wind Onshore,2025-11-06 23:00:00,10864.32
Wind Onshore,2025-11-07 00:00:00,10211.94
Wind Onshore,2025-11-07 01:00:00,9884.17
Wind Onshore,2025-11-07 02:00:00,9301.16
Wind Onshore,2025-11-07 03:00:00,8396.69
Wind Onshore,2025-11-07 04:00:00,7913.68
Wind Onshore,2025-11-07 05:00:00,7509.3
Wind Onshore,2025-11-07 06:00:00,7245.74
Wind Onshore,2025-11-07 07:00:00,6074.06
Wind Onshore,2025-11-07 08:00:00,4503.52
Wind Onshore,2025-11-07 09:00:00,2969.78
Wind Onshore,2025-11-07 10:00:00,2259.3
Wind Onshore,2025-11-07 11:00:00,1765.68
Wind Onshore,2025-11-07 12:00:00,1497.11
Wind Onshore,2025-11-07 13:00:00,1372.22
Wind Onshore,2025-11-07 14:00:00,1229.2
Wind Onshore,2025-11-07 15:00:00,1437.22
Wind Onshore,2025-11-07 16:00:00,1720.11
Wind Onshore,2025-11-07 17:00:00,2049.48
Wind Onshore,2025-11-07 18:00:00,2317.07
Wind Onshore,2025-11-07 19:00:00,2504.63
Wind Onshore,2025-11-07 20:00:00,2483.36
Wind Onshore,2025-11-07 21:00:00,2294.78
Wind Onshore,2025-11-07 22:00:00,2085.99
Wind Onshore,2025-11-07 23:00:00,1886.7
Wind Onshore,2025-11-08 00:00:00,1800.47
Wind Onshore,2025-11-08 01:00:00,1860.11
Wind Onshore,2025-11-08 02:00:00,1851.42
Wind Onshore,2025-11-08 03:00:00,1734.18
Wind Onshore,2025-11-08 04:00:00,1568.85
Wind Onshore,2025-11-08 05:00:00,1582.73
Wind Onshore,2025-11-08 06:00:00,1600.54
Wind Onshore,2025-11-08 07:00:00,1415.8
Wind Onshore,2025-11-08 08:00:00,1051.71
Wind Onshore,2025-11-08 09:00:00,602.45
Wind Onshore,2025-11-08 10:00:00,416.89
Wind Onshore,2025-11-08 11:00:00,370.42
Wind Onshore,2025-11-08 12:00:00,377.82
Wind Onshore,2025-11-08 13:00:00,399.84
Wind Onshore,2025-11-08 14:00:00,420.88
Wind Onshore,2025-11-08 15:00:00,520.68
Wind Onshore,2025-11-08 16:00:00,763.33
Wind Onshore,2025-11-08 17:00:00,1049.06
Wind Onshore,2025-11-08 18:00:00,1212.56
Wind Onshore,2025-11-08 19:00:00,1486.28
Wind Onshore,2025-11-08 20:00:00,1763.59
Wind Onshore,2025-11-08 21:00:00,1864.3
Wind Onshore,2025-11-08 22:00:00,1722.11
Wind Onshore,2025-11-08 23:00:00,1611.05
Wind Onshore,2025-11-09 00:00:00,1573.03
Wind Onshore,2025-11-09 01:00:00,1644.55
Wind Onshore,2025-11-09 02:00:00,1825.62
Wind Onshore,2025-11-09 03:00:00,1986.32
Wind Onshore,2025-11-09 04:00:00,2101.58
Wind Onshore,2025-11-09 05:00:00,2116.73
Wind Onshore,2025-11-09 06:00:00,2098.88
Wind Onshore,2025-11-09 07:00:00,2046.23
Wind Onshore,2025-11-09 08:00:00,1943.08
Wind Onshore,2025-11-09 09:00:00,1753.54
Wind Onshore,2025-11-09 10:00:00,1551.71
Wind Onshore,2025-11-09 11:00:00,1530.01
Wind Onshore,2025-11-09 12:00:00,1653.54
Wind Onshore,2025-11-09 13:00:00,1753.58
Wind Onshore,2025-11-09 14:00:00,1525.89
Wind Onshore,2025-11-09 15:00:00,1640.38
Wind Onshore,2025-11-09 16:00:00,1932.66
Wind Onshore,2025-11-09 17:00:00,2410.51
Wind Onshore,2025-11-09 18:00:00,3031.27
Wind Onshore,2025-11-09 19:00:00,3249.38
Wind Onshore,2025-11-09 20:00:00,3094.26
Wind Onshore,2025-11-09 21:00:00,3033.77
Wind Onshore,2025-11-09 22:00:00,3000.19
Wind Onshore,2025-11-09 23:00:00,2971.09
Wind Onshore,2025-11-10 00:00:00,2888.67
Wind Onshore,2025-11-10 01:00:00,3023.01
Wind Onshore,2025-11-10 02:00:00,3174.86
Wind Onshore,2025-11-10 03:00:00,3042.7
Wind Onshore,2025-11-10 04:00:00,2874.05
Wind Onshore,2025-11-10 05:00:00,2804.04
Wind Onshore,2025-11-10 06:00:00,2780.86
Wind Onshore,2025-11-10 07:00:00,2785.25
Wind Onshore,2025-11-10 08:00:00,2607.09
Wind Onshore,2025-11-10 09:00:00,2297.5
Wind Onshore,2025-11-10 10:00:00,2143.46
Wind Onshore,2025-11-10 11:00:00,2185.8
Wind Onshore,2025-11-10 12:00:00,2512.7
Wind Onshore,2025-11-10 13:00:00,2901.12
Wind Onshore,2025-11-10 14:00:00,3423.78
Wind Onshore,2025-11-10 15:00:00,5075.49
Wind Onshore,2025-11-10 16:00:00,6863.35
Wind Onshore,2025-11-10 17:00:00,8799.14
Wind Onshore,2025-11-10 18:00:00,10365.46
Wind Onshore,2025-11-10 19:00:00,11351.63
Wind Onshore,2025-11-10 20:00:00,12288.26
Wind Onshore,2025-11-10 21:00:00,12910.69
Wind Onshore,2025-11-10 22:00:00,13939.17
Wind Onshore,2025-11-10 23:00:00,14668.78
Wind Onshore,2025-11-11 00:00:00,15102.58
Wind Onshore,2025-11-11 01:00:00,15514.83
Wind Onshore,2025-11-11 02:00:00,15925.08
Wind Onshore,2025-11-11 03:00:00,16310.43
Wind Onshore,2025-11-11 04:00:00,16282.13
Wind Onshore,2025-11-11 05:00:00,16558.81
Wind Onshore,2025-11-11 06:00:00,15676.38
Wind Onshore,2025-11-11 07:00:00,15147.07
Wind Onshore,2025-11-11 08:00:00,14411.49
Wind Onshore,2025-11-11 09:00:00,13221.12
Wind Onshore,2025-11-11 10:00:00,12815.04
Wind Onshore,2025-11-11 11:00:00,11756.85
Wind Onshore,2025-11-11 12:00:00,10144.4
Wind Onshore,2025-11-11 13:00:00,9032.54
Wind Onshore,2025-11-11 14:00:00,7994.41
Wind Onshore,2025-11-11 15:00:00,8773.65
Wind Onshore,2025-11-11 16:00:00,9882.66
Wind Onshore,2025-11-11 17:00:00,11147.89
Wind Onshore,2025-11-11 18:00:00,12991.7
Wind Onshore,2025-11-11 19:00:00,14098.88
Wind Onshore,2025-11-11 20:00:00,14588.09
Wind Onshore,2025-11-11 21:00:00,14895.22
Wind Onshore,2025-11-11 22:00:00,15500.1
Wind Onshore,2025-11-11 23:00:00,15983.55
Wind Onshore,2025-11-12 00:00:00,15887.32
Wind Onshore,2025-11-12 01:00:00,15927.85
Wind Onshore,2025-11-12 02:00:00,16497.84
Wind Onshore,2025-11-12 03:00:00,17463.36
Wind Onshore,2025-11-12 04:00:00,18272.76
Wind Onshore,2025-11-12 05:00:00,20171.72
Wind Onshore,2025-11-12 06:00:00,21431.31
Wind Onshore,2025-11-12 07:00:00,21359.8
Wind Onshore,2025-11-12 08:00:00,20778.5
Wind Onshore,2025-11-12 09:00:00,18559.27
Wind Onshore,2025-11-12 10:00:00,16072.1
Wind Onshore,2025-11-12 11:00:00,14645.8
Wind Onshore,2025-11-12 12:00:00,14038.39
Wind Onshore,2025-11-12 13:00:00,14174.44
Wind Onshore,2025-11-12 14:00:00,17079.27
Wind Onshore,2025-11-12 15:00:00,21773.62
Wind Onshore,2025-11-12 16:00:00,25562.5
Wind Onshore,2025-11-12 17:00:00,27971.11
Wind Onshore,2025-11-12 18:00:00,28839.04
Wind Onshore,2025-11-12 19:00:00,29524.51
Wind Onshore,2025-11-12 20:00:00,29649.07
Wind Onshore,2025-11-12 21:00:00,28162.28
Wind Onshore,2025-11-12 22:00:00,28749.9
Wind Onshore,2025-11-12 23:00:00,29455.7
Wind Onshore,2025-11-13 00:00:00,29202.82
Wind Onshore,2025-11-13 01:00:00,29149.15
Wind Onshore,2025-11-13 02:00:00,28607.13
Wind Onshore,2025-11-13 03:00:00,29017.56
Wind Onshore,2025-11-13 04:00:00,29551.44
Wind Onshore,2025-11-13 05:00:00,32509.57
Wind Onshore,2025-11-13 06:00:00,33289.51
Wind Onshore,2025-11-13 07:00:00,32449.18
Wind Onshore,2025-11-13 08:00:00,31445.55
Wind Onshore,2025-11-13 09:00:00,30449.76
Wind Onshore,2025-11-13 10:00:00,29168.13
Wind Onshore,2025-11-13 11:00:00,27277.5
Wind Onshore,2025-11-13 12:00:00,25515.59
Wind Onshore,2025-11-13 13:00:00,24075.29
Wind Onshore,2025-11-13 14:00:00,23558.64
Wind Onshore,2025-11-13 15:00:00,24728.66
Wind Onshore,2025-11-13 16:00:00,24856.02
Wind Onshore,2025-11-13 17:00:00,24474.58
Wind Onshore,2025-11-13 18:00:00,22019.5
Wind Onshore,2025-11-13 19:00:00,19639.14
Wind Onshore,2025-11-13 20:00:00,16523.48
Wind Onshore,2025-11-13 21:00:00,13034.0
Wind Onshore,2025-11-13 22:00:00,11082.77
Wind Onshore,2025-11-13 23:00:00,9456.01
Wind Onshore,2025-11-14 00:00:00,8416.17
Wind Onshore,2025-11-14 01:00:00,7717.86
Wind Onshore,2025-11-14 02:00:00,7700.33
Wind Onshore,2025-11-14 03:00:00,7760.03
Wind Onshore,2025-11-14 04:00:00,8341.58
Wind Onshore,2025-11-14 05:00:00,9120.04
Wind Onshore,2025-11-14 06:00:00,10608.15
Wind Onshore,2025-11-14 07:00:00,12608.91
Wind Onshore,2025-11-14 08:00:00,13290.96
Wind Onshore,2025-11-14 09:00:00,12703.52
Wind Onshore,2025-11-14 10:00:00,12329.6
Wind Onshore,2025-11-14 11:00:00,12035.05
Wind Onshore,2025-11-14 12:00:00,11925.21
Wind Onshore,2025-11-14 13:00:00,11881.1
Wind Onshore,2025-11-14 14:00:00,12334.73
Wind Onshore,2025-11-14 15:00:00,11810.21
Wind Onshore,2025-11-14 16:00:00,11702.69
Wind Onshore,2025-11-14 17:00:00,11802.12
Wind Onshore,2025-11-14 18:00:00,12283.83
Wind Onshore,2025-11-14 19:00:00,12366.1
Wind Onshore,2025-11-14 20:00:00,13329.14
Wind Onshore,2025-11-14 21:00:00,14396.34
Wind Onshore,2025-11-14 22:00:00,15224.68
Wind Onshore,2025-11-14 23:00:00,15094.64
Wind Onshore,2025-11-15 00:00:00,15008.18
Wind Onshore,2025-11-15 01:00:00,16271.55
Wind Onshore,2025-11-15 02:00:00,17500.19
Wind Onshore,2025-11-15 03:00:00,19385.42
Wind Onshore,2025-11-15 04:00:00,20291.09
Wind Onshore,2025-11-15 05:00:00,21168.33
Wind Onshore,2025-11-15 06:00:00,21801.12
Wind Onshore,2025-11-15 07:00:00,22002.07
Wind Onshore,2025-11-15 08:00:00,21980.96
Wind Onshore,2025-11-15 09:00:00,21533.98
Wind Onshore,2025-11-15 10:00:00,21060.76
Wind Onshore,2025-11-15 11:00:00,20517.48
Wind Onshore,2025-11-15 12:00:00,18840.57
Wind Onshore,2025-11-15 13:00:00,16876.3
Wind Onshore,2025-11-15 14:00:00,15824.04
Wind Onshore,2025-11-15 15:00:00,15554.13
Wind Onshore,2025-11-15 16:00:00,16408.65
Wind Onshore,2025-11-15 17:00:00,17379.87
Wind Onshore,2025-11-15 18:00:00,17463.79
Wind Onshore,2025-11-15 19:00:00,16753.62
Wind Onshore,2025-11-15 20:00:00,14643.05
Wind Onshore,2025-11-15 21:00:00,12455.71
Wind Onshore,2025-11-15 22:00:00,10560.84
Wind Onshore,2025-11-15 23:00:00,9505.22
Wind Onshore,2025-11-16 00:00:00,8701.15
Wind Onshore,2025-11-16 01:00:00,8141.84
Wind Onshore,2025-11-16 02:00:00,7241.91
Wind Onshore,2025-11-16 03:00:00,7138.54
Wind Onshore,2025-11-16 04:00:00,7241.45
Wind Onshore,2025-11-16 05:00:00,7631.64
Wind Onshore,2025-11-16 06:00:00,7711.32
Wind Onshore,2025-11-16 07:00:00,7493.34
Wind Onshore,2025-11-16 08:00:00,6587.0
Wind Onshore,2025-11-16 09:00:00,4879.12
Wind Onshore,2025-11-16 10:00:00,4038.06
Wind Onshore,2025-11-16 11:00:00,4064.56
Wind Onshore,2025-11-16 12:00:00,4318.52
Wind Onshore,2025-11-16 13:00:00,4284.12
Wind Onshore,2025-11-16 14:00:00,4460.92
Wind Onshore,2025-11-16 15:00:00,5010.34
Wind Onshore,2025-11-16 16:00:00,5589.62
Wind Onshore,2025-11-16 17:00:00,6144.36
Wind Onshore,2025-11-16 18:00:00,7277.55
Wind Onshore,2025-11-16 19:00:00,8381.92
Wind Onshore,2025-11-16 20:00:00,9229.17
Wind Onshore,2025-11-16 21:00:00,9680.53
Wind Onshore,2025-11-16 22:00:00,9813.0
Wind Onshore,2025-11-16 23:00:00,10228.97
Wind Onshore,2025-11-17 00:00:00,10595.61
Wind Onshore,2025-11-17 01:00:00,11315.36
Wind Onshore,2025-11-17 02:00:00,12709.03
Wind Onshore,2025-11-17 03:00:00,13032.41
Wind Onshore,2025-11-17 04:00:00,12728.21
Wind Onshore,2025-11-17 05:00:00,12415.74
Wind Onshore,2025-11-17 06:00:00,12554.44
Wind Onshore,2025-11-17 07:00:00,12043.98
Wind Onshore,2025-11-17 08:00:00,11494.47
Wind Onshore,2025-11-17 09:00:00,11714.22
Wind Onshore,2025-11-17 10:00:00,13258.87
Wind Onshore,2025-11-17 11:00:00,15186.59
Wind Onshore,2025-11-17 12:00:00,17564.57
Wind Onshore,2025-11-17 13:00:00,18719.03
Wind Onshore,2025-11-17 14:00:00,17182.59
Wind Onshore,2025-11-17 15:00:00,16569.66
Wind Onshore,2025-11-17 16:00:00,16559.71
Wind Onshore,2025-11-17 17:00:00,16863.82
Wind Onshore,2025-11-17 18:00:00,17264.56
Wind Onshore,2025-11-17 19:00:00,18524.41
Wind Onshore,2025-11-17 20:00:00,19502.32
Wind Onshore,2025-11-17 21:00:00,18441.99
Wind Onshore,2025-11-17 22:00:00,19120.87
Wind Onshore,2025-11-17 23:00:00,20341.71
Wind Onshore,2025-11-18 00:00:00,20836.89
Wind Onshore,2025-11-18 01:00:00,20956.75
Wind Onshore,2025-11-18 02:00:00,21532.08
Wind Onshore,2025-11-18 03:00:00,21812.96
Wind Onshore,2025-11-18 04:00:00,21197.6
Wind Onshore,2025-11-18 05:00:00,21236.5
Wind Onshore,2025-11-18 06:00:00,20899.99
Wind Onshore,2025-11-18 07:00:00,20671.14
Wind Onshore,2025-11-18 08:00:00,19315.22
Wind Onshore,2025-11-18 09:00:00,18356.18
Wind Onshore,2025-11-18 10:00:00,18741.8
Wind Onshore,2025-11-18 11:00:00,18670.61
Wind Onshore,2025-11-18 12:00:00,18949.33
Wind Onshore,2025-11-18 13:00:00,18382.14
Wind Onshore,2025-11-18 14:00:00,18152.93
Wind Onshore,2025-11-18 15:00:00,18981.24
Wind Onshore,2025-11-18 16:00:00,20137.55
Wind Onshore,2025-11-18 17:00:00,21700.85
Wind Onshore,2025-11-18 18:00:00,21757.37
Wind Onshore,2025-11-18 19:00:00,22056.32
Wind Onshore,2025-11-18 20:00:00,21977.61
Wind Onshore,2025-11-18 21:00:00,20861.18
Wind Onshore,2025-11-18 22:00:00,20658.45
Wind Onshore,2025-11-18 23:00:00,20203.1
Wind Onshore,2025-11-19 00:00:00,19818.06
Wind Onshore,2025-11-19 01:00:00,19100.06
Wind Onshore,2025-11-19 02:00:00,18372.14
Wind Onshore,2025-11-19 03:00:00,17374.02
Wind Onshore,2025-11-19 04:00:00,16931.61
Wind Onshore,2025-11-19 05:00:00,17458.52
Wind Onshore,2025-11-19 06:00:00,16979.04
Wind Onshore,2025-11-19 07:00:00,16625.49
Wind Onshore,2025-11-19 08:00:00,15617.51
Wind Onshore,2025-11-19 09:00:00,14678.04
Wind Onshore,2025-11-19 10:00:00,13933.35
Wind Onshore,2025-11-19 11:00:00,13457.83
Wind Onshore,2025-11-19 12:00:00,13377.34
Wind Onshore,2025-11-19 13:00:00,13369.1
Wind Onshore,2025-11-19 14:00:00,13369.71
Wind Onshore,2025-11-19 15:00:00,14224.92
Wind Onshore,2025-11-19 16:00:00,14833.27
Wind Onshore,2025-11-19 17:00:00,15163.17
Wind Onshore,2025-11-19 18:00:00,14569.26
Wind Onshore,2025-11-19 19:00:00,14160.33
Wind Onshore,2025-11-19 20:00:00,13603.27
Wind Onshore,2025-11-19 21:00:00,13159.94
Wind Onshore,2025-11-19 22:00:00,13620.88
Wind Onshore,2025-11-19 23:00:00,14052.19
Wind Onshore,2025-11-20 00:00:00,14389.83
Wind Onshore,2025-11-20 01:00:00,14619.55
Wind Onshore,2025-11-20 02:00:00,14771.93
Wind Onshore,2025-11-20 03:00:00,15485.45
Wind Onshore,2025-11-20 04:00:00,16041.46
Wind Onshore,2025-11-20 05:00:00,16156.65
Wind Onshore,2025-11-20 06:00:00,15471.94
Wind Onshore,2025-11-20 07:00:00,14588.03
Wind Onshore,2025-11-20 08:00:00,13432.99
Wind Onshore,2025-11-20 09:00:00,12672.55
Wind Onshore,2025-11-20 10:00:00,12224.18
Wind Onshore,2025-11-20 11:00:00,11959.75
Wind Onshore,2025-11-20 12:00:00,11735.9
Wind Onshore,2025-11-20 13:00:00,11440.35
Wind Onshore,2025-11-20 14:00:00,10500.16
Wind Onshore,2025-11-20 15:00:00,10520.66
Wind Onshore,2025-11-20 16:00:00,10401.59
Wind Onshore,2025-11-20 17:00:00,9379.74
Wind Onshore,2025-11-20 18:00:00,8589.32
Wind Onshore,2025-11-20 19:00:00,7966.17
Wind Onshore,2025-11-20 20:00:00,7274.94
Wind Onshore,2025-11-20 21:00:00,6459.25
Wind Onshore,2025-11-20 22:00:00,6003.93
Wind Onshore,2025-11-20 23:00:00,5712.24
Wind Onshore,2025-11-21 00:00:00,5517.33
Wind Onshore,2025-11-21 01:00:00,5095.79
Wind Onshore,2025-11-21 02:00:00,4843.5
Wind Onshore,2025-11-21 03:00:00,4941.9
Wind Onshore,2025-11-21 04:00:00,4979.27
Wind Onshore,2025-11-21 05:00:00,5325.12
Wind Onshore,2025-11-21 06:00:00,5742.68
Wind Onshore,2025-11-21 07:00:00,5214.0
Wind Onshore,2025-11-21 08:00:00,4321.37
Wind Onshore,2025-11-21 09:00:00,3402.25
Wind Onshore,2025-11-21 10:00:00,2894.44
Wind Onshore,2025-11-21 11:00:00,2970.89
Wind Onshore,2025-11-21 12:00:00,3144.93
Wind Onshore,2025-11-21 13:00:00,2920.74
Wind Onshore,2025-11-21 14:00:00,3052.04
Wind Onshore,2025-11-21 15:00:00,4176.88
Wind Onshore,2025-11-21 16:00:00,5687.62
Wind Onshore,2025-11-21 17:00:00,6511.68
Wind Onshore,2025-11-21 18:00:00,7097.13
Wind Onshore,2025-11-21 19:00:00,7401.79
Wind Onshore,2025-11-21 20:00:00,7689.1
Wind Onshore,2025-11-21 21:00:00,8269.57
Wind Onshore,2025-11-21 22:00:00,8696.29
Wind Onshore,2025-11-21 23:00:00,9320.71
Wind Onshore,2025-11-22 00:00:00,10072.77
Wind Onshore,2025-11-22 01:00:00,10870.26
Wind Onshore,2025-11-22 02:00:00,10853.25
Wind Onshore,2025-11-22 03:00:00,10744.0
Wind Onshore,2025-11-22 04:00:00,10861.5
Wind Onshore,2025-11-22 05:00:00,11015.54
Wind Onshore,2025-11-22 06:00:00,11466.71
Wind Onshore,2025-11-22 07:00:00,11984.58
Wind Onshore,2025-11-22 08:00:00,11316.55
Wind Onshore,2025-11-22 09:00:00,10509.93
Wind Onshore,2025-11-22 10:00:00,9541.78
Wind Onshore,2025-11-22 11:00:00,9224.8
Wind Onshore,2025-11-22 12:00:00,9267.07
Wind Onshore,2025-11-22 13:00:00,9504.33
Wind Onshore,2025-11-22 14:00:00,10859.36
Wind Onshore,2025-11-22 15:00:00,14476.56
Wind Onshore,2025-11-22 16:00:00,17196.72
Wind Onshore,2025-11-22 17:00:00,19078.62
Wind Onshore,2025-11-22 18:00:00,20778.14
Wind Onshore,2025-11-22 19:00:00,21431.12
Wind Onshore,2025-11-22 20:00:00,21243.36
Wind Onshore,2025-11-22 21:00:00,19932.36
Wind Onshore,2025-11-22 22:00:00,19791.76
Wind Onshore,2025-11-22 23:00:00,19354.21
Wind Onshore,2025-11-23 00:00:00,18679.28
Wind Onshore,2025-11-23 01:00:00,18531.66
Wind Onshore,2025-11-23 02:00:00,18499.23
Wind Onshore,2025-11-23 03:00:00,18829.78
Wind Onshore,2025-11-23 04:00:00,19427.95
Wind Onshore,2025-11-23 05:00:00,20615.13
Wind Onshore,2025-11-23 06:00:00,20883.0
Wind Onshore,2025-11-23 07:00:00,20792.41
Wind Onshore,2025-11-23 08:00:00,19386.71
Wind Onshore,2025-11-23 09:00:00,18528.21
Wind Onshore,2025-11-23 10:00:00,17461.14
Wind Onshore,2025-11-23 11:00:00,17777.6
Wind Onshore,2025-11-23 12:00:00,19398.85
Wind Onshore,2025-11-23 13:00:00,21846.89
Wind Onshore,2025-11-23 14:00:00,25714.94
Wind Onshore,2025-11-23 15:00:00,29790.04
Wind Onshore,2025-11-23 16:00:00,32498.07
Wind Onshore,2025-11-23 17:00:00,32416.49
Wind Onshore,2025-11-23 18:00:00,30800.87
Wind Onshore,2025-11-23 19:00:00,29599.76
Wind Onshore,2025-11-23 20:00:00,27753.96
Wind Onshore,2025-11-23 21:00:00,24900.32
Wind Onshore,2025-11-23 22:00:00,23074.0
Wind Onshore,2025-11-23 23:00:00,21621.94
Wind Onshore,2025-11-24 00:00:00,20048.14
Wind Onshore,2025-11-24 01:00:00,18888.79
Wind Onshore,2025-11-24 02:00:00,18276.17
Wind Onshore,2025-11-24 03:00:00,18418.88
Wind Onshore,2025-11-24 04:00:00,18782.42
Wind Onshore,2025-11-24 05:00:00,19152.7
Wind Onshore,2025-11-24 06:00:00,19003.99
Wind Onshore,2025-11-24 07:00:00,17929.95
Wind Onshore,2025-11-24 08:00:00,17027.51
Wind Onshore,2025-11-24 09:00:00,15600.62
Wind Onshore,2025-11-24 10:00:00,13523.55
Wind Onshore,2025-11-24 11:00:00,12122.35
Wind Onshore,2025-11-24 12:00:00,10706.47
Wind Onshore,2025-11-24 13:00:00,10010.51
Wind Onshore,2025-11-24 14:00:00,9976.73
Wind Onshore,2025-11-24 15:00:00,10359.18
Wind Onshore,2025-11-24 16:00:00,10389.99
Wind Onshore,2025-11-24 17:00:00,10231.38
Wind Onshore,2025-11-24 18:00:00,9992.15
Wind Onshore,2025-11-24 19:00:00,9323.56
Wind Onshore,2025-11-24 20:00:00,8685.54
Wind Onshore,2025-11-24 21:00:00,7511.95
Wind Onshore,2025-11-24 22:00:00,6450.44
Wind Onshore,2025-11-24 23:00:00,5881.65
Wind Onshore,2025-11-25 00:00:00,5240.4
Wind Onshore,2025-11-25 01:00:00,4174.89
Wind Onshore,2025-11-25 02:00:00,3384.34
Wind Onshore,2025-11-25 03:00:00,2726.68
Wind Onshore,2025-11-25 04:00:00,2056.8
Wind Onshore,2025-11-25 05:00:00,1724.17
Wind Onshore,2025-11-25 06:00:00,1602.25
Wind Onshore,2025-11-25 07:00:00,1412.27
Wind Onshore,2025-11-25 08:00:00,1079.69
Wind Onshore,2025-11-25 09:00:00,861.86
Wind Onshore,2025-11-25 10:00:00,818.46
Wind Onshore,2025-11-25 11:00:00,783.13
Wind Onshore,2025-11-25 12:00:00,743.47
Wind Onshore,2025-11-25 13:00:00,941.25
Wind Onshore,2025-11-25 14:00:00,1638.65
Wind Onshore,2025-11-25 15:00:00,2553.55
Wind Onshore,2025-11-25 16:00:00,3380.85
Wind Onshore,2025-11-25 17:00:00,3801.75
Wind Onshore,2025-11-25 18:00:00,3828.69
Wind Onshore,2025-11-25 19:00:00,3853.33
Wind Onshore,2025-11-25 20:00:00,4003.65
Wind Onshore,2025-11-25 21:00:00,4218.41
Wind Onshore,2025-11-25 22:00:00,4468.4
Wind Onshore,2025-11-25 23:00:00,4959.15
Wind Onshore,2025-11-26 00:00:00,5371.59
Wind Onshore,2025-11-26 01:00:00,5457.0
Wind Onshore,2025-11-26 02:00:00,5615.63
Wind Onshore,2025-11-26 03:00:00,6055.55
Wind Onshore,2025-11-26 04:00:00,6234.27
Wind Onshore,2025-11-26 05:00:00,6166.72
Wind Onshore,2025-11-26 06:00:00,6046.15
Wind Onshore,2025-11-26 07:00:00,5999.51
Wind Onshore,2025-11-26 08:00:00,5538.96
Wind Onshore,2025-11-26 09:00:00,4776.75
Wind Onshore,2025-11-26 10:00:00,4067.72
Wind Onshore,2025-11-26 11:00:00,3701.08
Wind Onshore,2025-11-26 12:00:00,3816.98
Wind Onshore,2025-11-26 13:00:00,3964.37
Wind Onshore,2025-11-26 14:00:00,4514.29
Wind Onshore,2025-11-26 15:00:00,5302.04
Wind Onshore,2025-11-26 16:00:00,5538.11
Wind Onshore,2025-11-26 17:00:00,5453.26
Wind Onshore,2025-11-26 18:00:00,5614.66
Wind Onshore,2025-11-26 19:00:00,6202.79
Wind Onshore,2025-11-26 20:00:00,6537.92
Wind Onshore,2025-11-26 21:00:00,7067.77
Wind Onshore,2025-11-26 22:00:00,7538.07
Wind Onshore,2025-11-26 23:00:00,8848.88
Wind Onshore,2025-11-27 00:00:00,10079.47
Wind Onshore,2025-11-27 01:00:00,11305.57
Wind Onshore,2025-11-27 02:00:00,12588.05
Wind Onshore,2025-11-27 03:00:00,14448.75
Wind Onshore,2025-11-27 04:00:00,16681.19
Wind Onshore,2025-11-27 05:00:00,19229.18
Wind Onshore,2025-11-27 06:00:00,20385.93
Wind Onshore,2025-11-27 07:00:00,21665.04
Wind Onshore,2025-11-27 08:00:00,22119.49
Wind Onshore,2025-11-27 09:00:00,22571.89
Wind Onshore,2025-11-27 10:00:00,23867.9
Wind Onshore,2025-11-27 11:00:00,24979.47
Wind Onshore,2025-11-27 12:00:00,25796.29
Wind Onshore,2025-11-27 13:00:00,26712.85
Wind Onshore,2025-11-27 14:00:00,27967.2
Wind Onshore,2025-11-27 15:00:00,29328.8
Wind Onshore,2025-11-27 16:00:00,30160.27
Wind Onshore,2025-11-27 17:00:00,30526.35
Wind Onshore,2025-11-27 18:00:00,30281.75
Wind Onshore,2025-11-27 19:00:00,29846.53
Wind Onshore,2025-11-27 20:00:00,29574.52
Wind Onshore,2025-11-27 21:00:00,28027.19
Wind Onshore,2025-11-27 22:00:00,27739.35
Wind Onshore,2025-11-27 23:00:00,27498.41
Wind Onshore,2025-11-28 00:00:00,26756.42
Wind Onshore,2025-11-28 01:00:00,26058.59
Wind Onshore,2025-11-28 02:00:00,25584.98
Wind Onshore,2025-11-28 03:00:00,25021.95
Wind Onshore,2025-11-28 04:00:00,24567.33
Wind Onshore,2025-11-28 05:00:00,25093.03
Wind Onshore,2025-11-28 06:00:00,23890.39
Wind Onshore,2025-11-28 07:00:00,23184.35
Wind Onshore,2025-11-28 08:00:00,22196.43
Wind Onshore,2025-11-28 09:00:00,20986.18
Wind Onshore,2025-11-28 10:00:00,19522.27
Wind Onshore,2025-11-28 11:00:00,18291.79
Wind Onshore,2025-11-28 12:00:00,17294.97
Wind Onshore,2025-11-28 13:00:00,16075.14
Wind Onshore,2025-11-28 14:00:00,15601.66
Wind Onshore,2025-11-28 15:00:00,16604.79
Wind Onshore,2025-11-28 16:00:00,18572.75
Wind Onshore,2025-11-28 17:00:00,20330.8
Wind Onshore,2025-11-28 18:00:00,21507.71
Wind Onshore,2025-11-28 19:00:00,21976.87
Wind Onshore,2025-11-28 20:00:00,22258.71
Wind Onshore,2025-11-28 21:00:00,21102.82
Wind Onshore,2025-11-28 22:00:00,20459.23
Wind Onshore,2025-11-28 23:00:00,19297.93
Wind Onshore,2025-11-29 00:00:00,17921.19
Wind Onshore,2025-11-29 01:00:00,16188.62
Wind Onshore,2025-11-29 02:00:00,14610.9
Wind Onshore,2025-11-29 03:00:00,13301.94
Wind Onshore,2025-11-29 04:00:00,12140.14
Wind Onshore,2025-11-29 05:00:00,12141.14
Wind Onshore,2025-11-29 06:00:00,12269.86
Wind Onshore,2025-11-29 07:00:00,12280.21
Wind Onshore,2025-11-29 08:00:00,11805.7
Wind Onshore,2025-11-29 09:00:00,11518.46
Wind Onshore,2025-11-29 10:00:00,11368.57
Wind Onshore,2025-11-29 11:00:00,10629.89
Wind Onshore,2025-11-29 12:00:00,10337.07
Wind Onshore,2025-11-29 13:00:00,10790.21
Wind Onshore,2025-11-29 14:00:00,11709.82
Wind Onshore,2025-11-29 15:00:00,14072.75
Wind Onshore,2025-11-29 16:00:00,16633.73
Wind Onshore,2025-11-29 17:00:00,18356.33
Wind Onshore,2025-11-29 18:00:00,19549.52
Wind Onshore,2025-11-29 19:00:00,20539.99
Wind Onshore,2025-11-29 20:00:00,20705.25
Wind Onshore,2025-11-29 21:00:00,19967.1
Wind Onshore,2025-11-29 22:00:00,20460.73
Wind Onshore,2025-11-29 23:00:00,20950.62
Wind Onshore,2025-11-30 00:00:00,21065.88
Wind Onshore,2025-11-30 01:00:00,20996.14
Wind Onshore,2025-11-30 02:00:00,20446.58
Wind Onshore,2025-11-30 03:00:00,19908.55
Wind Onshore,2025-11-30 04:00:00,19435.83
Wind Onshore,2025-11-30 05:00:00,19180.1
Wind Onshore,2025-11-30 06:00:00,18830.14
Wind Onshore,2025-11-30 07:00:00,18906.81
Wind Onshore,2025-11-30 08:00:00,17785.72
Wind Onshore,2025-11-30 09:00:00,16548.39
Wind Onshore,2025-11-30 10:00:00,15461.17
Wind Onshore,2025-11-30 11:00:00,14924.6
Wind Onshore,2025-11-30 12:00:00,14755.12
Wind Onshore,2025-11-30 13:00:00,15415.12
Wind Onshore,2025-11-30 14:00:00,17115.14
Wind Onshore,2025-11-30 15:00:00,19352.57
Wind Onshore,2025-11-30 16:00:00,20933.53
Wind Onshore,2025-11-30 17:00:00,21633.61
Wind Onshore,2025-11-30 18:00:00,21356.2
Wind Onshore,2025-11-30 19:00:00,21072.26
Wind Onshore,2025-11-30 20:00:00,20432.78
Wind Onshore,2025-11-30 21:00:00,18577.77
Wind Onshore,2025-11-30 22:00:00,17960.55
Wind Onshore,2025-11-30 23:00:00,17857.8
Wind Onshore,2025-12-01 00:00:00,17697.31
Wind Onshore,2025-12-01 01:00:00,16802.09
Wind Onshore,2025-12-01 02:00:00,16476.41
Wind Onshore,2025-12-01 03:00:00,16421.28
Wind Onshore,2025-12-01 04:00:00,16341.15
Wind Onshore,2025-12-01 05:00:00,16410.1
Wind Onshore,2025-12-01 06:00:00,17234.99
Wind Onshore,2025-12-01 07:00:00,18011.88
Wind Onshore,2025-12-01 08:00:00,16472.77
Wind Onshore,2025-12-01 09:00:00,15396.38
Wind Onshore,2025-12-01 10:00:00,14998.4
Wind Onshore,2025-12-01 11:00:00,15737.75
Wind Onshore,2025-12-01 12:00:00,16473.59
Wind Onshore,2025-12-01 13:00:00,17358.56
Wind Onshore,2025-12-01 14:00:00,19651.61
Wind Onshore,2025-12-01 15:00:00,23994.34
Wind Onshore,2025-12-01 16:00:00,27695.01
Wind Onshore,2025-12-01 17:00:00,30379.85
Wind Onshore,2025-12-01 18:00:00,31880.92
Wind Onshore,2025-12-01 19:00:00,32342.67
Wind Onshore,2025-12-01 20:00:00,32173.21
Wind Onshore,2025-12-01 21:00:00,30338.09
Wind Onshore,2025-12-01 22:00:00,29653.46
Wind Onshore,2025-12-01 23:00:00,28606.94
Wind Onshore,2025-12-02 00:00:00,27864.66
Wind Onshore,2025-12-02 01:00:00,27430.88
Wind Onshore,2025-12-02 02:00:00,27504.38
Wind Onshore,2025-12-02 03:00:00,27637.25
Wind Onshore,2025-12-02 04:00:00,28043.53
Wind Onshore,2025-12-02 05:00:00,28940.15
Wind Onshore,2025-12-02 06:00:00,27394.14
Wind Onshore,2025-12-02 07:00:00,25641.37
Wind Onshore,2025-12-02 08:00:00,22894.79
Wind Onshore,2025-12-02 09:00:00,20214.11
Wind Onshore,2025-12-02 10:00:00,17361.37
Wind Onshore,2025-12-02 11:00:00,14470.5
Wind Onshore,2025-12-02 12:00:00,12203.64
Wind Onshore,2025-12-02 13:00:00,11065.19
Wind Onshore,2025-12-02 14:00:00,10977.19
Wind Onshore,2025-12-02 15:00:00,11830.38
Wind Onshore,2025-12-02 16:00:00,12212.57
Wind Onshore,2025-12-02 17:00:00,12026.67
Wind Onshore,2025-12-02 18:00:00,11240.51
Wind Onshore,2025-12-02 19:00:00,10214.67
Wind Onshore,2025-12-02 20:00:00,8899.14
Wind Onshore,2025-12-02 21:00:00,7598.94
Wind Onshore,2025-12-02 22:00:00,6940.29
Wind Onshore,2025-12-02 23:00:00,6477.01
Wind Onshore,2025-12-03 00:00:00,6061.58
Wind Onshore,2025-12-03 01:00:00,5408.62
Wind Onshore,2025-12-03 02:00:00,4869.37
Wind Onshore,2025-12-03 03:00:00,4229.14
Wind Onshore,2025-12-03 04:00:00,3982.67
Wind Onshore,2025-12-03 05:00:00,3894.98
Wind Onshore,2025-12-03 06:00:00,3796.4
Wind Onshore,2025-12-03 07:00:00,3672.89
Wind Onshore,2025-12-03 08:00:00,3350.53
Wind Onshore,2025-12-03 09:00:00,2789.4
Wind Onshore,2025-12-03 10:00:00,2106.19
Wind Onshore,2025-12-03 11:00:00,1655.86
Wind Onshore,2025-12-03 12:00:00,1385.92
Wind Onshore,2025-12-03 13:00:00,1350.77
Wind Onshore,2025-12-03 14:00:00,1778.1
Wind Onshore,2025-12-03 15:00:00,2528.99
Wind Onshore,2025-12-03 16:00:00,3358.34
Wind Onshore,2025-12-03 17:00:00,3868.62
Wind Onshore,2025-12-03 18:00:00,4145.42
Wind Onshore,2025-12-03 19:00:00,4248.97
Wind Onshore,2025-12-03 20:00:00,4265.16
Wind Onshore,2025-12-03 21:00:00,4468.32
Wind Onshore,2025-12-03 22:00:00,4461.24
Wind Onshore,2025-12-03 23:00:00,4292.29
Wind Onshore,2025-12-04 00:00:00,3974.61
Wind Onshore,2025-12-04 01:00:00,3836.26
Wind Onshore,2025-12-04 02:00:00,3954.37
Wind Onshore,2025-12-04 03:00:00,4107.05
Wind Onshore,2025-12-04 04:00:00,4245.92
Wind Onshore,2025-12-04 05:00:00,4603.6
Wind Onshore,2025-12-04 06:00:00,5017.56
Wind Onshore,2025-12-04 07:00:00,5528.7
Wind Onshore,2025-12-04 08:00:00,5659.18
Wind Onshore,2025-12-04 09:00:00,5244.24
Wind Onshore,2025-12-04 10:00:00,4541.82
Wind Onshore,2025-12-04 11:00:00,3871.09
Wind Onshore,2025-12-04 12:00:00,3805.43
Wind Onshore,2025-12-04 13:00:00,4310.19
Wind Onshore,2025-12-04 14:00:00,5739.28
Wind Onshore,2025-12-04 15:00:00,7791.15
Wind Onshore,2025-12-04 16:00:00,9203.89
Wind Onshore,2025-12-04 17:00:00,9715.75
Wind Onshore,2025-12-04 18:00:00,9288.84
Wind Onshore,2025-12-04 19:00:00,8796.11
Wind Onshore,2025-12-04 20:00:00,8080.16
Wind Onshore,2025-12-04 21:00:00,6858.86
Wind Onshore,2025-12-04 22:00:00,6135.86
Wind Onshore,2025-12-04 23:00:00,5075.91
Wind Onshore,2025-12-05 00:00:00,4140.54
Wind Onshore,2025-12-05 01:00:00,3491.94
Wind Onshore,2025-12-05 02:00:00,3094.59
Wind Onshore,2025-12-05 03:00:00,2700.35
Wind Onshore,2025-12-05 04:00:00,2324.83
Wind Onshore,2025-12-05 05:00:00,2015.84
Wind Onshore,2025-12-05 06:00:00,1771.55
Wind Onshore,2025-12-05 07:00:00,1572.1
Wind Onshore,2025-12-05 08:00:00,1327.14
Wind Onshore,2025-12-05 09:00:00,910.78
Wind Onshore,2025-12-05 10:00:00,692.06
Wind Onshore,2025-12-05 11:00:00,667.82
Wind Onshore,2025-12-05 12:00:00,746.55
Wind Onshore,2025-12-05 13:00:00,882.73
Wind Onshore,2025-12-05 14:00:00,1206.92
Wind Onshore,2025-12-05 15:00:00,1890.99
Wind Onshore,2025-12-05 16:00:00,2966.51
Wind Onshore,2025-12-05 17:00:00,4264.89
Wind Onshore,2025-12-05 18:00:00,5702.95
Wind Onshore,2025-12-05 19:00:00,7164.02
Wind Onshore,2025-12-05 20:00:00,8814.51
Wind Onshore,2025-12-05 21:00:00,10152.74
Wind Onshore,2025-12-05 22:00:00,11601.13
Wind Onshore,2025-12-05 23:00:00,13308.64
Wind Onshore,2025-12-06 00:00:00,15014.51
Wind Onshore,2025-12-06 01:00:00,16666.51
Wind Onshore,2025-12-06 02:00:00,19013.87
Wind Onshore,2025-12-06 03:00:00,21256.48
Wind Onshore,2025-12-06 04:00:00,23454.36
Wind Onshore,2025-12-06 05:00:00,25880.63
Wind Onshore,2025-12-06 06:00:00,26857.44
Wind Onshore,2025-12-06 07:00:00,26775.7
Wind Onshore,2025-12-06 08:00:00,26022.03
Wind Onshore,2025-12-06 09:00:00,24667.77
Wind Onshore,2025-12-06 10:00:00,23244.53
Wind Onshore,2025-12-06 11:00:00,22518.79
Wind Onshore,2025-12-06 12:00:00,21712.77
Wind Onshore,2025-12-06 13:00:00,21147.96
Wind Onshore,2025-12-06 14:00:00,21883.9
Wind Onshore,2025-12-06 15:00:00,23022.91
Wind Onshore,2025-12-06 16:00:00,24177.64
Wind Onshore,2025-12-06 17:00:00,24889.96
Wind Onshore,2025-12-06 18:00:00,25137.09
Wind Onshore,2025-12-06 19:00:00,25508.32
Wind Onshore,2025-12-06 20:00:00,25729.79
Wind Onshore,2025-12-06 21:00:00,24936.86
Wind Onshore,2025-12-06 22:00:00,24901.37
Wind Onshore,2025-12-06 23:00:00,24907.18
Wind Onshore,2025-12-07 00:00:00,24927.35
Wind Onshore,2025-12-07 01:00:00,24648.65
Wind Onshore,2025-12-07 02:00:00,24150.98
Wind Onshore,2025-12-07 03:00:00,23051.75
Wind Onshore,2025-12-07 04:00:00,22003.41
Wind Onshore,2025-12-07 05:00:00,21332.85
Wind Onshore,2025-12-07 06:00:00,20057.43
Wind Onshore,2025-12-07 07:00:00,18993.63
Wind Onshore,2025-12-07 08:00:00,17586.23
Wind Onshore,2025-12-07 09:00:00,15449.2
Wind Onshore,2025-12-07 10:00:00,14271.74
Wind Onshore,2025-12-07 11:00:00,12878.36
Wind Onshore,2025-12-07 12:00:00,11374.84
Wind Onshore,2025-12-07 13:00:00,10344.86
Wind Onshore,2025-12-07 14:00:00,11536.04
Wind Onshore,2025-12-07 15:00:00,13381.85
Wind Onshore,2025-12-07 16:00:00,15655.23
Wind Onshore,2025-12-07 17:00:00,18698.22
Wind Onshore,2025-12-07 18:00:00,22607.92
Wind Onshore,2025-12-07 19:00:00,26885.62
Wind Onshore,2025-12-07 20:00:00,30542.98
Wind Onshore,2025-12-07 21:00:00,31839.98
Wind Onshore,2025-12-07 22:00:00,32838.26
Wind Onshore,2025-12-07 23:00:00,33689.3
Wind Onshore,2025-12-08 00:00:00,34881.29
Wind Onshore,2025-12-08 01:00:00,35221.22
Wind Onshore,2025-12-08 02:00:00,35417.31
Wind Onshore,2025-12-08 03:00:00,34486.7
Wind Onshore,2025-12-08 04:00:00,33173.69
Wind Onshore,2025-12-08 05:00:00,33411.51
Wind Onshore,2025-12-08 06:00:00,32424.13
Wind Onshore,2025-12-08 07:00:00,31616.68
Wind Onshore,2025-12-08 08:00:00,29260.38
Wind Onshore,2025-12-08 09:00:00,28128.8
Wind Onshore,2025-12-08 10:00:00,27109.79
Wind Onshore,2025-12-08 11:00:00,26495.9
Wind Onshore,2025-12-08 12:00:00,25596.04
Wind Onshore,2025-12-08 13:00:00,23952.5
Wind Onshore,2025-12-08 14:00:00,24630.65
Wind Onshore,2025-12-08 15:00:00,26403.26
Wind Onshore,2025-12-08 16:00:00,27549.17
Wind Onshore,2025-12-08 17:00:00,28419.79
Wind Onshore,2025-12-08 18:00:00,28331.43
Wind Onshore,2025-12-08 19:00:00,27273.71
Wind Onshore,2025-12-08 20:00:00,25707.43
Wind Onshore,2025-12-08 21:00:00,23661.11
Wind Onshore,2025-12-08 22:00:00,23129.49
Wind Onshore,2025-12-08 23:00:00,21913.6
Wind Onshore,2025-12-09 00:00:00,19847.61
Wind Onshore,2025-12-09 01:00:00,17996.81
Wind Onshore,2025-12-09 02:00:00,17505.29
Wind Onshore,2025-12-09 03:00:00,16832.41
Wind Onshore,2025-12-09 04:00:00,16009.45
Wind Onshore,2025-12-09 05:00:00,16502.71
Wind Onshore,2025-12-09 06:00:00,16592.54
Wind Onshore,2025-12-09 07:00:00,16301.73
Wind Onshore,2025-12-09 08:00:00,16190.23
Wind Onshore,2025-12-09 09:00:00,15516.68
Wind Onshore,2025-12-09 10:00:00,14742.76
Wind Onshore,2025-12-09 11:00:00,14295.8
Wind Onshore,2025-12-09 12:00:00,12866.35
Wind Onshore,2025-12-09 13:00:00,12170.43
Wind Onshore,2025-12-09 14:00:00,13066.45
Wind Onshore,2025-12-09 15:00:00,15435.77
Wind Onshore,2025-12-09 16:00:00,18514.07
Wind Onshore,2025-12-09 17:00:00,21225.16
Wind Onshore,2025-12-09 18:00:00,23073.89
Wind Onshore,2025-12-09 19:00:00,24974.5
Wind Onshore,2025-12-09 20:00:00,26877.12
Wind Onshore,2025-12-09 21:00:00,26883.23
Wind Onshore,2025-12-09 22:00:00,27767.53
Wind Onshore,2025-12-09 23:00:00,28050.26
Wind Onshore,2025-12-10 00:00:00,27959.12
Wind Onshore,2025-12-10 01:00:00,28029.54
Wind Onshore,2025-12-10 02:00:00,27456.41
Wind Onshore,2025-12-10 03:00:00,27349.23
Wind Onshore,2025-12-10 04:00:00,26635.48
Wind Onshore,2025-12-10 05:00:00,26161.51
Wind Onshore,2025-12-10 06:00:00,24082.56
Wind Onshore,2025-12-10 07:00:00,22040.59
Wind Onshore,2025-12-10 08:00:00,19947.75
Wind Onshore,2025-12-10 09:00:00,18556.26
Wind Onshore,2025-12-10 10:00:00,17463.58
Wind Onshore,2025-12-10 11:00:00,16857.36
Wind Onshore,2025-12-10 12:00:00,16458.33
Wind Onshore,2025-12-10 13:00:00,16292.62
Wind Onshore,2025-12-10 14:00:00,17282.83
Wind Onshore,2025-12-10 15:00:00,19412.57
Wind Onshore,2025-12-10 16:00:00,21951.04
Wind Onshore,2025-12-10 17:00:00,24184.4
Wind Onshore,2025-12-10 18:00:00,26243.8
Wind Onshore,2025-12-10 19:00:00,27046.41
Wind Onshore,2025-12-10 20:00:00,26487.72
Wind Onshore,2025-12-10 21:00:00,24335.0
Wind Onshore,2025-12-10 22:00:00,24263.12
Wind Onshore,2025-12-10 23:00:00,24507.18
Wind Onshore,2025-12-11 00:00:00,24583.27
Wind Onshore,2025-12-11 01:00:00,24501.54
Wind Onshore,2025-12-11 02:00:00,23861.39
Wind Onshore,2025-12-11 03:00:00,22243.64
Wind Onshore,2025-12-11 04:00:00,21422.7
Wind Onshore,2025-12-11 05:00:00,21515.25
Wind Onshore,2025-12-11 06:00:00,20656.4
Wind Onshore,2025-12-11 07:00:00,20270.56
Wind Onshore,2025-12-11 08:00:00,19464.44
Wind Onshore,2025-12-11 09:00:00,18601.56
Wind Onshore,2025-12-11 10:00:00,18194.1
Wind Onshore,2025-12-11 11:00:00,17775.2
Wind Onshore,2025-12-11 12:00:00,17098.59
Wind Onshore,2025-12-11 13:00:00,15773.47
Wind Onshore,2025-12-11 14:00:00,14470.88
Wind Onshore,2025-12-11 15:00:00,15737.18
Wind Onshore,2025-12-11 16:00:00,17204.72
Wind Onshore,2025-12-11 17:00:00,18031.34
Wind Onshore,2025-12-11 18:00:00,17992.31
Wind Onshore,2025-12-11 19:00:00,17279.74
Wind Onshore,2025-12-11 20:00:00,15781.3
Wind Onshore,2025-12-11 21:00:00,13983.2
Wind Onshore,2025-12-11 22:00:00,12420.52
Wind Onshore,2025-12-11 23:00:00,10946.67
Wind Onshore,2025-12-12 00:00:00,10144.22
Wind Onshore,2025-12-12 01:00:00,9161.86
Wind Onshore,2025-12-12 02:00:00,7565.81
Wind Onshore,2025-12-12 03:00:00,6630.26
Wind Onshore,2025-12-12 04:00:00,6376.82
Wind Onshore,2025-12-12 05:00:00,6431.44
Wind Onshore,2025-12-12 06:00:00,7174.96
Wind Onshore,2025-12-12 07:00:00,7703.33
Wind Onshore,2025-12-12 08:00:00,7459.65
Wind Onshore,2025-12-12 09:00:00,6949.26
Wind Onshore,2025-12-12 10:00:00,5865.7
Wind Onshore,2025-12-12 11:00:00,4522.22
Wind Onshore,2025-12-12 12:00:00,3540.21
Wind Onshore,2025-12-12 13:00:00,3072.54
Wind Onshore,2025-12-12 14:00:00,3363.25
Wind Onshore,2025-12-12 15:00:00,4040.81
Wind Onshore,2025-12-12 16:00:00,4953.0
Wind Onshore,2025-12-12 17:00:00,5076.17
Wind Onshore,2025-12-12 18:00:00,4994.88
Wind Onshore,2025-12-12 19:00:00,4807.13
Wind Onshore,2025-12-12 20:00:00,4786.5
Wind Onshore,2025-12-12 21:00:00,4848.63
Wind Onshore,2025-12-12 22:00:00,5015.71
Wind Onshore,2025-12-12 23:00:00,5451.65
Wind Onshore,2025-12-13 00:00:00,5893.81
Wind Onshore,2025-12-13 01:00:00,6415.28
Wind Onshore,2025-12-13 02:00:00,7563.09
Wind Onshore,2025-12-13 03:00:00,8197.28
Wind Onshore,2025-12-13 04:00:00,9184.49
Wind Onshore,2025-12-13 05:00:00,10597.61
Wind Onshore,2025-12-13 06:00:00,11983.89
Wind Onshore,2025-12-13 07:00:00,12222.55
Wind Onshore,2025-12-13 08:00:00,11848.99
Wind Onshore,2025-12-13 09:00:00,11024.63
Wind Onshore,2025-12-13 10:00:00,10844.12
Wind Onshore,2025-12-13 11:00:00,10149.0
Wind Onshore,2025-12-13 12:00:00,9136.3
Wind Onshore,2025-12-13 13:00:00,8125.63
Wind Onshore,2025-12-13 14:00:00,7987.54
Wind Onshore,2025-12-13 15:00:00,8610.68
Wind Onshore,2025-12-13 16:00:00,9252.85
Wind Onshore,2025-12-13 17:00:00,9612.85
Wind Onshore,2025-12-13 18:00:00,9892.06
Wind Onshore,2025-12-13 19:00:00,9943.63
Wind Onshore,2025-12-13 20:00:00,10373.41
Wind Onshore,2025-12-13 21:00:00,10395.86
Wind Onshore,2025-12-13 22:00:00,10165.21
Wind Onshore,2025-12-13 23:00:00,9777.12
Wind Onshore,2025-12-14 00:00:00,9700.52
Wind Onshore,2025-12-14 01:00:00,10266.04
Wind Onshore,2025-12-14 02:00:00,11113.21
Wind Onshore,2025-12-14 03:00:00,12136.96
Wind Onshore,2025-12-14 04:00:00,12998.71
Wind Onshore,2025-12-14 05:00:00,14756.87
Wind Onshore,2025-12-14 06:00:00,15759.1
Wind Onshore,2025-12-14 07:00:00,16735.87
Wind Onshore,2025-12-14 08:00:00,17537.86
Wind Onshore,2025-12-14 09:00:00,17469.78
Wind Onshore,2025-12-14 10:00:00,17057.8
Wind Onshore,2025-12-14 11:00:00,16760.28
Wind Onshore,2025-12-14 12:00:00,15776.93
Wind Onshore,2025-12-14 13:00:00,15138.67
Wind Onshore,2025-12-14 14:00:00,15743.27
Wind Onshore,2025-12-14 15:00:00,17293.03
Wind Onshore,2025-12-14 16:00:00,18066.97
Wind Onshore,2025-12-14 17:00:00,17815.1
Wind Onshore,2025-12-14 18:00:00,17959.12
Wind Onshore,2025-12-14 19:00:00,18119.25
Wind Onshore,2025-12-14 20:00:00,18380.5
Wind Onshore,2025-12-14 21:00:00,17652.07
Wind Onshore,2025-12-14 22:00:00,17788.42
Wind Onshore,2025-12-14 23:00:00,17400.93
Wind Onshore,2025-12-15 00:00:00,17819.1
Wind Onshore,2025-12-15 01:00:00,18011.14
Wind Onshore,2025-12-15 02:00:00,18828.19
Wind Onshore,2025-12-15 03:00:00,19216.22
Wind Onshore,2025-12-15 04:00:00,19304.88
Wind Onshore,2025-12-15 05:00:00,19990.83
Wind Onshore,2025-12-15 06:00:00,20351.92
Wind Onshore,2025-12-15 07:00:00,20048.23
Wind Onshore,2025-12-15 08:00:00,19075.62
Wind Onshore,2025-12-15 09:00:00,16815.71
Wind Onshore,2025-12-15 10:00:00,14322.78
Wind Onshore,2025-12-15 11:00:00,12540.31
Wind Onshore,2025-12-15 12:00:00,11508.45
Wind Onshore,2025-12-15 13:00:00,11397.77
Wind Onshore,2025-12-15 14:00:00,13128.1
Wind Onshore,2025-12-15 15:00:00,16884.4
Wind Onshore,2025-12-15 16:00:00,19737.8
Wind Onshore,2025-12-15 17:00:00,21712.69
Wind Onshore,2025-12-15 18:00:00,23029.72
Wind Onshore,2025-12-15 19:00:00,23974.89
Wind Onshore,2025-12-15 20:00:00,23319.27
Wind Onshore,2025-12-15 21:00:00,21219.17
Wind Onshore,2025-12-15 22:00:00,20098.73
Wind Onshore,2025-12-15 23:00:00,19440.3
Wind Onshore,2025-12-16 00:00:00,19127.49
Wind Onshore,2025-12-16 01:00:00,19082.33
Wind Onshore,2025-12-16 02:00:00,18473.77
Wind Onshore,2025-12-16 03:00:00,17740.92
Wind Onshore,2025-12-16 04:00:00,16898.77
Wind Onshore,2025-12-16 05:00:00,17002.68
Wind Onshore,2025-12-16 06:00:00,16837.36
Wind Onshore,2025-12-16 07:00:00,16209.12
Wind Onshore,2025-12-16 08:00:00,14211.15
Wind Onshore,2025-12-16 09:00:00,11567.83
Wind Onshore,2025-12-16 10:00:00,8735.92
Wind Onshore,2025-12-16 11:00:00,6235.2
Wind Onshore,2025-12-16 12:00:00,5192.32
Wind Onshore,2025-12-16 13:00:00,5195.2
Wind Onshore,2025-12-16 14:00:00,7057.0
Wind Onshore,2025-12-16 15:00:00,9416.44
Wind Onshore,2025-12-16 16:00:00,10264.84
Wind Onshore,2025-12-16 17:00:00,10492.03
Wind Onshore,2025-12-16 18:00:00,9911.37
Wind Onshore,2025-12-16 19:00:00,8874.63
Wind Onshore,2025-12-16 20:00:00,7888.65
Wind Onshore,2025-12-16 21:00:00,6970.25
Wind Onshore,2025-12-16 22:00:00,7052.8
Wind Onshore,2025-12-16 23:00:00,7404.81
Wind Onshore,2025-12-17 00:00:00,7838.32
Wind Onshore,2025-12-17 01:00:00,8153.11
Wind Onshore,2025-12-17 02:00:00,8396.99
Wind Onshore,2025-12-17 03:00:00,8634.32
Wind Onshore,2025-12-17 04:00:00,8814.69
Wind Onshore,2025-12-17 05:00:00,9722.23
Wind Onshore,2025-12-17 06:00:00,10752.99
Wind Onshore,2025-12-17 07:00:00,11743.5
Wind Onshore,2025-12-17 08:00:00,11657.32
Wind Onshore,2025-12-17 09:00:00,10343.55
Wind Onshore,2025-12-17 10:00:00,8459.19
Wind Onshore,2025-12-17 11:00:00,6646.33
Wind Onshore,2025-12-17 12:00:00,6238.39
Wind Onshore,2025-12-17 13:00:00,6486.33
Wind Onshore,2025-12-17 14:00:00,7732.74
Wind Onshore,2025-12-17 15:00:00,9928.26
Wind Onshore,2025-12-17 16:00:00,11931.02
Wind Onshore,2025-12-17 17:00:00,12655.09
Wind Onshore,2025-12-17 18:00:00,12821.69
Wind Onshore,2025-12-17 19:00:00,12778.92
Wind Onshore,2025-12-17 20:00:00,13616.17
Wind Onshore,2025-12-17 21:00:00,14239.08
Wind Onshore,2025-12-17 22:00:00,14755.65
Wind Onshore,2025-12-17 23:00:00,16268.36
Wind Onshore,2025-12-18 00:00:00,17885.97
Wind Onshore,2025-12-18 01:00:00,19490.36
Wind Onshore,2025-12-18 02:00:00,21450.31
Wind Onshore,2025-12-18 03:00:00,24364.45
Wind Onshore,2025-12-18 04:00:00,26857.31
Wind Onshore,2025-12-18 05:00:00,29501.6
Wind Onshore,2025-12-18 06:00:00,30207.02
Wind Onshore,2025-12-18 07:00:00,30446.49
Wind Onshore,2025-12-18 08:00:00,29071.14
Wind Onshore,2025-12-18 09:00:00,26785.38
Wind Onshore,2025-12-18 10:00:00,24289.17
Wind Onshore,2025-12-18 11:00:00,22029.52
Wind Onshore,2025-12-18 12:00:00,20296.47
Wind Onshore,2025-12-18 13:00:00,19819.54
Wind Onshore,2025-12-18 14:00:00,21157.24
Wind Onshore,2025-12-18 15:00:00,25159.74
Wind Onshore,2025-12-18 16:00:00,29298.73
Wind Onshore,2025-12-18 17:00:00,32902.73
Wind Onshore,2025-12-18 18:00:00,35664.88
Wind Onshore,2025-12-18 19:00:00,37536.34
Wind Onshore,2025-12-18 20:00:00,37325.5
Wind Onshore,2025-12-18 21:00:00,35044.18
Wind Onshore,2025-12-18 22:00:00,35103.68
Wind Onshore,2025-12-18 23:00:00,34929.98
Wind Onshore,2025-12-19 00:00:00,35079.88
Wind Onshore,2025-12-19 01:00:00,34655.78
Wind Onshore,2025-12-19 02:00:00,33810.05
Wind Onshore,2025-12-19 03:00:00,33174.86
Wind Onshore,2025-12-19 04:00:00,32516.39
Wind Onshore,2025-12-19 05:00:00,32399.62
Wind Onshore,2025-12-19 06:00:00,30590.08
Wind Onshore,2025-12-19 07:00:00,28961.66
Wind Onshore,2025-12-19 08:00:00,27406.44
Wind Onshore,2025-12-19 09:00:00,25481.51
Wind Onshore,2025-12-19 10:00:00,23120.63
Wind Onshore,2025-12-19 11:00:00,21565.69
Wind Onshore,2025-12-19 12:00:00,19496.42
Wind Onshore,2025-12-19 13:00:00,17762.58
Wind Onshore,2025-12-19 14:00:00,16707.0
Wind Onshore,2025-12-19 15:00:00,15930.12
Wind Onshore,2025-12-19 16:00:00,15923.55
Wind Onshore,2025-12-19 17:00:00,16097.81
Wind Onshore,2025-12-19 18:00:00,15990.72
Wind Onshore,2025-12-19 19:00:00,15122.04
Wind Onshore,2025-12-19 20:00:00,14033.93
Wind Onshore,2025-12-19 21:00:00,12179.98
Wind Onshore,2025-12-19 22:00:00,10986.52
Wind Onshore,2025-12-19 23:00:00,9800.63
Wind Onshore,2025-12-20 00:00:00,8855.2
Wind Onshore,2025-12-20 01:00:00,7861.35
Wind Onshore,2025-12-20 02:00:00,7084.53
Wind Onshore,2025-12-20 03:00:00,6048.45
Wind Onshore,2025-12-20 04:00:00,4989.65
Wind Onshore,2025-12-20 05:00:00,4020.7
Wind Onshore,2025-12-20 06:00:00,3381.67
Wind Onshore,2025-12-20 07:00:00,3241.1
Wind Onshore,2025-12-20 08:00:00,2980.11
Wind Onshore,2025-12-20 09:00:00,2832.46
Wind Onshore,2025-12-20 10:00:00,2443.83
Wind Onshore,2025-12-20 11:00:00,2116.64
Wind Onshore,2025-12-20 12:00:00,1876.62
Wind Onshore,2025-12-20 13:00:00,2123.53
Wind Onshore,2025-12-20 14:00:00,2957.33
Wind Onshore,2025-12-20 15:00:00,4136.88
Wind Onshore,2025-12-20 16:00:00,5484.23
Wind Onshore,2025-12-20 17:00:00,6649.22
Wind Onshore,2025-12-20 18:00:00,7799.24
Wind Onshore,2025-12-20 19:00:00,8632.0
Wind Onshore,2025-12-20 20:00:00,8920.05
Wind Onshore,2025-12-20 21:00:00,9119.19
Wind Onshore,2025-12-20 22:00:00,9164.87
Wind Onshore,2025-12-20 23:00:00,9193.23
Wind Onshore,2025-12-21 00:00:00,9122.29
Wind Onshore,2025-12-21 01:00:00,9215.41
Wind Onshore,2025-12-21 02:00:00,9338.29
Wind Onshore,2025-12-21 03:00:00,9552.58
Wind Onshore,2025-12-21 04:00:00,9787.09
Wind Onshore,2025-12-21 05:00:00,10259.27
Wind Onshore,2025-12-21 06:00:00,10594.77
Wind Onshore,2025-12-21 07:00:00,11503.24
Wind Onshore,2025-12-21 08:00:00,12200.3
Wind Onshore,2025-12-21 09:00:00,12125.43
Wind Onshore,2025-12-21 10:00:00,11283.39
Wind Onshore,2025-12-21 11:00:00,10529.64
Wind Onshore,2025-12-21 12:00:00,10886.56
Wind Onshore,2025-12-21 13:00:00,12103.97
Wind Onshore,2025-12-21 14:00:00,14783.85
Wind Onshore,2025-12-21 15:00:00,18460.95
Wind Onshore,2025-12-21 16:00:00,21351.66
Wind Onshore,2025-12-21 17:00:00,23260.22
Wind Onshore,2025-12-21 18:00:00,24854.91
Wind Onshore,2025-12-21 19:00:00,26051.44
Wind Onshore,2025-12-21 20:00:00,26420.06
Wind Onshore,2025-12-21 21:00:00,25298.16
Wind Onshore,2025-12-21 22:00:00,24934.89
Wind Onshore,2025-12-21 23:00:00,24304.39
Wind Onshore,2025-12-22 00:00:00,23737.19
Wind Onshore,2025-12-22 01:00:00,23272.04
Wind Onshore,2025-12-22 02:00:00,23325.62
Wind Onshore,2025-12-22 03:00:00,23368.78
Wind Onshore,2025-12-22 04:00:00,23100.59
Wind Onshore,2025-12-22 05:00:00,22972.68
Wind Onshore,2025-12-22 06:00:00,22618.09
Wind Onshore,2025-12-22 07:00:00,22603.75
Wind Onshore,2025-12-22 08:00:00,21592.56
Wind Onshore,2025-12-22 09:00:00,20338.39
Wind Onshore,2025-12-22 10:00:00,19457.31
Wind Onshore,2025-12-22 11:00:00,18676.56
Wind Onshore,2025-12-22 12:00:00,18612.4
Wind Onshore,2025-12-22 13:00:00,19125.52
Wind Onshore,2025-12-22 14:00:00,19815.95
Wind Onshore,2025-12-22 15:00:00,20437.31
Wind Onshore,2025-12-22 16:00:00,20978.99
Wind Onshore,2025-12-22 17:00:00,21058.95
Wind Onshore,2025-12-22 18:00:00,20683.99
Wind Onshore,2025-12-22 19:00:00,20258.48
Wind Onshore,2025-12-22 20:00:00,20370.05
Wind Onshore,2025-12-22 21:00:00,19871.24
Wind Onshore,2025-12-22 22:00:00,20420.93
Wind Onshore,2025-12-22 23:00:00,21308.47
Wind Onshore,2025-12-23 00:00:00,22945.41
Wind Onshore,2025-12-23 01:00:00,23850.93
Wind Onshore,2025-12-23 02:00:00,24356.38
Wind Onshore,2025-12-23 03:00:00,25339.7
Wind Onshore,2025-12-23 04:00:00,25892.55
Wind Onshore,2025-12-23 05:00:00,27724.73
Wind Onshore,2025-12-23 06:00:00,28415.39
Wind Onshore,2025-12-23 07:00:00,28945.6
Wind Onshore,2025-12-23 08:00:00,28077.86
Wind Onshore,2025-12-23 09:00:00,27467.91
Wind Onshore,2025-12-23 10:00:00,27133.83
Wind Onshore,2025-12-23 11:00:00,27534.03
Wind Onshore,2025-12-23 12:00:00,27960.85
Wind Onshore,2025-12-23 13:00:00,28370.47
Wind Onshore,2025-12-23 14:00:00,29513.92
Wind Onshore,2025-12-23 15:00:00,30635.96
Wind Onshore,2025-12-23 16:00:00,31548.12
Wind Onshore,2025-12-23 17:00:00,31510.87
Wind Onshore,2025-12-23 18:00:00,31445.43
Wind Onshore,2025-12-23 19:00:00,31062.15
Wind Onshore,2025-12-23 20:00:00,31001.42
Wind Onshore,2025-12-23 21:00:00,29822.07
Wind Onshore,2025-12-23 22:00:00,30027.03
Wind Onshore,2025-12-23 23:00:00,29750.49
Wind Onshore,2025-12-24 00:00:00,29086.83
Wind Onshore,2025-12-24 01:00:00,29060.47
Wind Onshore,2025-12-24 02:00:00,28548.47
Wind Onshore,2025-12-24 03:00:00,28908.68
Wind Onshore,2025-12-24 04:00:00,28783.78
Wind Onshore,2025-12-24 05:00:00,29225.4
Wind Onshore,2025-12-24 06:00:00,28649.72
Wind Onshore,2025-12-24 07:00:00,28470.64
Wind Onshore,2025-12-24 08:00:00,28270.91
Wind Onshore,2025-12-24 09:00:00,28860.08
Wind Onshore,2025-12-24 10:00:00,29713.02
Wind Onshore,2025-12-24 11:00:00,30416.69
Wind Onshore,2025-12-24 12:00:00,30312.66
Wind Onshore,2025-12-24 13:00:00,29452.3
Wind Onshore,2025-12-24 14:00:00,29270.52
Wind Onshore,2025-12-24 15:00:00,30542.33
Wind Onshore,2025-12-24 16:00:00,31783.06
Wind Onshore,2025-12-24 17:00:00,32553.05
Wind Onshore,2025-12-24 18:00:00,32009.51
Wind Onshore,2025-12-24 19:00:00,31351.87
Wind Onshore,2025-12-24 20:00:00,30169.82
Wind Onshore,2025-12-24 21:00:00,27885.16
Wind Onshore,2025-12-24 22:00:00,26526.38
Wind Onshore,2025-12-24 23:00:00,25381.26
Wind Onshore,2025-12-25 00:00:00,24579.3
Wind Onshore,2025-12-25 01:00:00,24245.01
Wind Onshore,2025-12-25 02:00:00,23735.44
Wind Onshore,2025-12-25 03:00:00,23374.71
Wind Onshore,2025-12-25 04:00:00,23060.45
Wind Onshore,2025-12-25 05:00:00,23637.67
Wind Onshore,2025-12-25 06:00:00,23223.08
Wind Onshore,2025-12-25 07:00:00,22343.76
Wind Onshore,2025-12-25 08:00:00,19559.64
Wind Onshore,2025-12-25 09:00:00,16236.61
Wind Onshore,2025-12-25 10:00:00,13639.01
Wind Onshore,2025-12-25 11:00:00,12661.04
Wind Onshore,2025-12-25 12:00:00,12298.41
Wind Onshore,2025-12-25 13:00:00,12184.14
Wind Onshore,2025-12-25 14:00:00,13138.4
Wind Onshore,2025-12-25 15:00:00,16294.79
Wind Onshore,2025-12-25 16:00:00,18292.59
Wind Onshore,2025-12-25 17:00:00,19046.93
Wind Onshore,2025-12-25 18:00:00,18227.97
Wind Onshore,2025-12-25 19:00:00,17084.16
Wind Onshore,2025-12-25 20:00:00,15668.93
Wind Onshore,2025-12-25 21:00:00,14187.8
Wind Onshore,2025-12-25 22:00:00,13242.2
Wind Onshore,2025-12-25 23:00:00,12439.83
Wind Onshore,2025-12-26 00:00:00,11896.93
Wind Onshore,2025-12-26 01:00:00,11513.0
Wind Onshore,2025-12-26 02:00:00,11421.33
Wind Onshore,2025-12-26 03:00:00,11435.17
Wind Onshore,2025-12-26 04:00:00,11654.11
Wind Onshore,2025-12-26 05:00:00,12084.01
Wind Onshore,2025-12-26 06:00:00,12036.02
Wind Onshore,2025-12-26 07:00:00,12057.39
Wind Onshore,2025-12-26 08:00:00,11292.94
Wind Onshore,2025-12-26 09:00:00,10298.98
Wind Onshore,2025-12-26 10:00:00,8832.25
Wind Onshore,2025-12-26 11:00:00,6946.63
Wind Onshore,2025-12-26 12:00:00,5545.21
Wind Onshore,2025-12-26 13:00:00,5373.71
Wind Onshore,2025-12-26 14:00:00,6290.8
Wind Onshore,2025-12-26 15:00:00,8391.14
Wind Onshore,2025-12-26 16:00:00,9726.39
Wind Onshore,2025-12-26 17:00:00,10159.81
Wind Onshore,2025-12-26 18:00:00,10199.87
Wind Onshore,2025-12-26 19:00:00,10267.02
Wind Onshore,2025-12-26 20:00:00,10390.5
Wind Onshore,2025-12-26 21:00:00,9985.13
Wind Onshore,2025-12-26 22:00:00,9932.4
Wind Onshore,2025-12-26 23:00:00,9801.08
Wind Onshore,2025-12-27 00:00:00,9697.87
Wind Onshore,2025-12-27 01:00:00,9519.99
Wind Onshore,2025-12-27 02:00:00,9504.06
Wind Onshore,2025-12-27 03:00:00,9214.97
Wind Onshore,2025-12-27 04:00:00,9581.66
Wind Onshore,2025-12-27 05:00:00,10050.19
Wind Onshore,2025-12-27 06:00:00,10715.17
Wind Onshore,2025-12-27 07:00:00,11778.85
Wind Onshore,2025-12-27 08:00:00,11929.65
Wind Onshore,2025-12-27 09:00:00,12643.6
Wind Onshore,2025-12-27 10:00:00,14084.21
Wind Onshore,2025-12-27 11:00:00,15059.02
Wind Onshore,2025-12-27 12:00:00,16107.1
Wind Onshore,2025-12-27 13:00:00,16284.31
Wind Onshore,2025-12-27 14:00:00,16510.84
Wind Onshore,2025-12-27 15:00:00,16188.73
Wind Onshore,2025-12-27 16:00:00,16206.97
Wind Onshore,2025-12-27 17:00:00,16396.09
Wind Onshore,2025-12-27 18:00:00,16262.86
Wind Onshore,2025-12-27 19:00:00,15139.98
Wind Onshore,2025-12-27 20:00:00,13524.33
Wind Onshore,2025-12-27 21:00:00,12076.18
Wind Onshore,2025-12-27 22:00:00,11647.59
Wind Onshore,2025-12-27 23:00:00,11274.84
Wind Onshore,2025-12-28 00:00:00,11289.11
Wind Onshore,2025-12-28 01:00:00,11406.01
Wind Onshore,2025-12-28 02:00:00,10646.22
Wind Onshore,2025-12-28 03:00:00,9415.84
Wind Onshore,2025-12-28 04:00:00,8500.52
Wind Onshore,2025-12-28 05:00:00,7658.46
Wind Onshore,2025-12-28 06:00:00,6834.49
Wind Onshore,2025-12-28 07:00:00,6554.37
Wind Onshore,2025-12-28 08:00:00,5631.61
Wind Onshore,2025-12-28 09:00:00,4559.16
Wind Onshore,2025-12-28 10:00:00,3816.76
Wind Onshore,2025-12-28 11:00:00,3825.05
Wind Onshore,2025-12-28 12:00:00,4107.56
Wind Onshore,2025-12-28 13:00:00,4892.48
Wind Onshore,2025-12-28 14:00:00,7205.93
Wind Onshore,2025-12-28 15:00:00,10256.29
Wind Onshore,2025-12-28 16:00:00,12223.02
Wind Onshore,2025-12-28 17:00:00,13738.75
Wind Onshore,2025-12-28 18:00:00,14933.0
Wind Onshore,2025-12-28 19:00:00,15183.04
Wind Onshore,2025-12-28 20:00:00,15999.59
Wind Onshore,2025-12-28 21:00:00,16691.87
Wind Onshore,2025-12-28 22:00:00,17766.97
Wind Onshore,2025-12-28 23:00:00,19021.37
Wind Onshore,2025-12-29 00:00:00,19535.91
Wind Onshore,2025-12-29 01:00:00,19469.5
Wind Onshore,2025-12-29 02:00:00,19620.31
Wind Onshore,2025-12-29 03:00:00,19150.67
Wind Onshore,2025-12-29 04:00:00,17989.96
Wind Onshore,2025-12-29 05:00:00,17023.77
Wind Onshore,2025-12-29 06:00:00,16360.34
Wind Onshore,2025-12-29 07:00:00,16152.25
Wind Onshore,2025-12-29 08:00:00,15978.35
Wind Onshore,2025-12-29 09:00:00,16118.19
Wind Onshore,2025-12-29 10:00:00,16852.78
Wind Onshore,2025-12-29 11:00:00,17902.77
Wind Onshore,2025-12-29 12:00:00,18295.58
Wind Onshore,2025-12-29 13:00:00,18622.33
Wind Onshore,2025-12-29 14:00:00,18769.45
Wind Onshore,2025-12-29 15:00:00,20092.71
Wind Onshore,2025-12-29 16:00:00,21030.49
Wind Onshore,2025-12-29 17:00:00,20842.85
Wind Onshore,2025-12-29 18:00:00,20546.09
Wind Onshore,2025-12-29 19:00:00,19898.38
Wind Onshore,2025-12-29 20:00:00,19071.55
Wind Onshore,2025-12-29 21:00:00,18493.33
Wind Onshore,2025-12-29 22:00:00,19279.38
Wind Onshore,2025-12-29 23:00:00,18878.86
Wind Onshore,2025-12-30 00:00:00,18258.55
Wind Onshore,2025-12-30 01:00:00,18238.42
Wind Onshore,2025-12-30 02:00:00,18202.74
Wind Onshore,2025-12-30 03:00:00,18388.71
Wind Onshore,2025-12-30 04:00:00,18605.74
Wind Onshore,2025-12-30 05:00:00,19068.28
Wind Onshore,2025-12-30 06:00:00,18697.99
Wind Onshore,2025-12-30 07:00:00,18198.1
Wind Onshore,2025-12-30 08:00:00,16543.44
Wind Onshore,2025-12-30 09:00:00,14618.53
Wind Onshore,2025-12-30 10:00:00,13365.04
Wind Onshore,2025-12-30 11:00:00,13578.01
Wind Onshore,2025-12-30 12:00:00,14375.54
Wind Onshore,2025-12-30 13:00:00,14778.55
Wind Onshore,2025-12-30 14:00:00,14602.93
Wind Onshore,2025-12-30 15:00:00,15650.44
Wind Onshore,2025-12-30 16:00:00,16794.67
Wind Onshore,2025-12-30 17:00:00,17404.54
Wind Onshore,2025-12-30 18:00:00,16780.72
Wind Onshore,2025-12-30 19:00:00,15618.29
Wind Onshore,2025-12-30 20:00:00,14777.34
Wind Onshore,2025-12-30 21:00:00,14982.3
Wind Onshore,2025-12-30 22:00:00,16344.29
Wind Onshore,2025-12-30 23:00:00,17961.34
Wind Onshore,2025-12-31 00:00:00,19482.8
Wind Onshore,2025-12-31 01:00:00,20026.12
Wind Onshore,2025-12-31 02:00:00,21245.11
Wind Onshore,2025-12-31 03:00:00,22810.72
Wind Onshore,2025-12-31 04:00:00,24126.23
Wind Onshore,2025-12-31 05:00:00,26161.81
Wind Onshore,2025-12-31 06:00:00,26605.6
Wind Onshore,2025-12-31 07:00:00,26881.65
Wind Onshore,2025-12-31 08:00:00,27298.27
Wind Onshore,2025-12-31 09:00:00,28436.0
Wind Onshore,2025-12-31 10:00:00,29476.2
Wind Onshore,2025-12-31 11:00:00,30553.93
Wind Onshore,2025-12-31 12:00:00,30488.01
Wind Onshore,2025-12-31 13:00:00,29445.62
Wind Onshore,2025-12-31 14:00:00,28488.98
Wind Onshore,2025-12-31 15:00:00,28303.84
Wind Onshore,2025-12-31 16:00:00,27723.38
Wind Onshore,2025-12-31 17:00:00,27401.91
Wind Onshore,2025-12-31 18:00:00,27229.73
Wind Onshore,2025-12-31 19:00:00,28374.44
Wind Onshore,2025-12-31 20:00:00,30220.41
Wind Onshore,2025-12-31 21:00:00,30094.13
Wind Onshore,2025-12-31 22:00:00,31364.22
Wind Onshore,2025-12-31 23:00:00,33124.41
Wind Onshore,2026-01-01 00:00:00,34691.29
Wind Onshore,2026-01-01 01:00:00,35449.62
Wind Onshore,2026-01-01 02:00:00,36594.04
Wind Onshore,2026-01-01 03:00:00,37100.96
Wind Onshore,2026-01-01 04:00:00,37668.64
Wind Onshore,2026-01-01 05:00:00,40430.74
Wind Onshore,2026-01-01 06:00:00,41462.88
Wind Onshore,2026-01-01 07:00:00,41675.03
Wind Onshore,2026-01-01 08:00:00,41298.44
Wind Onshore,2026-01-01 09:00:00,41288.18
Wind Onshore,2026-01-01 10:00:00,41646.28
Wind Onshore,2026-01-01 11:00:00,41672.61
Wind Onshore,2026-01-01 12:00:00,42584.05
Wind Onshore,2026-01-01 13:00:00,44069.4
Wind Onshore,2026-01-01 14:00:00,44713.97
Wind Onshore,2026-01-01 15:00:00,45294.69
Wind Onshore,2026-01-01 16:00:00,44761.66
Wind Onshore,2026-01-01 17:00:00,43263.58
Wind Onshore,2026-01-01 18:00:00,43653.1
Wind Onshore,2026-01-01 19:00:00,44339.54
Wind Onshore,2026-01-01 20:00:00,43197.97
Wind Onshore,2026-01-01 21:00:00,41047.27
Wind Onshore,2026-01-01 22:00:00,41227.95
Wind Onshore,2026-01-01 23:00:00,41470.82
Wind Onshore,2026-01-02 00:00:00,41651.39
Wind Onshore,2026-01-02 01:00:00,41626.04
Wind Onshore,2026-01-02 02:00:00,40977.07
Wind Onshore,2026-01-02 03:00:00,39615.51
Wind Onshore,2026-01-02 04:00:00,38677.57
Wind Onshore,2026-01-02 05:00:00,38612.92
Wind Onshore,2026-01-02 06:00:00,38583.21
Wind Onshore,2026-01-02 07:00:00,38224.77
Wind Onshore,2026-01-02 08:00:00,37782.32
Wind Onshore,2026-01-02 09:00:00,39191.84
Wind Onshore,2026-01-02 10:00:00,38758.7
Wind Onshore,2026-01-02 11:00:00,38685.64
Wind Onshore,2026-01-02 12:00:00,38939.45
Wind Onshore,2026-01-02 13:00:00,38537.19
Wind Onshore,2026-01-02 14:00:00,37951.48
Wind Onshore,2026-01-02 15:00:00,37658.61
Wind Onshore,2026-01-02 16:00:00,38445.45
Wind Onshore,2026-01-02 17:00:00,38869.15
Wind Onshore,2026-01-02 18:00:00,38482.06
Wind Onshore,2026-01-02 19:00:00,37351.39
Wind Onshore,2026-01-02 20:00:00,35742.65
Wind Onshore,2026-01-02 21:00:00,33051.17
Wind Onshore,2026-01-02 22:00:00,32415.76
Wind Onshore,2026-01-02 23:00:00,31795.31
Wind Onshore,2026-01-03 00:00:00,30776.02
Wind Onshore,2026-01-03 01:00:00,29364.22
Wind Onshore,2026-01-03 02:00:00,28262.87
Wind Onshore,2026-01-03 03:00:00,28917.15
Wind Onshore,2026-01-03 04:00:00,28947.87
Wind Onshore,2026-01-03 05:00:00,29002.18
Wind Onshore,2026-01-03 06:00:00,28241.3
Wind Onshore,2026-01-03 07:00:00,27771.72
Wind Onshore,2026-01-03 08:00:00,27102.8
Wind Onshore,2026-01-03 09:00:00,26852.29
Wind Onshore,2026-01-03 10:00:00,26356.09
Wind Onshore,2026-01-03 11:00:00,26324.35
Wind Onshore,2026-01-03 12:00:00,26421.82
Wind Onshore,2026-01-03 13:00:00,26367.54
Wind Onshore,2026-01-03 14:00:00,26148.06
Wind Onshore,2026-01-03 15:00:00,27370.16
Wind Onshore,2026-01-03 16:00:00,28628.83
Wind Onshore,2026-01-03 17:00:00,30913.82
Wind Onshore,2026-01-03 18:00:00,33115.34
Wind Onshore,2026-01-03 19:00:00,31856.25
Wind Onshore,2026-01-03 20:00:00,30142.5
Wind Onshore,2026-01-03 21:00:00,29199.05
Wind Onshore,2026-01-03 22:00:00,28815.3
Wind Onshore,2026-01-03 23:00:00,27949.71
Wind Onshore,2026-01-04 00:00:00,27014.21
Wind Onshore,2026-01-04 01:00:00,26041.08
Wind Onshore,2026-01-04 02:00:00,24779.65
Wind Onshore,2026-01-04 03:00:00,23551.55
Wind Onshore,2026-01-04 04:00:00,22949.17
Wind Onshore,2026-01-04 05:00:00,22816.87
Wind Onshore,2026-01-04 06:00:00,21757.41
Wind Onshore,2026-01-04 07:00:00,21777.74
Wind Onshore,2026-01-04 08:00:00,21422.5
Wind Onshore,2026-01-04 09:00:00,21385.62
Wind Onshore,2026-01-04 10:00:00,20902.05
Wind Onshore,2026-01-04 11:00:00,20351.21
Wind Onshore,2026-01-04 12:00:00,19952.65
Wind Onshore,2026-01-04 13:00:00,19109.68
Wind Onshore,2026-01-04 14:00:00,17877.17
Wind Onshore,2026-01-04 15:00:00,17729.34
Wind Onshore,2026-01-04 16:00:00,17762.98
Wind Onshore,2026-01-04 17:00:00,17621.13
Wind Onshore,2026-01-04 18:00:00,17526.09
Wind Onshore,2026-01-04 19:00:00,17199.64
Wind Onshore,2026-01-04 20:00:00,17138.63
Wind Onshore,2026-01-04 21:00:00,15738.27
Wind Onshore,2026-01-04 22:00:00,14963.13
Wind Onshore,2026-01-04 23:00:00,14561.74
Wind Onshore,2026-01-05 00:00:00,14429.43
Wind Onshore,2026-01-05 01:00:00,14114.99
Wind Onshore,2026-01-05 02:00:00,14032.89
Wind Onshore,2026-01-05 03:00:00,13424.82
Wind Onshore,2026-01-05 04:00:00,13416.26
Wind Onshore,2026-01-05 05:00:00,13228.1
Wind Onshore,2026-01-05 06:00:00,13038.55
Wind Onshore,2026-01-05 07:00:00,13204.48
Wind Onshore,2026-01-05 08:00:00,12107.7
Wind Onshore,2026-01-05 09:00:00,11053.69
Wind Onshore,2026-01-05 10:00:00,10312.17
Wind Onshore,2026-01-05 11:00:00,9269.54
Wind Onshore,2026-01-05 12:00:00,8365.75
Wind Onshore,2026-01-05 13:00:00,7813.13
Wind Onshore,2026-01-05 14:00:00,7855.34
Wind Onshore,2026-01-05 15:00:00,9035.69
Wind Onshore,2026-01-05 16:00:00,9689.42
Wind Onshore,2026-01-05 17:00:00,9742.17
Wind Onshore,2026-01-05 18:00:00,9643.18
Wind Onshore,2026-01-05 19:00:00,9823.09
Wind Onshore,2026-01-05 20:00:00,9399.09
Wind Onshore,2026-01-05 21:00:00,8803.28
Wind Onshore,2026-01-05 22:00:00,8072.01
Wind Onshore,2026-01-05 23:00:00,7387.99
Wind Onshore,2026-01-06 00:00:00,6724.26
Wind Onshore,2026-01-06 01:00:00,6067.49
Wind Onshore,2026-01-06 02:00:00,5528.08
Wind Onshore,2026-01-06 03:00:00,5141.31
Wind Onshore,2026-01-06 04:00:00,4800.83
Wind Onshore,2026-01-06 05:00:00,4509.06
Wind Onshore,2026-01-06 06:00:00,4249.47
Wind Onshore,2026-01-06 07:00:00,3941.57
Wind Onshore,2026-01-06 08:00:00,3897.74
Wind Onshore,2026-01-06 09:00:00,3811.65
Wind Onshore,2026-01-06 10:00:00,4003.57
Wind Onshore,2026-01-06 11:00:00,4336.69
Wind Onshore,2026-01-06 12:00:00,4854.44
Wind Onshore,2026-01-06 13:00:00,5392.03
Wind Onshore,2026-01-06 14:00:00,6150.43
Wind Onshore,2026-01-06 15:00:00,7066.63
Wind Onshore,2026-01-06 16:00:00,8428.41
Wind Onshore,2026-01-06 17:00:00,9929.43
Wind Onshore,2026-01-06 18:00:00,11626.63
Wind Onshore,2026-01-06 19:00:00,12648.84
Wind Onshore,2026-01-06 20:00:00,13187.31
Wind Onshore,2026-01-06 21:00:00,12926.47
Wind Onshore,2026-01-06 22:00:00,13866.54
Wind Onshore,2026-01-06 23:00:00,15215.37
Wind Onshore,2026-01-07 00:00:00,16000.8
Wind Onshore,2026-01-07 01:00:00,16390.34
Wind Onshore,2026-01-07 02:00:00,17149.6
Wind Onshore,2026-01-07 03:00:00,18684.09
Wind Onshore,2026-01-07 04:00:00,19495.96
Wind Onshore,2026-01-07 05:00:00,21968.6
Wind Onshore,2026-01-07 06:00:00,23424.42
Wind Onshore,2026-01-07 07:00:00,24392.56
Wind Onshore,2026-01-07 08:00:00,24423.1
Wind Onshore,2026-01-07 09:00:00,24494.34
Wind Onshore,2026-01-07 10:00:00,24360.1
Wind Onshore,2026-01-07 11:00:00,24589.2
Wind Onshore,2026-01-07 12:00:00,24955.15
Wind Onshore,2026-01-07 13:00:00,25368.88
Wind Onshore,2026-01-07 14:00:00,26250.93
Wind Onshore,2026-01-07 15:00:00,28435.69
Wind Onshore,2026-01-07 16:00:00,30403.71
Wind Onshore,2026-01-07 17:00:00,31367.69
Wind Onshore,2026-01-07 18:00:00,30998.26
Wind Onshore,2026-01-07 19:00:00,29794.98
Wind Onshore,2026-01-07 20:00:00,27916.8
Wind Onshore,2026-01-07 21:00:00,25376.3
Wind Onshore,2026-01-07 22:00:00,23863.04
Wind Onshore,2026-01-07 23:00:00,22499.74
Wind Onshore,2026-01-08 00:00:00,21141.07
Wind Onshore,2026-01-08 01:00:00,19762.86
Wind Onshore,2026-01-08 02:00:00,18729.69
Wind Onshore,2026-01-08 03:00:00,17591.38
Wind Onshore,2026-01-08 04:00:00,16628.69
Wind Onshore,2026-01-08 05:00:00,15805.64
Wind Onshore,2026-01-08 06:00:00,14841.68
Wind Onshore,2026-01-08 07:00:00,14289.45
Wind Onshore,2026-01-08 08:00:00,12869.17
Wind Onshore,2026-01-08 09:00:00,11023.44
Wind Onshore,2026-01-08 10:00:00,9278.15
Wind Onshore,2026-01-08 11:00:00,7705.29
Wind Onshore,2026-01-08 12:00:00,6517.5
Wind Onshore,2026-01-08 13:00:00,5855.77
Wind Onshore,2026-01-08 14:00:00,6188.42
Wind Onshore,2026-01-08 15:00:00,7189.47
Wind Onshore,2026-01-08 16:00:00,8383.6
Wind Onshore,2026-01-08 17:00:00,9734.2
Wind Onshore,2026-01-08 18:00:00,11094.2
Wind Onshore,2026-01-08 19:00:00,12389.78
Wind Onshore,2026-01-08 20:00:00,14533.9
Wind Onshore,2026-01-08 21:00:00,17661.79
Wind Onshore,2026-01-08 22:00:00,20993.14
Wind Onshore,2026-01-08 23:00:00,24512.13
Wind Onshore,2026-01-09 00:00:00,28264.99
Wind Onshore,2026-01-09 01:00:00,31945.65
Wind Onshore,2026-01-09 02:00:00,34881.03
Wind Onshore,2026-01-09 03:00:00,36509.48
Wind Onshore,2026-01-09 04:00:00,37652.63
Wind Onshore,2026-01-09 05:00:00,39560.03
Wind Onshore,2026-01-09 06:00:00,39792.95
Wind Onshore,2026-01-09 07:00:00,39746.37
Wind Onshore,2026-01-09 08:00:00,39693.8
Wind Onshore,2026-01-09 09:00:00,40347.24
Wind Onshore,2026-01-09 10:00:00,40978.3
Wind Onshore,2026-01-09 11:00:00,40591.28
Wind Onshore,2026-01-09 12:00:00,39908.03
Wind Onshore,2026-01-09 13:00:00,40011.29
Wind Onshore,2026-01-09 14:00:00,39721.03
Wind Onshore,2026-01-09 15:00:00,39110.33
Wind Onshore,2026-01-09 16:00:00,38067.24
Wind Onshore,2026-01-09 17:00:00,38095.48
Wind Onshore,2026-01-09 18:00:00,37803.16
Wind Onshore,2026-01-09 19:00:00,37548.2
Wind Onshore,2026-01-09 20:00:00,36349.52
Wind Onshore,2026-01-09 21:00:00,33557.39
Wind Onshore,2026-01-09 22:00:00,32766.65
Wind Onshore,2026-01-09 23:00:00,32543.86
Wind Onshore,2026-01-10 00:00:00,31856.8
Wind Onshore,2026-01-10 01:00:00,31561.14
Wind Onshore,2026-01-10 02:00:00,31537.47
Wind Onshore,2026-01-10 03:00:00,30545.4
Wind Onshore,2026-01-10 04:00:00,29454.34
Wind Onshore,2026-01-10 05:00:00,28602.12
Wind Onshore,2026-01-10 06:00:00,26095.66
Wind Onshore,2026-01-10 07:00:00,24005.04
Wind Onshore,2026-01-10 08:00:00,22061.0
Wind Onshore,2026-01-10 09:00:00,19326.86
Wind Onshore,2026-01-10 10:00:00,16803.23
Wind Onshore,2026-01-10 11:00:00,14798.57
Wind Onshore,2026-01-10 12:00:00,13131.66
Wind Onshore,2026-01-10 13:00:00,12161.21
Wind Onshore,2026-01-10 14:00:00,11680.95
Wind Onshore,2026-01-10 15:00:00,12306.75
Wind Onshore,2026-01-10 16:00:00,13245.9
Wind Onshore,2026-01-10 17:00:00,13826.39
Wind Onshore,2026-01-10 18:00:00,13913.16
Wind Onshore,2026-01-10 19:00:00,13738.26
Wind Onshore,2026-01-10 20:00:00,12772.44
Wind Onshore,2026-01-10 21:00:00,12051.14
Wind Onshore,2026-01-10 22:00:00,11881.64
Wind Onshore,2026-01-10 23:00:00,11572.13
Wind Onshore,2026-01-11 00:00:00,11331.74
Wind Onshore,2026-01-11 01:00:00,11223.46
Wind Onshore,2026-01-11 02:00:00,10971.47
Wind Onshore,2026-01-11 03:00:00,10849.68
Wind Onshore,2026-01-11 04:00:00,10769.62
Wind Onshore,2026-01-11 05:00:00,10853.79
Wind Onshore,2026-01-11 06:00:00,11198.8
Wind Onshore,2026-01-11 07:00:00,11924.99
Wind Onshore,2026-01-11 08:00:00,11738.93
Wind Onshore,2026-01-11 09:00:00,11025.65
Wind Onshore,2026-01-11 10:00:00,10217.9
Wind Onshore,2026-01-11 11:00:00,9527.37
Wind Onshore,2026-01-11 12:00:00,8695.44
Wind Onshore,2026-01-11 13:00:00,8042.73
Wind Onshore,2026-01-11 14:00:00,8422.45
Wind Onshore,2026-01-11 15:00:00,10248.1
Wind Onshore,2026-01-11 16:00:00,11706.17
Wind Onshore,2026-01-11 17:00:00,12305.05
Wind Onshore,2026-01-11 18:00:00,12444.67
Wind Onshore,2026-01-11 19:00:00,13620.87
Wind Onshore,2026-01-11 20:00:00,15068.67
Wind Onshore,2026-01-11 21:00:00,15782.58
Wind Onshore,2026-01-11 22:00:00,16975.01
Wind Onshore,2026-01-11 23:00:00,17173.03
Wind Onshore,2026-01-12 00:00:00,17610.24
Wind Onshore,2026-01-12 01:00:00,18015.05
Wind Onshore,2026-01-12 02:00:00,18758.04
Wind Onshore,2026-01-12 03:00:00,19452.15
Wind Onshore,2026-01-12 04:00:00,20356.14
Wind Onshore,2026-01-12 05:00:00,21458.91
Wind Onshore,2026-01-12 06:00:00,20531.99
Wind Onshore,2026-01-12 07:00:00,19351.17
Wind Onshore,2026-01-12 08:00:00,18554.54
Wind Onshore,2026-01-12 09:00:00,17889.0
Wind Onshore,2026-01-12 10:00:00,17123.2
Wind Onshore,2026-01-12 11:00:00,16127.75
Wind Onshore,2026-01-12 12:00:00,15189.1
Wind Onshore,2026-01-12 13:00:00,14813.8
Wind Onshore,2026-01-12 14:00:00,14996.96
Wind Onshore,2026-01-12 15:00:00,15442.91
Wind Onshore,2026-01-12 16:00:00,16609.35
Wind Onshore,2026-01-12 17:00:00,18092.03
Wind Onshore,2026-01-12 18:00:00,18729.2
Wind Onshore,2026-01-12 19:00:00,18645.94
Wind Onshore,2026-01-12 20:00:00,19120.31
Wind Onshore,2026-01-12 21:00:00,18777.84
Wind Onshore,2026-01-12 22:00:00,18448.93
Wind Onshore,2026-01-12 23:00:00,17904.54
Wind Onshore,2026-01-13 00:00:00,17405.58
Wind Onshore,2026-01-13 01:00:00,17244.51
Wind Onshore,2026-01-13 02:00:00,17097.58
Wind Onshore,2026-01-13 03:00:00,16069.73
Wind Onshore,2026-01-13 04:00:00,15322.21
Wind Onshore,2026-01-13 05:00:00,14833.76
Wind Onshore,2026-01-13 06:00:00,13954.71
Wind Onshore,2026-01-13 07:00:00,13239.75
Wind Onshore,2026-01-13 08:00:00,12612.84
Wind Onshore,2026-01-13 09:00:00,11916.44
Wind Onshore,2026-01-13 10:00:00,12276.19
Wind Onshore,2026-01-13 11:00:00,12693.93
Wind Onshore,2026-01-13 12:00:00,13047.24
Wind Onshore,2026-01-13 13:00:00,12908.95
Wind Onshore,2026-01-13 14:00:00,12978.65
Wind Onshore,2026-01-13 15:00:00,15076.21
Wind Onshore,2026-01-13 16:00:00,17490.68
Wind Onshore,2026-01-13 17:00:00,20082.24
Wind Onshore,2026-01-13 18:00:00,22242.6
Wind Onshore,2026-01-13 19:00:00,24650.08
Wind Onshore,2026-01-13 20:00:00,26775.37
Wind Onshore,2026-01-13 21:00:00,27619.76
Wind Onshore,2026-01-13 22:00:00,29049.45
Wind Onshore,2026-01-13 23:00:00,29060.83
Wind Onshore,2026-01-14 00:00:00,28661.11
Wind Onshore,2026-01-14 01:00:00,27885.44
Wind Onshore,2026-01-14 02:00:00,27139.86
Wind Onshore,2026-01-14 03:00:00,26454.95
Wind Onshore,2026-01-14 04:00:00,26235.53
Wind Onshore,2026-01-14 05:00:00,26431.41
Wind Onshore,2026-01-14 06:00:00,25960.6
Wind Onshore,2026-01-14 07:00:00,25328.11
Wind Onshore,2026-01-14 08:00:00,24506.19
Wind Onshore,2026-01-14 09:00:00,23079.95
Wind Onshore,2026-01-14 10:00:00,20867.93
Wind Onshore,2026-01-14 11:00:00,18658.58
Wind Onshore,2026-01-14 12:00:00,16487.48
Wind Onshore,2026-01-14 13:00:00,13705.43
Wind Onshore,2026-01-14 14:00:00,11328.99
Wind Onshore,2026-01-14 15:00:00,10083.05
Wind Onshore,2026-01-14 16:00:00,8876.99
Wind Onshore,2026-01-14 17:00:00,8280.63
Wind Onshore,2026-01-14 18:00:00,8040.41
Wind Onshore,2026-01-14 19:00:00,7965.33
Wind Onshore,2026-01-14 20:00:00,7745.05
Wind Onshore,2026-01-14 21:00:00,7821.09
Wind Onshore,2026-01-14 22:00:00,8881.64
Wind Onshore,2026-01-14 23:00:00,10831.7
Wind Onshore,2026-01-15 00:00:00,13446.44
Wind Onshore,2026-01-15 01:00:00,15878.21
Wind Onshore,2026-01-15 02:00:00,17353.33
Wind Onshore,2026-01-15 03:00:00,17931.22
Wind Onshore,2026-01-15 04:00:00,18825.27
Wind Onshore,2026-01-15 05:00:00,20102.74
Wind Onshore,2026-01-15 06:00:00,21003.72
Wind Onshore,2026-01-15 07:00:00,21929.83
Wind Onshore,2026-01-15 08:00:00,22184.2
Wind Onshore,2026-01-15 09:00:00,21694.0
Wind Onshore,2026-01-15 10:00:00,20401.52
Wind Onshore,2026-01-15 11:00:00,17787.11
Wind Onshore,2026-01-15 12:00:00,15893.16
Wind Onshore,2026-01-15 13:00:00,14651.68
Wind Onshore,2026-01-15 14:00:00,13408.15
Wind Onshore,2026-01-15 15:00:00,14467.26
Wind Onshore,2026-01-15 16:00:00,16844.11
Wind Onshore,2026-01-15 17:00:00,19821.84
Wind Onshore,2026-01-15 18:00:00,23019.21
Wind Onshore,2026-01-15 19:00:00,25786.03
Wind Onshore,2026-01-15 20:00:00,27676.5
Wind Onshore,2026-01-15 21:00:00,28052.56
Wind Onshore,2026-01-15 22:00:00,29462.42
Wind Onshore,2026-01-15 23:00:00,30307.79
Wind Onshore,2026-01-16 00:00:00,30915.85
Wind Onshore,2026-01-16 01:00:00,31415.38
Wind Onshore,2026-01-16 02:00:00,31619.74
Wind Onshore,2026-01-16 03:00:00,31825.29
Wind Onshore,2026-01-16 04:00:00,31660.78
Wind Onshore,2026-01-16 05:00:00,32786.04
Wind Onshore,2026-01-16 06:00:00,30591.36
Wind Onshore,2026-01-16 07:00:00,27844.69
Wind Onshore,2026-01-16 08:00:00,24577.7
Wind Onshore,2026-01-16 09:00:00,20343.46
Wind Onshore,2026-01-16 10:00:00,16343.57
Wind Onshore,2026-01-16 11:00:00,12839.52
Wind Onshore,2026-01-16 12:00:00,9765.77
Wind Onshore,2026-01-16 13:00:00,7195.36
Wind Onshore,2026-01-16 14:00:00,6239.29
Wind Onshore,2026-01-16 15:00:00,6940.14
Wind Onshore,2026-01-16 16:00:00,8602.38
Wind Onshore,2026-01-16 17:00:00,9806.81
Wind Onshore,2026-01-16 18:00:00,10528.32
Wind Onshore,2026-01-16 19:00:00,10654.58
Wind Onshore,2026-01-16 20:00:00,10607.36
Wind Onshore,2026-01-16 21:00:00,10464.94
Wind Onshore,2026-01-16 22:00:00,10636.0
Wind Onshore,2026-01-16 23:00:00,10560.08
Wind Onshore,2026-01-17 00:00:00,10660.69
Wind Onshore,2026-01-17 01:00:00,10763.81
Wind Onshore,2026-01-17 02:00:00,10709.64
Wind Onshore,2026-01-17 03:00:00,10983.72
Wind Onshore,2026-01-17 04:00:00,11407.65
Wind Onshore,2026-01-17 05:00:00,11926.85
Wind Onshore,2026-01-17 06:00:00,12257.83
Wind Onshore,2026-01-17 07:00:00,12328.58
Wind Onshore,2026-01-17 08:00:00,11905.94
Wind Onshore,2026-01-17 09:00:00,10870.39
Wind Onshore,2026-01-17 10:00:00,8854.73
Wind Onshore,2026-01-17 11:00:00,7221.8
Wind Onshore,2026-01-17 12:00:00,6652.29
Wind Onshore,2026-01-17 13:00:00,6867.53
Wind Onshore,2026-01-17 14:00:00,7657.93
Wind Onshore,2026-01-17 15:00:00,9621.01
Wind Onshore,2026-01-17 16:00:00,11462.48
Wind Onshore,2026-01-17 17:00:00,12153.81
Wind Onshore,2026-01-17 18:00:00,12319.67
Wind Onshore,2026-01-17 19:00:00,12304.89
Wind Onshore,2026-01-17 20:00:00,12689.15
Wind Onshore,2026-01-17 21:00:00,12613.21
Wind Onshore,2026-01-17 22:00:00,12444.52
Wind Onshore,2026-01-17 23:00:00,12317.04
Wind Onshore,2026-01-18 00:00:00,12207.33
Wind Onshore,2026-01-18 01:00:00,11904.43
Wind Onshore,2026-01-18 02:00:00,12186.4
Wind Onshore,2026-01-18 03:00:00,12407.41
Wind Onshore,2026-01-18 04:00:00,12519.56
Wind Onshore,2026-01-18 05:00:00,12701.22
Wind Onshore,2026-01-18 06:00:00,13214.95
Wind Onshore,2026-01-18 07:00:00,13979.1
Wind Onshore,2026-01-18 08:00:00,13763.49
Wind Onshore,2026-01-18 09:00:00,13054.7
Wind Onshore,2026-01-18 10:00:00,12288.48
Wind Onshore,2026-01-18 11:00:00,11275.31
Wind Onshore,2026-01-18 12:00:00,10583.66
Wind Onshore,2026-01-18 13:00:00,10783.24
Wind Onshore,2026-01-18 14:00:00,11880.03
Wind Onshore,2026-01-18 15:00:00,14532.7
Wind Onshore,2026-01-18 16:00:00,17648.49
Wind Onshore,2026-01-18 17:00:00,19317.42
Wind Onshore,2026-01-18 18:00:00,19416.0
Wind Onshore,2026-01-18 19:00:00,19367.48
Wind Onshore,2026-01-18 20:00:00,19363.91
Wind Onshore,2026-01-18 21:00:00,18645.16
Wind Onshore,2026-01-18 22:00:00,18370.95
Wind Onshore,2026-01-18 23:00:00,18440.13
Wind Onshore,2026-01-19 00:00:00,18835.48
Wind Onshore,2026-01-19 01:00:00,18976.86
Wind Onshore,2026-01-19 02:00:00,18550.09
Wind Onshore,2026-01-19 03:00:00,17882.69
Wind Onshore,2026-01-19 04:00:00,17303.71
Wind Onshore,2026-01-19 05:00:00,17205.87
Wind Onshore,2026-01-19 06:00:00,16973.95
Wind Onshore,2026-01-19 07:00:00,17110.46
Wind Onshore,2026-01-19 08:00:00,15458.08
Wind Onshore,2026-01-19 09:00:00,13248.81
Wind Onshore,2026-01-19 10:00:00,10537.14
Wind Onshore,2026-01-19 11:00:00,9072.94
Wind Onshore,2026-01-19 12:00:00,8936.0
Wind Onshore,2026-01-19 13:00:00,9143.64
Wind Onshore,2026-01-19 14:00:00,9844.8
Wind Onshore,2026-01-19 15:00:00,12421.57
Wind Onshore,2026-01-19 16:00:00,14850.94
Wind Onshore,2026-01-19 17:00:00,16282.29
Wind Onshore,2026-01-19 18:00:00,16203.79
Wind Onshore,2026-01-19 19:00:00,15168.93
Wind Onshore,2026-01-19 20:00:00,14155.56
Wind Onshore,2026-01-19 21:00:00,12693.45
Wind Onshore,2026-01-19 22:00:00,11635.63
Wind Onshore,2026-01-19 23:00:00,10998.06
Wind Onshore,2026-01-20 00:00:00,10374.15
Wind Onshore,2026-01-20 01:00:00,9838.84
Wind Onshore,2026-01-20 02:00:00,9472.5
Wind Onshore,2026-01-20 03:00:00,8904.15
Wind Onshore,2026-01-20 04:00:00,8600.97
Wind Onshore,2026-01-20 05:00:00,8700.78
Wind Onshore,2026-01-20 06:00:00,8843.88
Wind Onshore,2026-01-20 07:00:00,8886.47
Wind Onshore,2026-01-20 08:00:00,7925.38
Wind Onshore,2026-01-20 09:00:00,6379.13
Wind Onshore,2026-01-20 10:00:00,4439.94
Wind Onshore,2026-01-20 11:00:00,3146.56
Wind Onshore,2026-01-20 12:00:00,2621.81
Wind Onshore,2026-01-20 13:00:00,2664.52
Wind Onshore,2026-01-20 14:00:00,3452.28
Wind Onshore,2026-01-20 15:00:00,6250.74
Wind Onshore,2026-01-20 16:00:00,9797.23
Wind Onshore,2026-01-20 17:00:00,11588.41
Wind Onshore,2026-01-20 18:00:00,12170.77
Wind Onshore,2026-01-20 19:00:00,12421.57
Wind Onshore,2026-01-20 20:00:00,11530.16
Wind Onshore,2026-01-20 21:00:00,10586.05
Wind Onshore,2026-01-20 22:00:00,10021.47
Wind Onshore,2026-01-20 23:00:00,9895.74
Wind Onshore,2026-01-21 00:00:00,10259.04
Wind Onshore,2026-01-21 01:00:00,11073.29
Wind Onshore,2026-01-21 02:00:00,11731.29
Wind Onshore,2026-01-21 03:00:00,12296.58
Wind Onshore,2026-01-21 04:00:00,12658.8
Wind Onshore,2026-01-21 05:00:00,13266.04
Wind Onshore,2026-01-21 06:00:00,13917.83
Wind Onshore,2026-01-21 07:00:00,13721.98
Wind Onshore,2026-01-21 08:00:00,11457.59
Wind Onshore,2026-01-21 09:00:00,9750.66
Wind Onshore,2026-01-21 10:00:00,7611.11
Wind Onshore,2026-01-21 11:00:00,6668.6
Wind Onshore,2026-01-21 12:00:00,6709.72
Wind Onshore,2026-01-21 13:00:00,7323.51
Wind Onshore,2026-01-21 14:00:00,9193.12
Wind Onshore,2026-01-21 15:00:00,13118.89
Wind Onshore,2026-01-21 16:00:00,17063.62
Wind Onshore,2026-01-21 17:00:00,19300.94
Wind Onshore,2026-01-21 18:00:00,19312.21
Wind Onshore,2026-01-21 19:00:00,18988.62
Wind Onshore,2026-01-21 20:00:00,18667.69
Wind Onshore,2026-01-21 21:00:00,17860.69
Wind Onshore,2026-01-21 22:00:00,17773.67
Wind Onshore,2026-01-21 23:00:00,17771.33
Wind Onshore,2026-01-22 00:00:00,17646.73
Wind Onshore,2026-01-22 01:00:00,17597.67
Wind Onshore,2026-01-22 02:00:00,17195.3
Wind Onshore,2026-01-22 03:00:00,17356.37
Wind Onshore,2026-01-22 04:00:00,17657.09
Wind Onshore,2026-01-22 05:00:00,18024.96
Wind Onshore,2026-01-22 06:00:00,17759.98
Wind Onshore,2026-01-22 07:00:00,17575.46
Wind Onshore,2026-01-22 08:00:00,15478.8
Wind Onshore,2026-01-22 09:00:00,13437.39
Wind Onshore,2026-01-22 10:00:00,11745.93
Wind Onshore,2026-01-22 11:00:00,11276.73
Wind Onshore,2026-01-22 12:00:00,11989.66
Wind Onshore,2026-01-22 13:00:00,12210.0
Wind Onshore,2026-01-22 14:00:00,12523.6
Wind Onshore,2026-01-22 15:00:00,14689.4
Wind Onshore,2026-01-22 16:00:00,17012.32
Wind Onshore,2026-01-22 17:00:00,17923.79
Wind Onshore,2026-01-22 18:00:00,18789.42
Wind Onshore,2026-01-22 19:00:00,18844.41
Wind Onshore,2026-01-22 20:00:00,18507.18
Wind Onshore,2026-01-22 21:00:00,17563.67
Wind Onshore,2026-01-22 22:00:00,17376.86
Wind Onshore,2026-01-22 23:00:00,16668.47
Wind Onshore,2026-01-23 00:00:00,16105.86
Wind Onshore,2026-01-23 01:00:00,16249.11
Wind Onshore,2026-01-23 02:00:00,16647.83
Wind Onshore,2026-01-23 03:00:00,16689.17
Wind Onshore,2026-01-23 04:00:00,17125.84
Wind Onshore,2026-01-23 05:00:00,18189.93
Wind Onshore,2026-01-23 06:00:00,18480.07
Wind Onshore,2026-01-23 07:00:00,18843.79
Wind Onshore,2026-01-23 08:00:00,17787.3
Wind Onshore,2026-01-23 09:00:00,17264.37
Wind Onshore,2026-01-23 10:00:00,17212.48
Wind Onshore,2026-01-23 11:00:00,18004.46
Wind Onshore,2026-01-23 12:00:00,18566.69
Wind Onshore,2026-01-23 13:00:00,19100.95
Wind Onshore,2026-01-23 14:00:00,20147.04
Wind Onshore,2026-01-23 15:00:00,21813.75
Wind Onshore,2026-01-23 16:00:00,23248.08
Wind Onshore,2026-01-23 17:00:00,24170.31
Wind Onshore,2026-01-23 18:00:00,24236.66
Wind Onshore,2026-01-23 19:00:00,23353.16
Wind Onshore,2026-01-23 20:00:00,22322.86
Wind Onshore,2026-01-23 21:00:00,20718.16
Wind Onshore,2026-01-23 22:00:00,19851.75
Wind Onshore,2026-01-23 23:00:00,18998.16
Wind Onshore,2026-01-24 00:00:00,17942.8
Wind Onshore,2026-01-24 01:00:00,16553.51
Wind Onshore,2026-01-24 02:00:00,15017.62
Wind Onshore,2026-01-24 03:00:00,13896.36
Wind Onshore,2026-01-24 04:00:00,13260.04
Wind Onshore,2026-01-24 05:00:00,13198.16
Wind Onshore,2026-01-24 06:00:00,12613.83
Wind Onshore,2026-01-24 07:00:00,11871.66
Wind Onshore,2026-01-24 08:00:00,11202.19
Wind Onshore,2026-01-24 09:00:00,10338.49
Wind Onshore,2026-01-24 10:00:00,9827.16
Wind Onshore,2026-01-24 11:00:00,8599.74
Wind Onshore,2026-01-24 12:00:00,8037.1
Wind Onshore,2026-01-24 13:00:00,8123.82
Wind Onshore,2026-01-24 14:00:00,8128.55
Wind Onshore,2026-01-24 15:00:00,8931.3
Wind Onshore,2026-01-24 16:00:00,10098.21
Wind Onshore,2026-01-24 17:00:00,10794.95
Wind Onshore,2026-01-24 18:00:00,11186.05
Wind Onshore,2026-01-24 19:00:00,10960.47
Wind Onshore,2026-01-24 20:00:00,10745.41
Wind Onshore,2026-01-24 21:00:00,10502.49
Wind Onshore,2026-01-24 22:00:00,10752.23
Wind Onshore,2026-01-24 23:00:00,10880.7
Wind Onshore,2026-01-25 00:00:00,11224.95
Wind Onshore,2026-01-25 01:00:00,11117.58
Wind Onshore,2026-01-25 02:00:00,10777.61
Wind Onshore,2026-01-25 03:00:00,9911.99
Wind Onshore,2026-01-25 04:00:00,9491.17
Wind Onshore,2026-01-25 05:00:00,9476.36
Wind Onshore,2026-01-25 06:00:00,9872.49
Wind Onshore,2026-01-25 07:00:00,10086.4
Wind Onshore,2026-01-25 08:00:00,10249.4
Wind Onshore,2026-01-25 09:00:00,10445.81
Wind Onshore,2026-01-25 10:00:00,10718.42
Wind Onshore,2026-01-25 11:00:00,10821.37
Wind Onshore,2026-01-25 12:00:00,11057.25
Wind Onshore,2026-01-25 13:00:00,11459.31
Wind Onshore,2026-01-25 14:00:00,11880.69
Wind Onshore,2026-01-25 15:00:00,12425.5
Wind Onshore,2026-01-25 16:00:00,12872.38
Wind Onshore,2026-01-25 17:00:00,12571.03
Wind Onshore,2026-01-25 18:00:00,11620.88
Wind Onshore,2026-01-25 19:00:00,11028.48
Wind Onshore,2026-01-25 20:00:00,10262.81
Wind Onshore,2026-01-25 21:00:00,9215.66
Wind Onshore,2026-01-25 22:00:00,9113.51
Wind Onshore,2026-01-25 23:00:00,9440.7
Wind Onshore,2026-01-26 00:00:00,9381.27
Wind Onshore,2026-01-26 01:00:00,9941.23
Wind Onshore,2026-01-26 02:00:00,10315.11
Wind Onshore,2026-01-26 03:00:00,10618.49
Wind Onshore,2026-01-26 04:00:00,11104.08
Wind Onshore,2026-01-26 05:00:00,12304.85
Wind Onshore,2026-01-26 06:00:00,12250.06
Wind Onshore,2026-01-26 07:00:00,12222.05
Wind Onshore,2026-01-26 08:00:00,12274.26
Wind Onshore,2026-01-26 09:00:00,12574.2
Wind Onshore,2026-01-26 10:00:00,12305.18
Wind Onshore,2026-01-26 11:00:00,12021.64
Wind Onshore,2026-01-26 12:00:00,11881.63
Wind Onshore,2026-01-26 13:00:00,11763.26
Wind Onshore,2026-01-26 14:00:00,11501.02
Wind Onshore,2026-01-26 15:00:00,11116.1
Wind Onshore,2026-01-26 16:00:00,10668.85
Wind Onshore,2026-01-26 17:00:00,9911.04
Wind Onshore,2026-01-26 18:00:00,9486.18
Wind Onshore,2026-01-26 19:00:00,9033.42
Wind Onshore,2026-01-26 20:00:00,8775.02
Wind Onshore,2026-01-26 21:00:00,7992.89
Wind Onshore,2026-01-26 22:00:00,7558.04
Wind Onshore,2026-01-26 23:00:00,6865.73
Wind Onshore,2026-01-27 00:00:00,5915.05
Wind Onshore,2026-01-27 01:00:00,4803.58
Wind Onshore,2026-01-27 02:00:00,4437.15
Wind Onshore,2026-01-27 03:00:00,4028.66
Wind Onshore,2026-01-27 04:00:00,3328.71
Wind Onshore,2026-01-27 05:00:00,3715.94
Wind Onshore,2026-01-27 06:00:00,4562.96
Wind Onshore,2026-01-27 07:00:00,5077.43
Wind Onshore,2026-01-27 08:00:00,5727.01
Wind Onshore,2026-01-27 09:00:00,6478.95
Wind Onshore,2026-01-27 10:00:00,7342.74
Wind Onshore,2026-01-27 11:00:00,8148.95
Wind Onshore,2026-01-27 12:00:00,9688.02
Wind Onshore,2026-01-27 13:00:00,11534.43
Wind Onshore,2026-01-27 14:00:00,14184.45
Wind Onshore,2026-01-27 15:00:00,16824.02
Wind Onshore,2026-01-27 16:00:00,18088.42
Wind Onshore,2026-01-27 17:00:00,17695.16
Wind Onshore,2026-01-27 18:00:00,17086.51
Wind Onshore,2026-01-27 19:00:00,15681.23
Wind Onshore,2026-01-27 20:00:00,14052.55
Wind Onshore,2026-01-27 21:00:00,12704.25
Wind Onshore,2026-01-27 22:00:00,12562.01
Wind Onshore,2026-01-27 23:00:00,12831.87
Wind Onshore,2026-01-28 00:00:00,12590.61
Wind Onshore,2026-01-28 01:00:00,12857.07
Wind Onshore,2026-01-28 02:00:00,13067.2
Wind Onshore,2026-01-28 03:00:00,12900.5
Wind Onshore,2026-01-28 04:00:00,12712.02
Wind Onshore,2026-01-28 05:00:00,13372.18
Wind Onshore,2026-01-28 06:00:00,13383.33
Wind Onshore,2026-01-28 07:00:00,13206.37
Wind Onshore,2026-01-28 08:00:00,13234.13
Wind Onshore,2026-01-28 09:00:00,13213.04
Wind Onshore,2026-01-28 10:00:00,12591.7
Wind Onshore,2026-01-28 11:00:00,12192.4
Wind Onshore,2026-01-28 12:00:00,12192.59
Wind Onshore,2026-01-28 13:00:00,13015.83
Wind Onshore,2026-01-28 14:00:00,14449.04
Wind Onshore,2026-01-28 15:00:00,15997.75
Wind Onshore,2026-01-28 16:00:00,17177.9
Wind Onshore,2026-01-28 17:00:00,17656.76
Wind Onshore,2026-01-28 18:00:00,17988.64
Wind Onshore,2026-01-28 19:00:00,18355.43
Wind Onshore,2026-01-28 20:00:00,17985.97
Wind Onshore,2026-01-28 21:00:00,16473.33
Wind Onshore,2026-01-28 22:00:00,15528.99
Wind Onshore,2026-01-28 23:00:00,14502.81
Wind Onshore,2026-01-29 00:00:00,13468.52
Wind Onshore,2026-01-29 01:00:00,12932.95
Wind Onshore,2026-01-29 02:00:00,12616.82
Wind Onshore,2026-01-29 03:00:00,13358.27
Wind Onshore,2026-01-29 04:00:00,13862.09
Wind Onshore,2026-01-29 05:00:00,13950.94
Wind Onshore,2026-01-29 06:00:00,13215.98
Wind Onshore,2026-01-29 07:00:00,12734.22
Wind Onshore,2026-01-29 08:00:00,12478.51
Wind Onshore,2026-01-29 09:00:00,12849.92
Wind Onshore,2026-01-29 10:00:00,13071.31
Wind Onshore,2026-01-29 11:00:00,13226.87
Wind Onshore,2026-01-29 12:00:00,12726.02
Wind Onshore,2026-01-29 13:00:00,11999.39
Wind Onshore,2026-01-29 14:00:00,11490.64
Wind Onshore,2026-01-29 15:00:00,11515.8
Wind Onshore,2026-01-29 16:00:00,11437.39
Wind Onshore,2026-01-29 17:00:00,11340.28
Wind Onshore,2026-01-29 18:00:00,11797.92
Wind Onshore,2026-01-29 19:00:00,12070.55
Wind Onshore,2026-01-29 20:00:00,11882.18
Wind Onshore,2026-01-29 21:00:00,11423.77
Wind Onshore,2026-01-29 22:00:00,11652.92
Wind Onshore,2026-01-29 23:00:00,11713.19
Wind Onshore,2026-01-30 00:00:00,11842.03
Wind Onshore,2026-01-30 01:00:00,11822.55
Wind Onshore,2026-01-30 02:00:00,11530.31
Wind Onshore,2026-01-30 03:00:00,11304.86
Wind Onshore,2026-01-30 04:00:00,11301.04
Wind Onshore,2026-01-30 05:00:00,11817.14
Wind Onshore,2026-01-30 06:00:00,12239.41
Wind Onshore,2026-01-30 07:00:00,12874.86
Wind Onshore,2026-01-30 08:00:00,12986.81
Wind Onshore,2026-01-30 09:00:00,12784.27
Wind Onshore,2026-01-30 10:00:00,12788.56
Wind Onshore,2026-01-30 11:00:00,13056.18
Wind Onshore,2026-01-30 12:00:00,13301.25
Wind Onshore,2026-01-30 13:00:00,14086.0
Wind Onshore,2026-01-30 14:00:00,15348.81
Wind Onshore,2026-01-30 15:00:00,16994.04
Wind Onshore,2026-01-30 16:00:00,18228.49
Wind Onshore,2026-01-30 17:00:00,19290.06
Wind Onshore,2026-01-30 18:00:00,19811.77
Wind Onshore,2026-01-30 19:00:00,20130.25
Wind Onshore,2026-01-30 20:00:00,20625.92
Wind Onshore,2026-01-30 21:00:00,19724.99
Wind Onshore,2026-01-30 22:00:00,19377.7
Wind Onshore,2026-01-30 23:00:00,18847.76
Wind Onshore,2026-01-31 00:00:00,18565.18
Wind Onshore,2026-01-31 01:00:00,18583.35
Wind Onshore,2026-01-31 02:00:00,18754.0
Wind Onshore,2026-01-31 03:00:00,18942.53
Wind Onshore,2026-01-31 04:00:00,19584.19
Wind Onshore,2026-01-31 05:00:00,21011.52
Wind Onshore,2026-01-31 06:00:00,21044.1
Wind Onshore,2026-01-31 07:00:00,20964.65
Wind Onshore,2026-01-31 08:00:00,20238.45
Wind Onshore,2026-01-31 09:00:00,18680.01
Wind Onshore,2026-01-31 10:00:00,16947.67
Wind Onshore,2026-01-31 11:00:00,15448.35
Wind Onshore,2026-01-31 12:00:00,14703.96
Wind Onshore,2026-01-31 13:00:00,14873.1
Wind Onshore,2026-01-31 14:00:00,15581.34
Wind Onshore,2026-01-31 15:00:00,16062.1
Wind Onshore,2026-01-31 16:00:00,16673.01
Wind Onshore,2026-01-31 17:00:00,17063.2
Wind Onshore,2026-01-31 18:00:00,17354.67
Wind Onshore,2026-01-31 19:00:00,16849.52
Wind Onshore,2026-01-31 20:00:00,16157.12
Wind Onshore,2026-01-31 21:00:00,15038.88
Wind Onshore,2026-01-31 22:00:00,14708.24
Wind Onshore,2026-01-31 23:00:00,14254.58
Wind Onshore,2026-02-01 00:00:00,13812.46
Wind Onshore,2026-02-01 01:00:00,13792.95
Wind Onshore,2026-02-01 02:00:00,13396.42
Wind Onshore,2026-02-01 03:00:00,13153.01
Wind Onshore,2026-02-01 04:00:00,13160.77
Wind Onshore,2026-02-01 05:00:00,13572.29
Wind Onshore,2026-02-01 06:00:00,13680.67
Wind Onshore,2026-02-01 07:00:00,13994.78
Wind Onshore,2026-02-01 08:00:00,14131.26
Wind Onshore,2026-02-01 09:00:00,14280.53
Wind Onshore,2026-02-01 10:00:00,13648.53
Wind Onshore,2026-02-01 11:00:00,13399.25
Wind Onshore,2026-02-01 12:00:00,13774.69
Wind Onshore,2026-02-01 13:00:00,14418.98
Wind Onshore,2026-02-01 14:00:00,15732.75
Wind Onshore,2026-02-01 15:00:00,17189.44
Wind Onshore,2026-02-01 16:00:00,18514.79
Wind Onshore,2026-02-01 17:00:00,19187.78
Wind Onshore,2026-02-01 18:00:00,19479.44
Wind Onshore,2026-02-01 19:00:00,19666.44
Wind Onshore,2026-02-01 20:00:00,19683.34
Wind Onshore,2026-02-01 21:00:00,19496.6
Wind Onshore,2026-02-01 22:00:00,20341.56
Wind Onshore,2026-02-01 23:00:00,21031.4
Wind Onshore,2026-02-02 00:00:00,21552.44
Wind Onshore,2026-02-02 01:00:00,21764.9
Wind Onshore,2026-02-02 02:00:00,21732.48
Wind Onshore,2026-02-02 03:00:00,21789.99
Wind Onshore,2026-02-02 04:00:00,21797.32
Wind Onshore,2026-02-02 05:00:00,22434.49
Wind Onshore,2026-02-02 06:00:00,21991.83
Wind Onshore,2026-02-02 07:00:00,21893.52
Wind Onshore,2026-02-02 08:00:00,21685.83
Wind Onshore,2026-02-02 09:00:00,21079.14
Wind Onshore,2026-02-02 10:00:00,20084.22
Wind Onshore,2026-02-02 11:00:00,19397.96
Wind Onshore,2026-02-02 12:00:00,19699.87
Wind Onshore,2026-02-02 13:00:00,20712.82
Wind Onshore,2026-02-02 14:00:00,22337.53
Wind Onshore,2026-02-02 15:00:00,24104.53
Wind Onshore,2026-02-02 16:00:00,25813.33
Wind Onshore,2026-02-02 17:00:00,27072.0
Wind Onshore,2026-02-02 18:00:00,27364.9
Wind Onshore,2026-02-02 19:00:00,26949.61
Wind Onshore,2026-02-02 20:00:00,27166.57
Wind Onshore,2026-02-02 21:00:00,26182.32
Wind Onshore,2026-02-02 22:00:00,26876.21
Wind Onshore,2026-02-02 23:00:00,27293.85
Wind Onshore,2026-02-03 00:00:00,27636.04
Wind Onshore,2026-02-03 01:00:00,28173.55
Wind Onshore,2026-02-03 02:00:00,28949.63
Wind Onshore,2026-02-03 03:00:00,30102.14
Wind Onshore,2026-02-03 04:00:00,31401.04
Wind Onshore,2026-02-03 05:00:00,33756.23
Wind Onshore,2026-02-03 06:00:00,34938.0
Wind Onshore,2026-02-03 07:00:00,34146.95
Wind Onshore,2026-02-03 08:00:00,32833.68
Wind Onshore,2026-02-03 09:00:00,32081.44
Wind Onshore,2026-02-03 10:00:00,31054.23
Wind Onshore,2026-02-03 11:00:00,30247.97
Wind Onshore,2026-02-03 12:00:00,29827.57
Wind Onshore,2026-02-03 13:00:00,29533.21
Wind Onshore,2026-02-03 14:00:00,29830.7
Wind Onshore,2026-02-03 15:00:00,30218.37
Wind Onshore,2026-02-03 16:00:00,31190.84
Wind Onshore,2026-02-03 17:00:00,31017.83
Wind Onshore,2026-02-03 18:00:00,30238.03
Wind Onshore,2026-02-03 19:00:00,28873.67
Wind Onshore,2026-02-03 20:00:00,26731.49
Wind Onshore,2026-02-03 21:00:00,23178.75
Wind Onshore,2026-02-03 22:00:00,21808.67
Wind Onshore,2026-02-03 23:00:00,20507.84
Wind Onshore,2026-02-04 00:00:00,19483.51
Wind Onshore,2026-02-04 01:00:00,18491.48
Wind Onshore,2026-02-04 02:00:00,17723.24
Wind Onshore,2026-02-04 03:00:00,16929.75
Wind Onshore,2026-02-04 04:00:00,16128.87
Wind Onshore,2026-02-04 05:00:00,16743.74
Wind Onshore,2026-02-04 06:00:00,16525.72
Wind Onshore,2026-02-04 07:00:00,16088.83
Wind Onshore,2026-02-04 08:00:00,15875.47
Wind Onshore,2026-02-04 09:00:00,15265.39
Wind Onshore,2026-02-04 10:00:00,14291.62
Wind Onshore,2026-02-04 11:00:00,13846.48
Wind Onshore,2026-02-04 12:00:00,14286.37
Wind Onshore,2026-02-04 13:00:00,14778.94
Wind Onshore,2026-02-04 14:00:00,16755.57
Wind Onshore,2026-02-04 15:00:00,19359.62
Wind Onshore,2026-02-04 16:00:00,21332.4
Wind Onshore,2026-02-04 17:00:00,21965.2
Wind Onshore,2026-02-04 18:00:00,22231.04
Wind Onshore,2026-02-04 19:00:00,21990.03
Wind Onshore,2026-02-04 20:00:00,21494.7
Wind Onshore,2026-02-04 21:00:00,19418.69
Wind Onshore,2026-02-04 22:00:00,18731.13
Wind Onshore,2026-02-04 23:00:00,18189.8
Wind Onshore,2026-02-05 00:00:00,17502.24
Wind Onshore,2026-02-05 01:00:00,16707.43
Wind Onshore,2026-02-05 02:00:00,15372.04
Wind Onshore,2026-02-05 03:00:00,14549.73
Wind Onshore,2026-02-05 04:00:00,13730.16
Wind Onshore,2026-02-05 05:00:00,13792.93
Wind Onshore,2026-02-05 06:00:00,12715.05
Wind Onshore,2026-02-05 07:00:00,11622.19
Wind Onshore,2026-02-05 08:00:00,10849.11
Wind Onshore,2026-02-05 09:00:00,10021.2
Wind Onshore,2026-02-05 10:00:00,9334.75
Wind Onshore,2026-02-05 11:00:00,9538.68
Wind Onshore,2026-02-05 12:00:00,9178.74
Wind Onshore,2026-02-05 13:00:00,8912.02
Wind Onshore,2026-02-05 14:00:00,8681.46
Wind Onshore,2026-02-05 15:00:00,8965.77
Wind Onshore,2026-02-05 16:00:00,9500.12
Wind Onshore,2026-02-05 17:00:00,9951.58
Wind Onshore,2026-02-05 18:00:00,9654.27
Wind Onshore,2026-02-05 19:00:00,8987.05
Wind Onshore,2026-02-05 20:00:00,8500.33
Wind Onshore,2026-02-05 21:00:00,7903.52
Wind Onshore,2026-02-05 22:00:00,7397.33
Wind Onshore,2026-02-05 23:00:00,6747.12
Wind Onshore,2026-02-06 00:00:00,5909.63
Wind Onshore,2026-02-06 01:00:00,4945.16
Wind Onshore,2026-02-06 02:00:00,4087.41
Wind Onshore,2026-02-06 03:00:00,3929.32
Wind Onshore,2026-02-06 04:00:00,3902.16
Wind Onshore,2026-02-06 05:00:00,4059.13
Wind Onshore,2026-02-06 06:00:00,3885.98
Wind Onshore,2026-02-06 07:00:00,3840.55
Wind Onshore,2026-02-06 08:00:00,3748.46
Wind Onshore,2026-02-06 09:00:00,3676.92
Wind Onshore,2026-02-06 10:00:00,3599.0
Wind Onshore,2026-02-06 11:00:00,3649.98
Wind Onshore,2026-02-06 12:00:00,3823.59
Wind Onshore,2026-02-06 13:00:00,4052.09
Wind Onshore,2026-02-06 14:00:00,4310.85
Wind Onshore,2026-02-06 15:00:00,4976.66
Wind Onshore,2026-02-06 16:00:00,5829.29
Wind Onshore,2026-02-06 17:00:00,6555.35
Wind Onshore,2026-02-06 18:00:00,7119.19
Wind Onshore,2026-02-06 19:00:00,7441.68
Wind Onshore,2026-02-06 20:00:00,7843.13
Wind Onshore,2026-02-06 21:00:00,7720.61
Wind Onshore,2026-02-06 22:00:00,7627.16
Wind Onshore,2026-02-06 23:00:00,7749.88
Wind Onshore,2026-02-07 00:00:00,7351.61
Wind Onshore,2026-02-07 01:00:00,6849.02
Wind Onshore,2026-02-07 02:00:00,6539.83
Wind Onshore,2026-02-07 03:00:00,6266.95
Wind Onshore,2026-02-07 04:00:00,5793.47
Wind Onshore,2026-02-07 05:00:00,5650.45
Wind Onshore,2026-02-07 06:00:00,5463.75
Wind Onshore,2026-02-07 07:00:00,5119.45
Wind Onshore,2026-02-07 08:00:00,4660.66
Wind Onshore,2026-02-07 09:00:00,3841.45
Wind Onshore,2026-02-07 10:00:00,2949.33
Wind Onshore,2026-02-07 11:00:00,2554.35
Wind Onshore,2026-02-07 12:00:00,2472.97
Wind Onshore,2026-02-07 13:00:00,2582.89
Wind Onshore,2026-02-07 14:00:00,2876.61
Wind Onshore,2026-02-07 15:00:00,3272.03
Wind Onshore,2026-02-07 16:00:00,3932.24
Wind Onshore,2026-02-07 17:00:00,4622.31
Wind Onshore,2026-02-07 18:00:00,5165.36
Wind Onshore,2026-02-07 19:00:00,5520.36
Wind Onshore,2026-02-07 20:00:00,5971.29
Wind Onshore,2026-02-07 21:00:00,5949.63
Wind Onshore,2026-02-07 22:00:00,5873.71
Wind Onshore,2026-02-07 23:00:00,5664.79
Wind Onshore,2026-02-08 00:00:00,5350.28
Wind Onshore,2026-02-08 01:00:00,5090.45
Wind Onshore,2026-02-08 02:00:00,5109.11
Wind Onshore,2026-02-08 03:00:00,5209.22
Wind Onshore,2026-02-08 04:00:00,5034.6
Wind Onshore,2026-02-08 05:00:00,5346.27
Wind Onshore,2026-02-08 06:00:00,5814.63
Wind Onshore,2026-02-08 07:00:00,6566.96
Wind Onshore,2026-02-08 08:00:00,6819.09
Wind Onshore,2026-02-08 09:00:00,6525.7
Wind Onshore,2026-02-08 10:00:00,5696.74
Wind Onshore,2026-02-08 11:00:00,4919.69
Wind Onshore,2026-02-08 12:00:00,4683.48
Wind Onshore,2026-02-08 13:00:00,4800.99
Wind Onshore,2026-02-08 14:00:00,5319.36
Wind Onshore,2026-02-08 15:00:00,5866.87
Wind Onshore,2026-02-08 16:00:00,6738.15
Wind Onshore,2026-02-08 17:00:00,7935.32
Wind Onshore,2026-02-08 18:00:00,9093.23
Wind Onshore,2026-02-08 19:00:00,9113.99
Wind Onshore,2026-02-08 20:00:00,8738.98
Wind Onshore,2026-02-08 21:00:00,7921.15
Wind Onshore,2026-02-08 22:00:00,7333.69
Wind Onshore,2026-02-08 23:00:00,6807.54
Wind Onshore,2026-02-09 00:00:00,6151.43
Wind Onshore,2026-02-09 01:00:00,5857.52
Wind Onshore,2026-02-09 02:00:00,5701.1
Wind Onshore,2026-02-09 03:00:00,5510.54
Wind Onshore,2026-02-09 04:00:00,5351.82
Wind Onshore,2026-02-09 05:00:00,5241.11
Wind Onshore,2026-02-09 06:00:00,5291.81
Wind Onshore,2026-02-09 07:00:00,5558.22
Wind Onshore,2026-02-09 08:00:00,5369.33
Wind Onshore,2026-02-09 09:00:00,5147.87
Wind Onshore,2026-02-09 10:00:00,4998.46
Wind Onshore,2026-02-09 11:00:00,4618.86
Wind Onshore,2026-02-09 12:00:00,4367.29
Wind Onshore,2026-02-09 13:00:00,4354.14
Wind Onshore,2026-02-09 14:00:00,4930.21
Wind Onshore,2026-02-09 15:00:00,5938.17
Wind Onshore,2026-02-09 16:00:00,7445.7
Wind Onshore,2026-02-09 17:00:00,8964.62
Wind Onshore,2026-02-09 18:00:00,9558.33
Wind Onshore,2026-02-09 19:00:00,9808.8
Wind Onshore,2026-02-09 20:00:00,9759.27
Wind Onshore,2026-02-09 21:00:00,9387.04
Wind Onshore,2026-02-09 22:00:00,9352.02
Wind Onshore,2026-02-09 23:00:00,9145.61
Wind Onshore,2026-02-10 00:00:00,9095.94
Wind Onshore,2026-02-10 01:00:00,9403.07
Wind Onshore,2026-02-10 02:00:00,9576.91
Wind Onshore,2026-02-10 03:00:00,10010.66
Wind Onshore,2026-02-10 04:00:00,10620.93
Wind Onshore,2026-02-10 05:00:00,11383.4
Wind Onshore,2026-02-10 06:00:00,11979.75
Wind Onshore,2026-02-10 07:00:00,12324.75
Wind Onshore,2026-02-10 08:00:00,11807.02
Wind Onshore,2026-02-10 09:00:00,10688.94
Wind Onshore,2026-02-10 10:00:00,9520.81
Wind Onshore,2026-02-10 11:00:00,8714.76
Wind Onshore,2026-02-10 12:00:00,9036.11
Wind Onshore,2026-02-10 13:00:00,9614.77
Wind Onshore,2026-02-10 14:00:00,10511.27
Wind Onshore,2026-02-10 15:00:00,12218.01
Wind Onshore,2026-02-10 16:00:00,14650.06
Wind Onshore,2026-02-10 17:00:00,17115.92
Wind Onshore,2026-02-10 18:00:00,17333.9
Wind Onshore,2026-02-10 19:00:00,17322.47
Wind Onshore,2026-02-10 20:00:00,17034.95
Wind Onshore,2026-02-10 21:00:00,16459.06
Wind Onshore,2026-02-10 22:00:00,15786.94
Wind Onshore,2026-02-10 23:00:00,14987.99
Wind Onshore,2026-02-11 00:00:00,14350.61
Wind Onshore,2026-02-11 01:00:00,13823.71
Wind Onshore,2026-02-11 02:00:00,13987.7
Wind Onshore,2026-02-11 03:00:00,13888.67
Wind Onshore,2026-02-11 04:00:00,13864.5
Wind Onshore,2026-02-11 05:00:00,14011.72
Wind Onshore,2026-02-11 06:00:00,14216.16
Wind Onshore,2026-02-11 07:00:00,14073.32
Wind Onshore,2026-02-11 08:00:00,13808.44
Wind Onshore,2026-02-11 09:00:00,13371.59
Wind Onshore,2026-02-11 10:00:00,12712.53
Wind Onshore,2026-02-11 11:00:00,12858.95
Wind Onshore,2026-02-11 12:00:00,13133.21
Wind Onshore,2026-02-11 13:00:00,13494.1
Wind Onshore,2026-02-11 14:00:00,13971.27
Wind Onshore,2026-02-11 15:00:00,14610.04
Wind Onshore,2026-02-11 16:00:00,15832.86
Wind Onshore,2026-02-11 17:00:00,16788.15
Wind Onshore,2026-02-11 18:00:00,17918.27
Wind Onshore,2026-02-11 19:00:00,18739.51
Wind Onshore,2026-02-11 20:00:00,19164.2
Wind Onshore,2026-02-11 21:00:00,18440.82
Wind Onshore,2026-02-11 22:00:00,17688.69
Wind Onshore,2026-02-11 23:00:00,16954.51
Wind Onshore,2026-02-12 00:00:00,16655.38
Wind Onshore,2026-02-12 01:00:00,16715.72
Wind Onshore,2026-02-12 02:00:00,17167.13
Wind Onshore,2026-02-12 03:00:00,17680.85
Wind Onshore,2026-02-12 04:00:00,18018.4
Wind Onshore,2026-02-12 05:00:00,18978.1
Wind Onshore,2026-02-12 06:00:00,19201.67
Wind Onshore,2026-02-12 07:00:00,18652.64
Wind Onshore,2026-02-12 08:00:00,17952.67
Wind Onshore,2026-02-12 09:00:00,17595.02
Wind Onshore,2026-02-12 10:00:00,17267.26
Wind Onshore,2026-02-12 11:00:00,18274.88
Wind Onshore,2026-02-12 12:00:00,19189.45
Wind Onshore,2026-02-12 13:00:00,20151.68
Wind Onshore,2026-02-12 14:00:00,20563.76
Wind Onshore,2026-02-12 15:00:00,21092.11
Wind Onshore,2026-02-12 16:00:00,21452.57
Wind Onshore,2026-02-12 17:00:00,22058.68
Wind Onshore,2026-02-12 18:00:00,23208.15
Wind Onshore,2026-02-12 19:00:00,23626.82
Wind Onshore,2026-02-12 20:00:00,23871.92
Wind Onshore,2026-02-12 21:00:00,23223.12
Wind Onshore,2026-02-12 22:00:00,22970.21
Wind Onshore,2026-02-12 23:00:00,22075.46
Wind Onshore,2026-02-13 00:00:00,21753.96
Wind Onshore,2026-02-13 01:00:00,21826.35
Wind Onshore,2026-02-13 02:00:00,22262.4
Wind Onshore,2026-02-13 03:00:00,22295.66
Wind Onshore,2026-02-13 04:00:00,20907.12
Wind Onshore,2026-02-13 05:00:00,20085.66
Wind Onshore,2026-02-13 06:00:00,17922.77
Wind Onshore,2026-02-13 07:00:00,15593.63
Wind Onshore,2026-02-13 08:00:00,13660.95
Wind Onshore,2026-02-13 09:00:00,11882.63
Wind Onshore,2026-02-13 10:00:00,9902.6
Wind Onshore,2026-02-13 11:00:00,8653.99
Wind Onshore,2026-02-13 12:00:00,7053.45
Wind Onshore,2026-02-13 13:00:00,5863.09
Wind Onshore,2026-02-13 14:00:00,5368.18
Wind Onshore,2026-02-13 15:00:00,5336.33
Wind Onshore,2026-02-13 16:00:00,5661.0
Wind Onshore,2026-02-13 17:00:00,6030.82
Wind Onshore,2026-02-13 18:00:00,6350.59
Wind Onshore,2026-02-13 19:00:00,6555.01
Wind Onshore,2026-02-13 20:00:00,6733.89
Wind Onshore,2026-02-13 21:00:00,6927.92
Wind Onshore,2026-02-13 22:00:00,7051.84
Wind Onshore,2026-02-13 23:00:00,7532.94
Wind Onshore,2026-02-14 00:00:00,8145.5
Wind Onshore,2026-02-14 01:00:00,8723.95
Wind Onshore,2026-02-14 02:00:00,9252.76
Wind Onshore,2026-02-14 03:00:00,9907.07
Wind Onshore,2026-02-14 04:00:00,10209.43
Wind Onshore,2026-02-14 05:00:00,10506.7
Wind Onshore,2026-02-14 06:00:00,10626.69
Wind Onshore,2026-02-14 07:00:00,10364.97
Wind Onshore,2026-02-14 08:00:00,9658.75
Wind Onshore,2026-02-14 09:00:00,8990.56
Wind Onshore,2026-02-14 10:00:00,8611.78
Wind Onshore,2026-02-14 11:00:00,8022.74
Wind Onshore,2026-02-14 12:00:00,7731.13
Wind Onshore,2026-02-14 13:00:00,7750.74
Wind Onshore,2026-02-14 14:00:00,7771.37
Wind Onshore,2026-02-14 15:00:00,7771.14
Wind Onshore,2026-02-14 16:00:00,7523.61
Wind Onshore,2026-02-14 17:00:00,6835.61
Wind Onshore,2026-02-14 18:00:00,5971.72
Wind Onshore,2026-02-14 19:00:00,4943.43
Wind Onshore,2026-02-14 20:00:00,4024.4
Wind Onshore,2026-02-14 21:00:00,3314.46
Wind Onshore,2026-02-14 22:00:00,2732.69
Wind Onshore,2026-02-14 23:00:00,2223.38
Wind Onshore,2026-02-15 00:00:00,1900.93
Wind Onshore,2026-02-15 01:00:00,1840.44
Wind Onshore,2026-02-15 02:00:00,1858.45
Wind Onshore,2026-02-15 03:00:00,2137.3
Wind Onshore,2026-02-15 04:00:00,2496.79
Wind Onshore,2026-02-15 05:00:00,3269.65
Wind Onshore,2026-02-15 06:00:00,4643.94
Wind Onshore,2026-02-15 07:00:00,5498.63
Wind Onshore,2026-02-15 08:00:00,5895.53
Wind Onshore,2026-02-15 09:00:00,5508.3
Wind Onshore,2026-02-15 10:00:00,6281.92
Wind Onshore,2026-02-15 11:00:00,7813.99
Wind Onshore,2026-02-15 12:00:00,9502.26
Wind Onshore,2026-02-15 13:00:00,12009.79
Wind Onshore,2026-02-15 14:00:00,15237.15
Wind Onshore,2026-02-15 15:00:00,18250.79
Wind Onshore,2026-02-15 16:00:00,22683.37
Wind Onshore,2026-02-15 17:00:00,28235.88
Wind Onshore,2026-02-15 18:00:00,31249.33
Wind Onshore,2026-02-15 19:00:00,32233.31
Wind Onshore,2026-02-15 20:00:00,31860.68
Wind Onshore,2026-02-15 21:00:00,29168.16
Wind Onshore,2026-02-15 22:00:00,28735.32
Wind Onshore,2026-02-15 23:00:00,28695.16
Wind Onshore,2026-02-16 00:00:00,28700.69
Wind Onshore,2026-02-16 01:00:00,28190.87
Wind Onshore,2026-02-16 02:00:00,27958.32
Wind Onshore,2026-02-16 03:00:00,27510.18
Wind Onshore,2026-02-16 04:00:00,26554.83
Wind Onshore,2026-02-16 05:00:00,26333.16
Wind Onshore,2026-02-16 06:00:00,25869.22
Wind Onshore,2026-02-16 07:00:00,25299.24
Wind Onshore,2026-02-16 08:00:00,23715.24
Wind Onshore,2026-02-16 09:00:00,21886.11
Wind Onshore,2026-02-16 10:00:00,19893.85
Wind Onshore,2026-02-16 11:00:00,17857.41
Wind Onshore,2026-02-16 12:00:00,16039.12
Wind Onshore,2026-02-16 13:00:00,15086.53
Wind Onshore,2026-02-16 14:00:00,15057.67
Wind Onshore,2026-02-16 15:00:00,14430.43
Wind Onshore,2026-02-16 16:00:00,14734.67
Wind Onshore,2026-02-16 17:00:00,15153.75
Wind Onshore,2026-02-16 18:00:00,15099.34
Wind Onshore,2026-02-16 19:00:00,14774.32
Wind Onshore,2026-02-16 20:00:00,14325.33
Wind Onshore,2026-02-16 21:00:00,13955.02
Wind Onshore,2026-02-16 22:00:00,13503.28
Wind Onshore,2026-02-16 23:00:00,13042.04
Wind Onshore,2026-02-17 00:00:00,12839.68
Wind Onshore,2026-02-17 01:00:00,12768.66
Wind Onshore,2026-02-17 02:00:00,12808.34
Wind Onshore,2026-02-17 03:00:00,12752.63
Wind Onshore,2026-02-17 04:00:00,12569.29
Wind Onshore,2026-02-17 05:00:00,12633.34
Wind Onshore,2026-02-17 06:00:00,12156.66
Wind Onshore,2026-02-17 07:00:00,11805.89
Wind Onshore,2026-02-17 08:00:00,11575.36
Wind Onshore,2026-02-17 09:00:00,11186.47
Wind Onshore,2026-02-17 10:00:00,10718.81
Wind Onshore,2026-02-17 11:00:00,11280.41
Wind Onshore,2026-02-17 12:00:00,12292.9
Wind Onshore,2026-02-17 13:00:00,13241.68
Wind Onshore,2026-02-17 14:00:00,14026.31
Wind Onshore,2026-02-17 15:00:00,14962.47
Wind Onshore,2026-02-17 16:00:00,16709.74
Wind Onshore,2026-02-17 17:00:00,17960.73
Wind Onshore,2026-02-17 18:00:00,18512.83
Wind Onshore,2026-02-17 19:00:00,18993.02
Wind Onshore,2026-02-17 20:00:00,18758.67
Wind Onshore,2026-02-17 21:00:00,17705.57
Wind Onshore,2026-02-17 22:00:00,17073.35
Wind Onshore,2026-02-17 23:00:00,16027.62
Wind Onshore,2026-02-18 00:00:00,14831.6
Wind Onshore,2026-02-18 01:00:00,13828.61
Wind Onshore,2026-02-18 02:00:00,12157.62
Wind Onshore,2026-02-18 03:00:00,10001.44
Wind Onshore,2026-02-18 04:00:00,7568.33
Wind Onshore,2026-02-18 05:00:00,5878.3
Wind Onshore,2026-02-18 06:00:00,4565.56
Wind Onshore,2026-02-18 07:00:00,3507.1
Wind Onshore,2026-02-18 08:00:00,2359.05
Wind Onshore,2026-02-18 09:00:00,1817.05
Wind Onshore,2026-02-18 10:00:00,1761.18
Wind Onshore,2026-02-18 11:00:00,1946.57
Wind Onshore,2026-02-18 12:00:00,2366.3
Wind Onshore,2026-02-18 13:00:00,3292.1
Wind Onshore,2026-02-18 14:00:00,4981.65
Wind Onshore,2026-02-18 15:00:00,6829.66
Wind Onshore,2026-02-18 16:00:00,9221.15
Wind Onshore,2026-02-18 17:00:00,11906.3
Wind Onshore,2026-02-18 18:00:00,14622.63
Wind Onshore,2026-02-18 19:00:00,16791.51
Wind Onshore,2026-02-18 20:00:00,18805.6
Wind Onshore,2026-02-18 21:00:00,19011.98
Wind Onshore,2026-02-18 22:00:00,19851.17
Wind Onshore,2026-02-18 23:00:00,20503.16
Wind Onshore,2026-02-19 00:00:00,21345.55
Wind Onshore,2026-02-19 01:00:00,22175.72
Wind Onshore,2026-02-19 02:00:00,23213.8
Wind Onshore,2026-02-19 03:00:00,23847.95
Wind Onshore,2026-02-19 04:00:00,24201.21
Wind Onshore,2026-02-19 05:00:00,25154.34
Wind Onshore,2026-02-19 06:00:00,24975.69
Wind Onshore,2026-02-19 07:00:00,23828.14
Wind Onshore,2026-02-19 08:00:00,21692.95
Wind Onshore,2026-02-19 09:00:00,19661.47
Wind Onshore,2026-02-19 10:00:00,18755.81
Wind Onshore,2026-02-19 11:00:00,18878.89
Wind Onshore,2026-02-19 12:00:00,20339.11
Wind Onshore,2026-02-19 13:00:00,21466.96
Wind Onshore,2026-02-19 14:00:00,22003.53
Wind Onshore,2026-02-19 15:00:00,22298.35
Wind Onshore,2026-02-19 16:00:00,23680.78
Wind Onshore,2026-02-19 17:00:00,24409.97
Wind Onshore,2026-02-19 18:00:00,25011.04
Wind Onshore,2026-02-19 19:00:00,24422.92
Wind Onshore,2026-02-19 20:00:00,23259.75
Wind Onshore,2026-02-19 21:00:00,21980.68
Wind Onshore,2026-02-19 22:00:00,21434.03
Wind Onshore,2026-02-19 23:00:00,21177.27
Wind Onshore,2026-02-20 00:00:00,19396.15
Wind Onshore,2026-02-20 01:00:00,17670.19
Wind Onshore,2026-02-20 02:00:00,16821.05
Wind Onshore,2026-02-20 03:00:00,17136.19
Wind Onshore,2026-02-20 04:00:00,18158.6
Wind Onshore,2026-02-20 05:00:00,19775.14
Wind Onshore,2026-02-20 06:00:00,19744.36
Wind Onshore,2026-02-20 07:00:00,18518.53
Wind Onshore,2026-02-20 08:00:00,16964.46
Wind Onshore,2026-02-20 09:00:00,15625.1
Wind Onshore,2026-02-20 10:00:00,15311.8
Wind Onshore,2026-02-20 11:00:00,15115.78
Wind Onshore,2026-02-20 12:00:00,15894.83
Wind Onshore,2026-02-20 13:00:00,16253.99
Wind Onshore,2026-02-20 14:00:00,17644.74
Wind Onshore,2026-02-20 15:00:00,18699.19
Wind Onshore,2026-02-20 16:00:00,20801.97
Wind Onshore,2026-02-20 17:00:00,24543.82
Wind Onshore,2026-02-20 18:00:00,28309.36
Wind Onshore,2026-02-20 19:00:00,31350.41
Wind Onshore,2026-02-20 20:00:00,33791.58
Wind Onshore,2026-02-20 21:00:00,34050.57
Wind Onshore,2026-02-20 22:00:00,35798.45
Wind Onshore,2026-02-20 23:00:00,36722.23
Wind Onshore,2026-02-21 00:00:00,36880.06
Wind Onshore,2026-02-21 01:00:00,37242.96
Wind Onshore,2026-02-21 02:00:00,37003.78
Wind Onshore,2026-02-21 03:00:00,37149.89
Wind Onshore,2026-02-21 04:00:00,37528.99
Wind Onshore,2026-02-21 05:00:00,38565.71
Wind Onshore,2026-02-21 06:00:00,38443.58
Wind Onshore,2026-02-21 07:00:00,38393.22
Wind Onshore,2026-02-21 08:00:00,37162.39
Wind Onshore,2026-02-21 09:00:00,35133.18
Wind Onshore,2026-02-21 10:00:00,32962.17
Wind Onshore,2026-02-21 11:00:00,31953.12
Wind Onshore,2026-02-21 12:00:00,30773.39
Wind Onshore,2026-02-21 13:00:00,29890.92
Wind Onshore,2026-02-21 14:00:00,28447.4
Wind Onshore,2026-02-21 15:00:00,27478.12
Wind Onshore,2026-02-21 16:00:00,26979.17
Wind Onshore,2026-02-21 17:00:00,26888.61
Wind Onshore,2026-02-21 18:00:00,26909.47
Wind Onshore,2026-02-21 19:00:00,27498.99
Wind Onshore,2026-02-21 20:00:00,27457.91
Wind Onshore,2026-02-21 21:00:00,26265.97
Wind Onshore,2026-02-21 22:00:00,25860.17
Wind Onshore,2026-02-21 23:00:00,25506.04
Wind Onshore,2026-02-22 00:00:00,25443.08
Wind Onshore,2026-02-22 01:00:00,25731.95
Wind Onshore,2026-02-22 02:00:00,26133.62
Wind Onshore,2026-02-22 03:00:00,27095.53
Wind Onshore,2026-02-22 04:00:00,28057.04
Wind Onshore,2026-02-22 05:00:00,30757.26
Wind Onshore,2026-02-22 06:00:00,32605.49
Wind Onshore,2026-02-22 07:00:00,34025.55
Wind Onshore,2026-02-22 08:00:00,34115.71
Wind Onshore,2026-02-22 09:00:00,34134.7
Wind Onshore,2026-02-22 10:00:00,35324.18
Wind Onshore,2026-02-22 11:00:00,36058.33
Wind Onshore,2026-02-22 12:00:00,36221.94
Wind Onshore,2026-02-22 13:00:00,36861.83
Wind Onshore,2026-02-22 14:00:00,38196.04
Wind Onshore,2026-02-22 15:00:00,39770.93
Wind Onshore,2026-02-22 16:00:00,40395.29
Wind Onshore,2026-02-22 17:00:00,40317.0
Wind Onshore,2026-02-22 18:00:00,38393.2
Wind Onshore,2026-02-22 19:00:00,37353.33
Wind Onshore,2026-02-22 20:00:00,36850.6
Wind Onshore,2026-02-22 21:00:00,34080.82
Wind Onshore,2026-02-22 22:00:00,33073.12
Wind Onshore,2026-02-22 23:00:00,32097.87
Wind Onshore,2026-02-23 00:00:00,31788.0
Wind Onshore,2026-02-23 01:00:00,31334.12
Wind Onshore,2026-02-23 02:00:00,30859.84
Wind Onshore,2026-02-23 03:00:00,31773.57
Wind Onshore,2026-02-23 04:00:00,33106.35
Wind Onshore,2026-02-23 05:00:00,35353.66
Wind Onshore,2026-02-23 06:00:00,35524.69
Wind Onshore,2026-02-23 07:00:00,34917.57
Wind Onshore,2026-02-23 08:00:00,35147.15
Wind Onshore,2026-02-23 09:00:00,36488.53
Wind Onshore,2026-02-23 10:00:00,37660.54
Wind Onshore,2026-02-23 11:00:00,38436.95
Wind Onshore,2026-02-23 12:00:00,39375.47
Wind Onshore,2026-02-23 13:00:00,39105.65
Wind Onshore,2026-02-23 14:00:00,38589.11
Wind Onshore,2026-02-23 15:00:00,37552.36
Wind Onshore,2026-02-23 16:00:00,36206.75
Wind Onshore,2026-02-23 17:00:00,35582.81
Wind Onshore,2026-02-23 18:00:00,35270.93
Wind Onshore,2026-02-23 19:00:00,33353.82
Wind Onshore,2026-02-23 20:00:00,31172.52
Wind Onshore,2026-02-23 21:00:00,28210.82
Wind Onshore,2026-02-23 22:00:00,26545.08
Wind Onshore,2026-02-23 23:00:00,24113.08
Wind Onshore,2026-02-24 00:00:00,21030.89
Wind Onshore,2026-02-24 01:00:00,18247.03
Wind Onshore,2026-02-24 02:00:00,15616.94
Wind Onshore,2026-02-24 03:00:00,13083.04
Wind Onshore,2026-02-24 04:00:00,11247.67
Wind Onshore,2026-02-24 05:00:00,9395.29
Wind Onshore,2026-02-24 06:00:00,7118.21
Wind Onshore,2026-02-24 07:00:00,5027.29
Wind Onshore,2026-02-24 08:00:00,3484.75
Wind Onshore,2026-02-24 09:00:00,2410.39
Wind Onshore,2026-02-24 10:00:00,1938.02
Wind Onshore,2026-02-24 11:00:00,1669.55
Wind Onshore,2026-02-24 12:00:00,1442.08
Wind Onshore,2026-02-24 13:00:00,1176.08
Wind Onshore,2026-02-24 14:00:00,926.16
Wind Onshore,2026-02-24 15:00:00,811.13
Wind Onshore,2026-02-24 16:00:00,895.48
Wind Onshore,2026-02-24 17:00:00,1378.53
Wind Onshore,2026-02-24 18:00:00,1934.64
Wind Onshore,2026-02-24 19:00:00,2598.62
Wind Onshore,2026-02-24 20:00:00,3074.5
Wind Onshore,2026-02-24 21:00:00,3196.97
Wind Onshore,2026-02-24 22:00:00,3592.29
Wind Onshore,2026-02-24 23:00:00,3691.77
Wind Onshore,2026-02-25 00:00:00,3563.5
Wind Onshore,2026-02-25 01:00:00,3404.96
Wind Onshore,2026-02-25 02:00:00,3238.8
Wind Onshore,2026-02-25 03:00:00,3139.52
Wind Onshore,2026-02-25 04:00:00,3368.98
Wind Onshore,2026-02-25 05:00:00,3704.33
Wind Onshore,2026-02-25 06:00:00,4508.92
Wind Onshore,2026-02-25 07:00:00,5101.66
Wind Onshore,2026-02-25 08:00:00,4741.75
Wind Onshore,2026-02-25 09:00:00,3746.7
Wind Onshore,2026-02-25 10:00:00,3274.13
Wind Onshore,2026-02-25 11:00:00,3513.37
Wind Onshore,2026-02-25 12:00:00,3783.68
Wind Onshore,2026-02-25 13:00:00,4159.28
Wind Onshore,2026-02-25 14:00:00,4576.43
Wind Onshore,2026-02-25 15:00:00,5270.69
Wind Onshore,2026-02-25 16:00:00,7659.57
Wind Onshore,2026-02-25 17:00:00,12604.33
Wind Onshore,2026-02-25 18:00:00,16758.12
Wind Onshore,2026-02-25 19:00:00,19838.41
Wind Onshore,2026-02-25 20:00:00,21636.04
Wind Onshore,2026-02-25 21:00:00,21335.91
Wind Onshore,2026-02-25 22:00:00,21030.71
Wind Onshore,2026-02-25 23:00:00,21157.55
Wind Onshore,2026-02-26 00:00:00,21077.78
Wind Onshore,2026-02-26 01:00:00,20935.04
Wind Onshore,2026-02-26 02:00:00,21045.83
Wind Onshore,2026-02-26 03:00:00,21403.35
Wind Onshore,2026-02-26 04:00:00,21761.14
Wind Onshore,2026-02-26 05:00:00,22600.49
Wind Onshore,2026-02-26 06:00:00,22377.84
Wind Onshore,2026-02-26 07:00:00,20264.09
Wind Onshore,2026-02-26 08:00:00,16756.38
Wind Onshore,2026-02-26 09:00:00,12869.4
Wind Onshore,2026-02-26 10:00:00,10428.68
Wind Onshore,2026-02-26 11:00:00,8943.39
Wind Onshore,2026-02-26 12:00:00,9032.43
Wind Onshore,2026-02-26 13:00:00,10560.43
Wind Onshore,2026-02-26 14:00:00,12825.59
Wind Onshore,2026-02-26 15:00:00,13060.97
Wind Onshore,2026-02-26 16:00:00,14675.06
Wind Onshore,2026-02-26 17:00:00,18562.23
Wind Onshore,2026-02-26 18:00:00,22358.15
Wind Onshore,2026-02-26 19:00:00,25581.77
Wind Onshore,2026-02-26 20:00:00,27079.67
Wind Onshore,2026-02-26 21:00:00,27061.35
Wind Onshore,2026-02-26 22:00:00,26442.75
Wind Onshore,2026-02-26 23:00:00,25420.97
Wind Onshore,2026-02-27 00:00:00,25202.75
Wind Onshore,2026-02-27 01:00:00,25184.25
Wind Onshore,2026-02-27 02:00:00,25544.15
Wind Onshore,2026-02-27 03:00:00,25552.4
Wind Onshore,2026-02-27 04:00:00,25589.07
Wind Onshore,2026-02-27 05:00:00,26977.05
Wind Onshore,2026-02-27 06:00:00,26303.48
Wind Onshore,2026-02-27 07:00:00,24090.19
Wind Onshore,2026-02-27 08:00:00,20651.36
Wind Onshore,2026-02-27 09:00:00,16127.77
Wind Onshore,2026-02-27 10:00:00,13776.49
Wind Onshore,2026-02-27 11:00:00,11926.5
Wind Onshore,2026-02-27 12:00:00,11404.24
Wind Onshore,2026-02-27 13:00:00,13147.54
Wind Onshore,2026-02-27 14:00:00,14372.61
Wind Onshore,2026-02-27 15:00:00,13586.39
Wind Onshore,2026-02-27 16:00:00,13782.76
Wind Onshore,2026-02-27 17:00:00,17380.82
Wind Onshore,2026-02-27 18:00:00,19503.5
Wind Onshore,2026-02-27 19:00:00,19971.79
Wind Onshore,2026-02-27 20:00:00,19821.98
Wind Onshore,2026-02-27 21:00:00,19219.34
Wind Onshore,2026-02-27 22:00:00,17655.89
Wind Onshore,2026-02-27 23:00:00,17167.73
Wind Onshore,2026-02-28 00:00:00,16899.01
Wind Onshore,2026-02-28 01:00:00,16800.35
Wind Onshore,2026-02-28 02:00:00,17206.66
Wind Onshore,2026-02-28 03:00:00,17888.8
Wind Onshore,2026-02-28 04:00:00,19147.49
Wind Onshore,2026-02-28 05:00:00,20788.3
Wind Onshore,2026-02-28 06:00:00,21638.82
Wind Onshore,2026-02-28 07:00:00,21333.18
Wind Onshore,2026-02-28 08:00:00,18240.08
Wind Onshore,2026-02-28 09:00:00,15560.15
Wind Onshore,2026-02-28 10:00:00,16155.93
Wind Onshore,2026-02-28 11:00:00,17013.67
Wind Onshore,2026-02-28 12:00:00,18269.37
Wind Onshore,2026-02-28 13:00:00,20565.15
Wind Onshore,2026-02-28 14:00:00,25282.71
Wind Onshore,2026-02-28 15:00:00,27492.58
Wind Onshore,2026-02-28 16:00:00,28398.78
Wind Onshore,2026-02-28 17:00:00,31357.88
Wind Onshore,2026-02-28 18:00:00,33326.08
Wind Onshore,2026-02-28 19:00:00,34563.86
Wind Onshore,2026-02-28 20:00:00,34498.92
Wind Onshore,2026-02-28 21:00:00,31722.44
Wind Onshore,2026-02-28 22:00:00,30625.99
Wind Onshore,2026-02-28 23:00:00,29451.94
Wind Onshore,2026-03-01 00:00:00,26818.34
Wind Onshore,2026-03-01 01:00:00,24392.52
Wind Onshore,2026-03-01 02:00:00,21879.94
Wind Onshore,2026-03-01 03:00:00,19663.84
Wind Onshore,2026-03-01 04:00:00,18064.65
Wind Onshore,2026-03-01 05:00:00,17443.77
Wind Onshore,2026-03-01 06:00:00,15864.06
Wind Onshore,2026-03-01 07:00:00,13277.16
Wind Onshore,2026-03-01 08:00:00,11345.66
Wind Onshore,2026-03-01 09:00:00,10224.61
Wind Onshore,2026-03-01 10:00:00,10141.93
Wind Onshore,2026-03-01 11:00:00,10004.96
Wind Onshore,2026-03-01 12:00:00,10313.77
Wind Onshore,2026-03-01 13:00:00,10995.21
Wind Onshore,2026-03-01 14:00:00,11533.78
Wind Onshore,2026-03-01 15:00:00,10136.92
Wind Onshore,2026-03-01 16:00:00,8911.06
Wind Onshore,2026-03-01 17:00:00,10529.64
Wind Onshore,2026-03-01 18:00:00,13921.86
Wind Onshore,2026-03-01 19:00:00,16908.98
Wind Onshore,2026-03-01 20:00:00,18755.81
Wind Onshore,2026-03-01 21:00:00,18926.74
Wind Onshore,2026-03-01 22:00:00,19086.14
Wind Onshore,2026-03-01 23:00:00,18533.85
Wind Onshore,2026-03-02 00:00:00,17057.32
Wind Onshore,2026-03-02 01:00:00,16474.39
Wind Onshore,2026-03-02 02:00:00,15219.19
Wind Onshore,2026-03-02 03:00:00,13969.29
Wind Onshore,2026-03-02 04:00:00,13885.53
Wind Onshore,2026-03-02 05:00:00,14060.7
Wind Onshore,2026-03-02 06:00:00,13978.52
Wind Onshore,2026-03-02 07:00:00,12520.06
Wind Onshore,2026-03-02 08:00:00,8392.29
Wind Onshore,2026-03-02 09:00:00,5451.08
Wind Onshore,2026-03-02 10:00:00,5118.38
Wind Onshore,2026-03-02 11:00:00,5578.49
Wind Onshore,2026-03-02 12:00:00,6065.25
Wind Onshore,2026-03-02 13:00:00,5869.77
Wind Onshore,2026-03-02 14:00:00,4577.8
Wind Onshore,2026-03-02 15:00:00,3353.77
Wind Onshore,2026-03-02 16:00:00,3593.67
Wind Onshore,2026-03-02 17:00:00,6228.8
Wind Onshore,2026-03-02 18:00:00,9543.31
Wind Onshore,2026-03-02 19:00:00,12395.84
Wind Onshore,2026-03-02 20:00:00,14066.53
Wind Onshore,2026-03-02 21:00:00,14107.74
Wind Onshore,2026-03-02 22:00:00,14101.14
Wind Onshore,2026-03-02 23:00:00,13594.79
Wind Onshore,2026-03-03 00:00:00,12439.6
Wind Onshore,2026-03-03 01:00:00,11196.57
Wind Onshore,2026-03-03 02:00:00,9929.98
Wind Onshore,2026-03-03 03:00:00,8623.67
Wind Onshore,2026-03-03 04:00:00,7678.09
Wind Onshore,2026-03-03 05:00:00,6946.38
Wind Onshore,2026-03-03 06:00:00,5900.3
Wind Onshore,2026-03-03 07:00:00,5061.72
Wind Onshore,2026-03-03 08:00:00,3251.1
Wind Onshore,2026-03-03 09:00:00,1190.41
Wind Onshore,2026-03-03 10:00:00,910.29
Wind Onshore,2026-03-03 11:00:00,1219.76
Wind Onshore,2026-03-03 12:00:00,1854.67
Wind Onshore,2026-03-03 13:00:00,2269.04
Wind Onshore,2026-03-03 14:00:00,2513.55
Wind Onshore,2026-03-03 15:00:00,2530.22
Wind Onshore,2026-03-03 16:00:00,3049.76
Wind Onshore,2026-03-03 17:00:00,4374.13
Wind Onshore,2026-03-03 18:00:00,5363.87
Wind Onshore,2026-03-03 19:00:00,6098.14
Wind Onshore,2026-03-03 20:00:00,6364.7
Wind Onshore,2026-03-03 21:00:00,6123.1
Wind Onshore,2026-03-03 22:00:00,5642.48
Wind Onshore,2026-03-03 23:00:00,5268.41
Wind Onshore,2026-03-04 00:00:00,4880.89
Wind Onshore,2026-03-04 01:00:00,4710.51
Wind Onshore,2026-03-04 02:00:00,4439.42
Wind Onshore,2026-03-04 03:00:00,4575.31
Wind Onshore,2026-03-04 04:00:00,4528.96
Wind Onshore,2026-03-04 05:00:00,4121.64
Wind Onshore,2026-03-04 06:00:00,3767.36
Wind Onshore,2026-03-04 07:00:00,3218.78
Wind Onshore,2026-03-04 08:00:00,1969.75
Wind Onshore,2026-03-04 09:00:00,1026.6
Wind Onshore,2026-03-04 10:00:00,1038.85
Wind Onshore,2026-03-04 11:00:00,1043.62
Wind Onshore,2026-03-04 12:00:00,939.87
Wind Onshore,2026-03-04 13:00:00,904.09
Wind Onshore,2026-03-04 14:00:00,930.99
Wind Onshore,2026-03-04 15:00:00,979.34
Wind Onshore,2026-03-04 16:00:00,1500.15
Wind Onshore,2026-03-04 17:00:00,3197.86
Wind Onshore,2026-03-04 18:00:00,5341.46
Wind Onshore,2026-03-04 19:00:00,6963.24
Wind Onshore,2026-03-04 20:00:00,8477.17
Wind Onshore,2026-03-04 21:00:00,8894.25
Wind Onshore,2026-03-04 22:00:00,9188.61
Wind Onshore,2026-03-04 23:00:00,9338.83
Wind Onshore,2026-03-05 00:00:00,9719.94
Wind Onshore,2026-03-05 01:00:00,10231.53
Wind Onshore,2026-03-05 02:00:00,10939.31
Wind Onshore,2026-03-05 03:00:00,11659.78
Wind Onshore,2026-03-05 04:00:00,12599.78
Wind Onshore,2026-03-05 05:00:00,13516.63
Wind Onshore,2026-03-05 06:00:00,13655.15
Wind Onshore,2026-03-05 07:00:00,12903.08
Wind Onshore,2026-03-05 08:00:00,9266.6
Wind Onshore,2026-03-05 09:00:00,5278.1
Wind Onshore,2026-03-05 10:00:00,4169.08
Wind Onshore,2026-03-05 11:00:00,4008.86
Wind Onshore,2026-03-05 12:00:00,3938.74
Wind Onshore,2026-03-05 13:00:00,4343.41
Wind Onshore,2026-03-05 14:00:00,4930.84
Wind Onshore,2026-03-05 15:00:00,5861.75
Wind Onshore,2026-03-05 16:00:00,8201.33
Wind Onshore,2026-03-05 17:00:00,14431.13
Wind Onshore,2026-03-05 18:00:00,20601.05
Wind Onshore,2026-03-05 19:00:00,23058.84
Wind Onshore,2026-03-05 20:00:00,22876.11
Wind Onshore,2026-03-05 21:00:00,20495.62
Wind Onshore,2026-03-05 22:00:00,18072.56
Wind Onshore,2026-03-05 23:00:00,15952.25
Wind Onshore,2026-03-06 00:00:00,13779.86
Wind Onshore,2026-03-06 01:00:00,11801.52
Wind Onshore,2026-03-06 02:00:00,10054.69
Wind Onshore,2026-03-06 03:00:00,8754.84
Wind Onshore,2026-03-06 04:00:00,7905.16
Wind Onshore,2026-03-06 05:00:00,7336.89
Wind Onshore,2026-03-06 06:00:00,6708.26
Wind Onshore,2026-03-06 07:00:00,6140.15
Wind Onshore,2026-03-06 08:00:00,4074.31
Wind Onshore,2026-03-06 09:00:00,1790.71
Wind Onshore,2026-03-06 10:00:00,947.82
Wind Onshore,2026-03-06 11:00:00,1045.92
Wind Onshore,2026-03-06 12:00:00,1242.17
Wind Onshore,2026-03-06 13:00:00,1167.94
Wind Onshore,2026-03-06 14:00:00,1024.45
Wind Onshore,2026-03-06 15:00:00,994.19
Wind Onshore,2026-03-06 16:00:00,1485.9
Wind Onshore,2026-03-06 17:00:00,2832.63
Wind Onshore,2026-03-06 18:00:00,4456.19
Wind Onshore,2026-03-06 19:00:00,5329.08
Wind Onshore,2026-03-06 20:00:00,5539.32
Wind Onshore,2026-03-06 21:00:00,5259.33
Wind Onshore,2026-03-06 22:00:00,4660.72
Wind Onshore,2026-03-06 23:00:00,3951.89
Wind Onshore,2026-03-07 00:00:00,3451.96
Wind Onshore,2026-03-07 01:00:00,2733.03
Wind Onshore,2026-03-07 02:00:00,2075.08
Wind Onshore,2026-03-07 03:00:00,1729.04
Wind Onshore,2026-03-07 04:00:00,1562.17
Wind Onshore,2026-03-07 05:00:00,1582.52
Wind Onshore,2026-03-07 06:00:00,1720.03
Wind Onshore,2026-03-07 07:00:00,1614.76
Wind Onshore,2026-03-07 08:00:00,1136.23
Wind Onshore,2026-03-07 09:00:00,560.68
Wind Onshore,2026-03-07 10:00:00,351.12
Wind Onshore,2026-03-07 11:00:00,366.79
Wind Onshore,2026-03-07 12:00:00,388.49
Wind Onshore,2026-03-07 13:00:00,482.78
Wind Onshore,2026-03-07 14:00:00,665.09
Wind Onshore,2026-03-07 15:00:00,991.1
Wind Onshore,2026-03-07 16:00:00,1532.53
Wind Onshore,2026-03-07 17:00:00,2722.9
Wind Onshore,2026-03-07 18:00:00,3977.52
Wind Onshore,2026-03-07 19:00:00,4877.17
Wind Onshore,2026-03-07 20:00:00,5220.29
Wind Onshore,2026-03-07 21:00:00,4889.96
Wind Onshore,2026-03-07 22:00:00,4378.8
Wind Onshore,2026-03-07 23:00:00,4070.32
Wind Onshore,2026-03-08 00:00:00,3927.85
Wind Onshore,2026-03-08 01:00:00,3654.07
Wind Onshore,2026-03-08 02:00:00,3127.75
Wind Onshore,2026-03-08 03:00:00,2935.55
Wind Onshore,2026-03-08 04:00:00,2950.79
Wind Onshore,2026-03-08 05:00:00,3001.61
Wind Onshore,2026-03-08 06:00:00,3598.57
Wind Onshore,2026-03-08 07:00:00,4081.79
Wind Onshore,2026-03-08 08:00:00,3907.7
Wind Onshore,2026-03-08 09:00:00,2768.84
Wind Onshore,2026-03-08 10:00:00,1825.11
Wind Onshore,2026-03-08 11:00:00,1772.73
Wind Onshore,2026-03-08 12:00:00,1896.78
Wind Onshore,2026-03-08 13:00:00,2615.63
Wind Onshore,2026-03-08 14:00:00,3649.42
Wind Onshore,2026-03-08 15:00:00,4365.49
Wind Onshore,2026-03-08 16:00:00,6083.85
Wind Onshore,2026-03-08 17:00:00,10035.84
Wind Onshore,2026-03-08 18:00:00,13306.22
Wind Onshore,2026-03-08 19:00:00,14749.53
Wind Onshore,2026-03-08 20:00:00,15286.25
Wind Onshore,2026-03-08 21:00:00,14588.41
Wind Onshore,2026-03-08 22:00:00,13577.26
Wind Onshore,2026-03-08 23:00:00,11995.76
Wind Onshore,2026-03-09 00:00:00,10586.22
Wind Onshore,2026-03-09 01:00:00,9007.72
Wind Onshore,2026-03-09 02:00:00,7729.12
Wind Onshore,2026-03-09 03:00:00,6937.85
Wind Onshore,2026-03-09 04:00:00,6521.98
Wind Onshore,2026-03-09 05:00:00,5968.38
Wind Onshore,2026-03-09 06:00:00,5278.65
Wind Onshore,2026-03-09 07:00:00,4467.42
Wind Onshore,2026-03-09 08:00:00,2570.8
Wind Onshore,2026-03-09 09:00:00,1295.89
Wind Onshore,2026-03-09 10:00:00,908.12
Wind Onshore,2026-03-09 11:00:00,1012.38
Wind Onshore,2026-03-09 12:00:00,1228.73
Wind Onshore,2026-03-09 13:00:00,1393.96
Wind Onshore,2026-03-09 14:00:00,1417.47
Wind Onshore,2026-03-09 15:00:00,1381.79
Wind Onshore,2026-03-09 16:00:00,1414.05
Wind Onshore,2026-03-09 17:00:00,1985.09
Wind Onshore,2026-03-09 18:00:00,2611.95
Wind Onshore,2026-03-09 19:00:00,2786.42
Wind Onshore,2026-03-09 20:00:00,2866.93
Wind Onshore,2026-03-09 21:00:00,2905.98
Wind Onshore,2026-03-09 22:00:00,2872.79
Wind Onshore,2026-03-09 23:00:00,2803.88
Wind Onshore,2026-03-10 00:00:00,2729.27
Wind Onshore,2026-03-10 01:00:00,2765.55
Wind Onshore,2026-03-10 02:00:00,2705.61
Wind Onshore,2026-03-10 03:00:00,2774.93
Wind Onshore,2026-03-10 04:00:00,2955.88
Wind Onshore,2026-03-10 05:00:00,3028.55
Wind Onshore,2026-03-10 06:00:00,2906.88
Wind Onshore,2026-03-10 07:00:00,2984.57
Wind Onshore,2026-03-10 08:00:00,2595.61
Wind Onshore,2026-03-10 09:00:00,1645.76
Wind Onshore,2026-03-10 10:00:00,1522.07
Wind Onshore,2026-03-10 11:00:00,2172.57
Wind Onshore,2026-03-10 12:00:00,3298.46
Wind Onshore,2026-03-10 13:00:00,4528.64
Wind Onshore,2026-03-10 14:00:00,4942.17
Wind Onshore,2026-03-10 15:00:00,4754.76
Wind Onshore,2026-03-10 16:00:00,5616.6
Wind Onshore,2026-03-10 17:00:00,7112.4
Wind Onshore,2026-03-10 18:00:00,8730.78
Wind Onshore,2026-03-10 19:00:00,10788.17
Wind Onshore,2026-03-10 20:00:00,12484.14
Wind Onshore,2026-03-10 21:00:00,13293.69
Wind Onshore,2026-03-10 22:00:00,14950.31
Wind Onshore,2026-03-10 23:00:00,15801.6
Wind Onshore,2026-03-11 00:00:00,17231.81
Wind Onshore,2026-03-11 01:00:00,19017.29
Wind Onshore,2026-03-11 02:00:00,20690.0
Wind Onshore,2026-03-11 03:00:00,21938.93
Wind Onshore,2026-03-11 04:00:00,23503.96
Wind Onshore,2026-03-11 05:00:00,25315.48
Wind Onshore,2026-03-11 06:00:00,25567.67
Wind Onshore,2026-03-11 07:00:00,24574.09
Wind Onshore,2026-03-11 08:00:00,23363.67
Wind Onshore,2026-03-11 09:00:00,24956.99
Wind Onshore,2026-03-11 10:00:00,27004.43
Wind Onshore,2026-03-11 11:00:00,28275.95
Wind Onshore,2026-03-11 12:00:00,30011.43
Wind Onshore,2026-03-11 13:00:00,30550.65
Wind Onshore,2026-03-11 14:00:00,30401.51
Wind Onshore,2026-03-11 15:00:00,28804.7
Wind Onshore,2026-03-11 16:00:00,26254.7
Wind Onshore,2026-03-11 17:00:00,23805.15
Wind Onshore,2026-03-11 18:00:00,22545.24
Wind Onshore,2026-03-11 19:00:00,22191.71
Wind Onshore,2026-03-11 20:00:00,21164.13
Wind Onshore,2026-03-11 21:00:00,19648.67
Wind Onshore,2026-03-11 22:00:00,18582.78
Wind Onshore,2026-03-11 23:00:00,17949.99
Wind Onshore,2026-03-12 00:00:00,17935.84
Wind Onshore,2026-03-12 01:00:00,18426.93
Wind Onshore,2026-03-12 02:00:00,17621.27
Wind Onshore,2026-03-12 03:00:00,16435.08
Wind Onshore,2026-03-12 04:00:00,16163.22
Wind Onshore,2026-03-12 05:00:00,17360.63
Wind Onshore,2026-03-12 06:00:00,16188.25
Wind Onshore,2026-03-12 07:00:00,14137.91
Wind Onshore,2026-03-12 08:00:00,12180.99
Wind Onshore,2026-03-12 09:00:00,13730.31
Wind Onshore,2026-03-12 10:00:00,15844.39
Wind Onshore,2026-03-12 11:00:00,17956.68
Wind Onshore,2026-03-12 12:00:00,18419.85
Wind Onshore,2026-03-12 13:00:00,19820.19
Wind Onshore,2026-03-12 14:00:00,23434.21
Wind Onshore,2026-03-12 15:00:00,25967.01
Wind Onshore,2026-03-12 16:00:00,25289.86
Wind Onshore,2026-03-12 17:00:00,26761.58
Wind Onshore,2026-03-12 18:00:00,30304.53
Wind Onshore,2026-03-12 19:00:00,33958.23
Wind Onshore,2026-03-12 20:00:00,35409.95
Wind Onshore,2026-03-12 21:00:00,34256.25
Wind Onshore,2026-03-12 22:00:00,34915.37
Wind Onshore,2026-03-12 23:00:00,33720.91
Wind Onshore,2026-03-13 00:00:00,33108.37
Wind Onshore,2026-03-13 01:00:00,33700.05
Wind Onshore,2026-03-13 02:00:00,34273.88
Wind Onshore,2026-03-13 03:00:00,35349.28
Wind Onshore,2026-03-13 04:00:00,37069.48
Wind Onshore,2026-03-13 05:00:00,41380.46
Wind Onshore,2026-03-13 06:00:00,41434.12
Wind Onshore,2026-03-13 07:00:00,39469.06
Wind Onshore,2026-03-13 08:00:00,33887.38
Wind Onshore,2026-03-13 09:00:00,28085.82
Wind Onshore,2026-03-13 10:00:00,24477.71
Wind Onshore,2026-03-13 11:00:00,23119.73
Wind Onshore,2026-03-13 12:00:00,25153.33
Wind Onshore,2026-03-13 13:00:00,25847.1
Wind Onshore,2026-03-13 14:00:00,24429.12
Wind Onshore,2026-03-13 15:00:00,22710.38
Wind Onshore,2026-03-13 16:00:00,20171.83
Wind Onshore,2026-03-13 17:00:00,18573.17
Wind Onshore,2026-03-13 18:00:00,17663.48
Wind Onshore,2026-03-13 19:00:00,16395.44
Wind Onshore,2026-03-13 20:00:00,15238.22
Wind Onshore,2026-03-13 21:00:00,14118.36
Wind Onshore,2026-03-13 22:00:00,13506.72
Wind Onshore,2026-03-13 23:00:00,13069.08
Wind Onshore,2026-03-14 00:00:00,13175.02
Wind Onshore,2026-03-14 01:00:00,12572.5
Wind Onshore,2026-03-14 02:00:00,11741.9
Wind Onshore,2026-03-14 03:00:00,11051.92
Wind Onshore,2026-03-14 04:00:00,10952.3
Wind Onshore,2026-03-14 05:00:00,10395.08
Wind Onshore,2026-03-14 06:00:00,9267.95
Wind Onshore,2026-03-14 07:00:00,8157.54
Wind Onshore,2026-03-14 08:00:00,7060.7
Wind Onshore,2026-03-14 09:00:00,6127.64
Wind Onshore,2026-03-14 10:00:00,5487.68
Wind Onshore,2026-03-14 11:00:00,4866.81
Wind Onshore,2026-03-14 12:00:00,4612.42
Wind Onshore,2026-03-14 13:00:00,4415.63
Wind Onshore,2026-03-14 14:00:00,4401.63
Wind Onshore,2026-03-14 15:00:00,4317.33
Wind Onshore,2026-03-14 16:00:00,4108.57
Wind Onshore,2026-03-14 17:00:00,3997.07
Wind Onshore,2026-03-14 18:00:00,4008.33
Wind Onshore,2026-03-14 19:00:00,3761.34
Wind Onshore,2026-03-14 20:00:00,3644.61
Wind Onshore,2026-03-14 21:00:00,3530.17
Wind Onshore,2026-03-14 22:00:00,3426.32
Wind Onshore,2026-03-14 23:00:00,3247.51
Wind Onshore,2026-03-15 00:00:00,3056.98
Wind Onshore,2026-03-15 01:00:00,2955.03
Wind Onshore,2026-03-15 02:00:00,2733.62
Wind Onshore,2026-03-15 03:00:00,2483.55
Wind Onshore,2026-03-15 04:00:00,2099.16
Wind Onshore,2026-03-15 05:00:00,1937.62
Wind Onshore,2026-03-15 06:00:00,1690.47
Wind Onshore,2026-03-15 07:00:00,1198.42
Wind Onshore,2026-03-15 08:00:00,825.03
Wind Onshore,2026-03-15 09:00:00,868.95
Wind Onshore,2026-03-15 10:00:00,1294.25
Wind Onshore,2026-03-15 11:00:00,1983.67
Wind Onshore,2026-03-15 12:00:00,2761.26
Wind Onshore,2026-03-15 13:00:00,3180.25
Wind Onshore,2026-03-15 14:00:00,3510.01
Wind Onshore,2026-03-15 15:00:00,3794.41
Wind Onshore,2026-03-15 16:00:00,4046.51
Wind Onshore,2026-03-15 17:00:00,7027.77
Wind Onshore,2026-03-15 18:00:00,11986.35
Wind Onshore,2026-03-15 19:00:00,16311.63
Wind Onshore,2026-03-15 20:00:00,19897.52
Wind Onshore,2026-03-15 21:00:00,21842.72
Wind Onshore,2026-03-15 22:00:00,24312.02
Wind Onshore,2026-03-15 23:00:00,26750.35
Wind Onshore,2026-03-16 00:00:00,28774.16
Wind Onshore,2026-03-16 01:00:00,29902.15
Wind Onshore,2026-03-16 02:00:00,29891.47
Wind Onshore,2026-03-16 03:00:00,28919.55
Wind Onshore,2026-03-16 04:00:00,29134.91
Wind Onshore,2026-03-16 05:00:00,29968.17
Wind Onshore,2026-03-16 06:00:00,27628.54
Wind Onshore,2026-03-16 07:00:00,25988.39
Wind Onshore,2026-03-16 08:00:00,26245.39
Wind Onshore,2026-03-16 09:00:00,27177.92
Wind Onshore,2026-03-16 10:00:00,27533.2
Wind Onshore,2026-03-16 11:00:00,27447.66
Wind Onshore,2026-03-16 12:00:00,27018.41
Wind Onshore,2026-03-16 13:00:00,25925.54
Wind Onshore,2026-03-16 14:00:00,24357.04
Wind Onshore,2026-03-16 15:00:00,21349.78
Wind Onshore,2026-03-16 16:00:00,15614.18
Wind Onshore,2026-03-16 17:00:00,13248.72
Wind Onshore,2026-03-16 18:00:00,12008.93
Wind Onshore,2026-03-16 19:00:00,11278.79
Wind Onshore,2026-03-16 20:00:00,10940.18
Wind Onshore,2026-03-16 21:00:00,10813.15
Wind Onshore,2026-03-16 22:00:00,10107.31
Wind Onshore,2026-03-16 23:00:00,9703.16
Wind Onshore,2026-03-17 00:00:00,9437.75
Wind Onshore,2026-03-17 01:00:00,8786.04
Wind Onshore,2026-03-17 02:00:00,7847.22
Wind Onshore,2026-03-17 03:00:00,6954.01
Wind Onshore,2026-03-17 04:00:00,6019.73
Wind Onshore,2026-03-17 05:00:00,5638.44
Wind Onshore,2026-03-17 06:00:00,5512.34
Wind Onshore,2026-03-17 07:00:00,4830.19
Wind Onshore,2026-03-17 08:00:00,3626.34
Wind Onshore,2026-03-17 09:00:00,2831.74
Wind Onshore,2026-03-17 10:00:00,2826.59
Wind Onshore,2026-03-17 11:00:00,2864.21
Wind Onshore,2026-03-17 12:00:00,2688.99
Wind Onshore,2026-03-17 13:00:00,2718.9
Wind Onshore,2026-03-17 14:00:00,2904.08
Wind Onshore,2026-03-17 15:00:00,3143.62
Wind Onshore,2026-03-17 16:00:00,3762.15
Wind Onshore,2026-03-17 17:00:00,5803.96
Wind Onshore,2026-03-17 18:00:00,8919.62
Wind Onshore,2026-03-17 19:00:00,12239.69
Wind Onshore,2026-03-17 20:00:00,14672.26
Wind Onshore,2026-03-17 21:00:00,16243.9
Wind Onshore,2026-03-17 22:00:00,18046.3
Wind Onshore,2026-03-17 23:00:00,19651.37
Wind Onshore,2026-03-18 00:00:00,20550.37
Wind Onshore,2026-03-18 01:00:00,21017.74
Wind Onshore,2026-03-18 02:00:00,20970.24
Wind Onshore,2026-03-18 03:00:00,20638.66
Wind Onshore,2026-03-18 04:00:00,19923.31
Wind Onshore,2026-03-18 05:00:00,20518.44
Wind Onshore,2026-03-18 06:00:00,18710.09
Wind Onshore,2026-03-18 07:00:00,14375.63
Wind Onshore,2026-03-18 08:00:00,10221.89
Wind Onshore,2026-03-18 09:00:00,7986.54
Wind Onshore,2026-03-18 10:00:00,7506.18
Wind Onshore,2026-03-18 11:00:00,6807.78
Wind Onshore,2026-03-18 12:00:00,6868.83
Wind Onshore,2026-03-18 13:00:00,8022.05
Wind Onshore,2026-03-18 14:00:00,9920.84
Wind Onshore,2026-03-18 15:00:00,10660.5
Wind Onshore,2026-03-18 16:00:00,10533.83
Wind Onshore,2026-03-18 17:00:00,12069.86
Wind Onshore,2026-03-18 18:00:00,15089.4
Wind Onshore,2026-03-18 19:00:00,16696.19
Wind Onshore,2026-03-18 20:00:00,17274.79
Wind Onshore,2026-03-18 21:00:00,16075.91
Wind Onshore,2026-03-18 22:00:00,14897.21
Wind Onshore,2026-03-18 23:00:00,13775.89
Wind Onshore,2026-03-19 00:00:00,12241.01
Wind Onshore,2026-03-19 01:00:00,10270.98
Wind Onshore,2026-03-19 02:00:00,8720.07
Wind Onshore,2026-03-19 03:00:00,7340.77
Wind Onshore,2026-03-19 04:00:00,6230.69
Wind Onshore,2026-03-19 05:00:00,5532.11
Wind Onshore,2026-03-19 06:00:00,4673.03
Wind Onshore,2026-03-19 07:00:00,3107.36
Wind Onshore,2026-03-19 08:00:00,1572.08
Wind Onshore,2026-03-19 09:00:00,1135.71
Wind Onshore,2026-03-19 10:00:00,1559.34
Wind Onshore,2026-03-19 11:00:00,1723.87
Wind Onshore,2026-03-19 12:00:00,1853.67
Wind Onshore,2026-03-19 13:00:00,2150.82
Wind Onshore,2026-03-19 14:00:00,2542.51
Wind Onshore,2026-03-19 15:00:00,2764.49
Wind Onshore,2026-03-19 16:00:00,3060.23
Wind Onshore,2026-03-19 17:00:00,4227.37
Wind Onshore,2026-03-19 18:00:00,5653.26
Wind Onshore,2026-03-19 19:00:00,6716.26
Wind Onshore,2026-03-19 20:00:00,7107.23
Wind Onshore,2026-03-19 21:00:00,6741.04
Wind Onshore,2026-03-19 22:00:00,6468.53
Wind Onshore,2026-03-19 23:00:00,5846.7
Wind Onshore,2026-03-20 00:00:00,4997.83
Wind Onshore,2026-03-20 01:00:00,4389.61
Wind Onshore,2026-03-20 02:00:00,4173.07
Wind Onshore,2026-03-20 03:00:00,4333.94
Wind Onshore,2026-03-20 04:00:00,4401.38
Wind Onshore,2026-03-20 05:00:00,4081.78
Wind Onshore,2026-03-20 06:00:00,3223.38
Wind Onshore,2026-03-20 07:00:00,1862.14
Wind Onshore,2026-03-20 08:00:00,836.85
Wind Onshore,2026-03-20 09:00:00,632.18
Wind Onshore,2026-03-20 10:00:00,838.02
Wind Onshore,2026-03-20 11:00:00,1059.24
Wind Onshore,2026-03-20 12:00:00,1188.29
Wind Onshore,2026-03-20 13:00:00,1349.6
Wind Onshore,2026-03-20 14:00:00,1642.35
Wind Onshore,2026-03-20 15:00:00,2140.14
Wind Onshore,2026-03-20 16:00:00,2701.68
Wind Onshore,2026-03-20 17:00:00,4052.18
Wind Onshore,2026-03-20 18:00:00,5703.63
Wind Onshore,2026-03-20 19:00:00,6512.77
Wind Onshore,2026-03-20 20:00:00,6495.07
Wind Onshore,2026-03-20 21:00:00,6079.38
Wind Onshore,2026-03-20 22:00:00,5425.79
Wind Onshore,2026-03-20 23:00:00,4970.17
Wind Onshore,2026-03-21 00:00:00,4746.91
Wind Onshore,2026-03-21 01:00:00,4136.49
Wind Onshore,2026-03-21 02:00:00,3594.77
Wind Onshore,2026-03-21 03:00:00,3575.12
Wind Onshore,2026-03-21 04:00:00,3455.43
Wind Onshore,2026-03-21 05:00:00,3374.09
Wind Onshore,2026-03-21 06:00:00,3287.48
Wind Onshore,2026-03-21 07:00:00,2688.01
Wind Onshore,2026-03-21 08:00:00,1827.92
Wind Onshore,2026-03-21 09:00:00,1938.37
Wind Onshore,2026-03-21 10:00:00,2817.96
Wind Onshore,2026-03-21 11:00:00,3790.23
Wind Onshore,2026-03-21 12:00:00,4335.21
Wind Onshore,2026-03-21 13:00:00,4848.44
Wind Onshore,2026-03-21 14:00:00,5609.62
Wind Onshore,2026-03-21 15:00:00,6408.61
Wind Onshore,2026-03-21 16:00:00,7379.64
Wind Onshore,2026-03-21 17:00:00,9342.52
Wind Onshore,2026-03-21 18:00:00,12359.17
Wind Onshore,2026-03-21 19:00:00,14458.42
Wind Onshore,2026-03-21 20:00:00,15661.54
Wind Onshore,2026-03-21 21:00:00,15985.79
Wind Onshore,2026-03-21 22:00:00,16311.16
Wind Onshore,2026-03-21 23:00:00,16556.22
Wind Onshore,2026-03-22 00:00:00,16363.72
Wind Onshore,2026-03-22 01:00:00,16051.43
Wind Onshore,2026-03-22 02:00:00,15662.14
Wind Onshore,2026-03-22 03:00:00,15542.27
Wind Onshore,2026-03-22 04:00:00,15431.33
Wind Onshore,2026-03-22 05:00:00,15335.54
Wind Onshore,2026-03-22 06:00:00,13470.39
Wind Onshore,2026-03-22 07:00:00,9672.39
Wind Onshore,2026-03-22 08:00:00,5633.39
Wind Onshore,2026-03-22 09:00:00,4872.55
Wind Onshore,2026-03-22 10:00:00,5498.68
Wind Onshore,2026-03-22 11:00:00,5273.69
Wind Onshore,2026-03-22 12:00:00,5334.33
Wind Onshore,2026-03-22 13:00:00,6532.12
Wind Onshore,2026-03-22 14:00:00,6973.17
Wind Onshore,2026-03-22 15:00:00,7166.34
Wind Onshore,2026-03-22 16:00:00,6593.24
Wind Onshore,2026-03-22 17:00:00,6954.95
Wind Onshore,2026-03-22 18:00:00,8974.08
Wind Onshore,2026-03-22 19:00:00,9975.19
Wind Onshore,2026-03-22 20:00:00,9804.47
Wind Onshore,2026-03-22 21:00:00,8542.94
Wind Onshore,2026-03-22 22:00:00,6683.71
Wind Onshore,2026-03-22 23:00:00,4794.03
Wind Onshore,2026-03-23 00:00:00,3242.83
Wind Onshore,2026-03-23 01:00:00,2175.69
Wind Onshore,2026-03-23 02:00:00,1535.27
Wind Onshore,2026-03-23 03:00:00,1137.4
Wind Onshore,2026-03-23 04:00:00,954.94
Wind Onshore,2026-03-23 05:00:00,836.12
Wind Onshore,2026-03-23 06:00:00,859.27
Wind Onshore,2026-03-23 07:00:00,752.81
Wind Onshore,2026-03-23 08:00:00,408.98
Wind Onshore,2026-03-23 09:00:00,238.29
Wind Onshore,2026-03-23 10:00:00,298.62
Wind Onshore,2026-03-23 11:00:00,469.35
Wind Onshore,2026-03-23 12:00:00,809.97
Wind Onshore,2026-03-23 13:00:00,1107.61
Wind Onshore,2026-03-23 14:00:00,1158.06
Wind Onshore,2026-03-23 15:00:00,821.67
Wind Onshore,2026-03-23 16:00:00,725.58
Wind Onshore,2026-03-23 17:00:00,778.31
Wind Onshore,2026-03-23 18:00:00,871.27
Wind Onshore,2026-03-23 19:00:00,875.44
Wind Onshore,2026-03-23 20:00:00,1016.22
Wind Onshore,2026-03-23 21:00:00,1290.65
Wind Onshore,2026-03-23 22:00:00,1826.28
Wind Onshore,2026-03-23 23:00:00,2880.07
Wind Onshore,2026-03-24 00:00:00,4777.46
Wind Onshore,2026-03-24 01:00:00,7159.29
Wind Onshore,2026-03-24 02:00:00,9815.72
Wind Onshore,2026-03-24 03:00:00,12052.08
Wind Onshore,2026-03-24 04:00:00,14641.04
Wind Onshore,2026-03-24 05:00:00,18083.31
Wind Onshore,2026-03-24 06:00:00,19531.92
Wind Onshore,2026-03-24 07:00:00,19407.2
Wind Onshore,2026-03-24 08:00:00,17974.89
Wind Onshore,2026-03-24 09:00:00,17567.73
Wind Onshore,2026-03-24 10:00:00,18356.44
Wind Onshore,2026-03-24 11:00:00,19129.1
Wind Onshore,2026-03-24 12:00:00,20710.4
Wind Onshore,2026-03-24 13:00:00,23423.83
Wind Onshore,2026-03-24 14:00:00,27355.25
Wind Onshore,2026-03-24 15:00:00,26998.65
Wind Onshore,2026-03-24 16:00:00,26113.6
Wind Onshore,2026-03-24 17:00:00,28757.67
Wind Onshore,2026-03-24 18:00:00,33421.47
Wind Onshore,2026-03-24 19:00:00,37439.89
Wind Onshore,2026-03-24 20:00:00,39597.67
Wind Onshore,2026-03-24 21:00:00,39007.21
Wind Onshore,2026-03-24 22:00:00,38878.82
Wind Onshore,2026-03-24 23:00:00,39135.95
Wind Onshore,2026-03-25 00:00:00,38844.81
Wind Onshore,2026-03-25 01:00:00,38098.69
Wind Onshore,2026-03-25 02:00:00,37663.8
Wind Onshore,2026-03-25 03:00:00,38797.93
Wind Onshore,2026-03-25 04:00:00,41906.06
Wind Onshore,2026-03-25 05:00:00,45595.03
Wind Onshore,2026-03-25 06:00:00,46140.31
Wind Onshore,2026-03-25 07:00:00,44098.28
Wind Onshore,2026-03-25 08:00:00,41334.55
Wind Onshore,2026-03-25 09:00:00,40405.85
Wind Onshore,2026-03-25 10:00:00,38890.48
Wind Onshore,2026-03-25 11:00:00,35767.16
Wind Onshore,2026-03-25 12:00:00,32386.71
Wind Onshore,2026-03-25 13:00:00,30662.57
Wind Onshore,2026-03-25 14:00:00,28492.87
Wind Onshore,2026-03-25 15:00:00,25782.13
Wind Onshore,2026-03-25 16:00:00,23624.18
Wind Onshore,2026-03-25 17:00:00,22321.83
Wind Onshore,2026-03-25 18:00:00,21957.31
Wind Onshore,2026-03-25 19:00:00,21960.43
Wind Onshore,2026-03-25 20:00:00,22022.19
Wind Onshore,2026-03-25 21:00:00,21769.27
Wind Onshore,2026-03-25 22:00:00,21823.35
Wind Onshore,2026-03-25 23:00:00,21675.58
Wind Onshore,2026-03-26 00:00:00,21562.86
Wind Onshore,2026-03-26 01:00:00,22444.3
Wind Onshore,2026-03-26 02:00:00,22782.72
Wind Onshore,2026-03-26 03:00:00,22694.38
Wind Onshore,2026-03-26 04:00:00,22044.46
Wind Onshore,2026-03-26 05:00:00,22152.68
Wind Onshore,2026-03-26 06:00:00,20624.77
Wind Onshore,2026-03-26 07:00:00,21714.8
Wind Onshore,2026-03-26 08:00:00,23094.29
Wind Onshore,2026-03-26 09:00:00,23237.04
Wind Onshore,2026-03-26 10:00:00,23111.07
Wind Onshore,2026-03-26 11:00:00,22855.72
Wind Onshore,2026-03-26 12:00:00,23086.55
Wind Onshore,2026-03-26 13:00:00,22932.28
Wind Onshore,2026-03-26 14:00:00,22842.53
Wind Onshore,2026-03-26 15:00:00,22651.31
Wind Onshore,2026-03-26 16:00:00,19841.9
Wind Onshore,2026-03-26 17:00:00,15975.93
Wind Onshore,2026-03-26 18:00:00,14818.83
Wind Onshore,2026-03-26 19:00:00,15655.91
Wind Onshore,2026-03-26 20:00:00,16560.37
Wind Onshore,2026-03-26 21:00:00,16519.25
Wind Onshore,2026-03-26 22:00:00,16172.84
Wind Onshore,2026-03-26 23:00:00,14821.94
Wind Onshore,2026-03-27 00:00:00,13698.53
Wind Onshore,2026-03-27 01:00:00,12266.7
Wind Onshore,2026-03-27 02:00:00,10864.74
Wind Onshore,2026-03-27 03:00:00,9883.18
Wind Onshore,2026-03-27 04:00:00,8945.99
Wind Onshore,2026-03-27 05:00:00,7880.33
Wind Onshore,2026-03-27 06:00:00,5878.84
Wind Onshore,2026-03-27 07:00:00,3832.5
Wind Onshore,2026-03-27 08:00:00,3458.17
Wind Onshore,2026-03-27 09:00:00,4399.83
Wind Onshore,2026-03-27 10:00:00,5305.95
Wind Onshore,2026-03-27 11:00:00,5773.24
Wind Onshore,2026-03-27 12:00:00,5785.2
Wind Onshore,2026-03-27 13:00:00,6000.24
Wind Onshore,2026-03-27 14:00:00,6339.63
Wind Onshore,2026-03-27 15:00:00,6241.43
Wind Onshore,2026-03-27 16:00:00,5913.9
Wind Onshore,2026-03-27 17:00:00,6223.74
Wind Onshore,2026-03-27 18:00:00,8554.63
Wind Onshore,2026-03-27 19:00:00,11763.92
Wind Onshore,2026-03-27 20:00:00,14408.11
Wind Onshore,2026-03-27 21:00:00,15873.98
Wind Onshore,2026-03-27 22:00:00,18039.17
Wind Onshore,2026-03-27 23:00:00,19382.71
Wind Onshore,2026-03-28 00:00:00,20160.87
Wind Onshore,2026-03-28 01:00:00,20023.18
Wind Onshore,2026-03-28 02:00:00,19450.16
Wind Onshore,2026-03-28 03:00:00,18885.53
Wind Onshore,2026-03-28 04:00:00,17668.41
Wind Onshore,2026-03-28 05:00:00,16648.49
Wind Onshore,2026-03-28 06:00:00,14476.21
Wind Onshore,2026-03-28 07:00:00,10905.39
Wind Onshore,2026-03-28 08:00:00,9568.44
Wind Onshore,2026-03-28 09:00:00,10022.65
Wind Onshore,2026-03-28 10:00:00,10523.45
Wind Onshore,2026-03-28 11:00:00,10914.89
Wind Onshore,2026-03-28 12:00:00,10838.73
Wind Onshore,2026-03-28 13:00:00,11894.58
Wind Onshore,2026-03-28 14:00:00,11746.86
Wind Onshore,2026-03-28 15:00:00,11002.44
Wind Onshore,2026-03-28 16:00:00,9965.75
Wind Onshore,2026-03-28 17:00:00,8804.61
Wind Onshore,2026-03-28 18:00:00,8311.82
Wind Onshore,2026-03-28 19:00:00,9097.37
Wind Onshore,2026-03-28 20:00:00,10247.8
Wind Onshore,2026-03-28 21:00:00,11185.3
Wind Onshore,2026-03-28 22:00:00,11409.4
Wind Onshore,2026-03-28 23:00:00,10723.97
Wind Onshore,2026-03-29 00:00:00,10891.1
Wind Onshore,2026-03-29 01:00:00,11088.29
Wind Onshore,2026-03-29 02:00:00,10497.07
Wind Onshore,2026-03-29 03:00:00,10228.32
Wind Onshore,2026-03-29 04:00:00,9988.76
Wind Onshore,2026-03-29 05:00:00,8626.68
Wind Onshore,2026-03-29 06:00:00,7408.49
Wind Onshore,2026-03-29 07:00:00,5645.74
Wind Onshore,2026-03-29 08:00:00,5517.71
Wind Onshore,2026-03-29 09:00:00,6620.38
Wind Onshore,2026-03-29 10:00:00,7673.08
Wind Onshore,2026-03-29 11:00:00,7848.64
Wind Onshore,2026-03-29 12:00:00,8647.01
Wind Onshore,2026-03-29 13:00:00,11524.6
Wind Onshore,2026-03-29 14:00:00,15309.78
Wind Onshore,2026-03-29 15:00:00,16233.6
Wind Onshore,2026-03-29 16:00:00,16082.28
Wind Onshore,2026-03-29 17:00:00,18004.48
Wind Onshore,2026-03-29 18:00:00,23602.81
Wind Onshore,2026-03-29 19:00:00,29688.35
Wind Onshore,2026-03-29 20:00:00,32627.03
Wind Onshore,2026-03-29 21:00:00,35036.01
Wind Onshore,2026-03-29 22:00:00,35950.94
Wind Onshore,2026-03-29 23:00:00,36654.8
Wind Onshore,2026-03-30 00:00:00,35311.26
Wind Onshore,2026-03-30 01:00:00,34774.36
Wind Onshore,2026-03-30 02:00:00,33704.89
Wind Onshore,2026-03-30 03:00:00,33105.32
Wind Onshore,2026-03-30 04:00:00,34484.78
Wind Onshore,2026-03-30 05:00:00,32766.42
Wind Onshore,2026-03-30 06:00:00,29100.73
Wind Onshore,2026-03-30 07:00:00,26810.69
Wind Onshore,2026-03-30 08:00:00,26277.01
Wind Onshore,2026-03-30 09:00:00,26247.55
Wind Onshore,2026-03-30 10:00:00,24982.95
Wind Onshore,2026-03-30 11:00:00,23772.78
Wind Onshore,2026-03-30 12:00:00,22551.14
Wind Onshore,2026-03-30 13:00:00,22116.25
Wind Onshore,2026-03-30 14:00:00,22420.62
Wind Onshore,2026-03-30 15:00:00,22378.04
Wind Onshore,2026-03-30 16:00:00,21118.83
Wind Onshore,2026-03-30 17:00:00,18951.77
Wind Onshore,2026-03-30 18:00:00,17846.15
Wind Onshore,2026-03-30 19:00:00,17787.87
Wind Onshore,2026-03-30 20:00:00,17823.98
Wind Onshore,2026-03-30 21:00:00,18400.01
Wind Onshore,2026-03-30 22:00:00,18476.69
Wind Onshore,2026-03-30 23:00:00,17944.66
Wind Onshore,2026-03-31 00:00:00,17219.52
Wind Onshore,2026-03-31 01:00:00,16976.47
Wind Onshore,2026-03-31 02:00:00,17126.54
Wind Onshore,2026-03-31 03:00:00,16891.68
Wind Onshore,2026-03-31 04:00:00,16411.35
Wind Onshore,2026-03-31 05:00:00,15547.64
Wind Onshore,2026-03-31 06:00:00,14222.02
Wind Onshore,2026-03-31 07:00:00,12914.71
Wind Onshore,2026-03-31 08:00:00,13674.28
Wind Onshore,2026-03-31 09:00:00,15970.26
Wind Onshore,2026-03-31 10:00:00,17931.47
Wind Onshore,2026-03-31 11:00:00,19164.8
Wind Onshore,2026-03-31 12:00:00,20159.0
Wind Onshore,2026-03-31 13:00:00,20258.83
Wind Onshore,2026-03-31 14:00:00,20214.94
Wind Onshore,2026-03-31 15:00:00,18640.47
Wind Onshore,2026-03-31 16:00:00,15775.61
Wind Onshore,2026-03-31 17:00:00,13484.03
Wind Onshore,2026-03-31 18:00:00,12146.39
Wind Onshore,2026-03-31 19:00:00,10981.36
Wind Onshore,2026-03-31 20:00:00,9765.19
Wind Onshore,2026-03-31 21:00:00,8383.26
Wind Onshore,2026-03-31 22:00:00,6869.47
Wind Onshore,2026-03-31 23:00:00,5515.19
Wind Onshore,2026-04-01 00:00:00,4565.96
Wind Onshore,2026-04-01 01:00:00,3810.38
Wind Onshore,2026-04-01 02:00:00,2751.56
Wind Onshore,2026-04-01 03:00:00,1837.7
Wind Onshore,2026-04-01 04:00:00,1303.11
Wind Onshore,2026-04-01 05:00:00,1096.75
Wind Onshore,2026-04-01 06:00:00,1021.64
Wind Onshore,2026-04-01 07:00:00,795.14
Wind Onshore,2026-04-01 08:00:00,698.5
Wind Onshore,2026-04-01 09:00:00,593.52
Wind Onshore,2026-04-01 10:00:00,622.93
Wind Onshore,2026-04-01 11:00:00,804.99
Wind Onshore,2026-04-01 12:00:00,1032.25
Wind Onshore,2026-04-01 13:00:00,1233.11
Wind Onshore,2026-04-01 14:00:00,1295.9
Wind Onshore,2026-04-01 15:00:00,1215.27
Wind Onshore,2026-04-01 16:00:00,1031.33
Wind Onshore,2026-04-01 17:00:00,1187.5
Wind Onshore,2026-04-01 18:00:00,1949.78
Wind Onshore,2026-04-01 19:00:00,2831.86
Wind Onshore,2026-04-01 20:00:00,3644.73
Wind Onshore,2026-04-01 21:00:00,4438.92
Wind Onshore,2026-04-01 22:00:00,4920.54
Wind Onshore,2026-04-01 23:00:00,5236.74
Wind Onshore,2026-04-02 00:00:00,5546.24
Wind Onshore,2026-04-02 01:00:00,5723.84
Wind Onshore,2026-04-02 02:00:00,5828.92
Wind Onshore,2026-04-02 03:00:00,5697.74
Wind Onshore,2026-04-02 04:00:00,5637.05
Wind Onshore,2026-04-02 05:00:00,5456.94
Wind Onshore,2026-04-02 06:00:00,5032.64
Wind Onshore,2026-04-02 07:00:00,3584.22
Wind Onshore,2026-04-02 08:00:00,2496.94
Wind Onshore,2026-04-02 09:00:00,2440.23
Wind Onshore,2026-04-02 10:00:00,3029.45
Wind Onshore,2026-04-02 11:00:00,3414.43
Wind Onshore,2026-04-02 12:00:00,4072.11
Wind Onshore,2026-04-02 13:00:00,5369.7
Wind Onshore,2026-04-02 14:00:00,6985.36
Wind Onshore,2026-04-02 15:00:00,8619.68
Wind Onshore,2026-04-02 16:00:00,9504.17
Wind Onshore,2026-04-02 17:00:00,9074.06
Wind Onshore,2026-04-02 18:00:00,8857.88
Wind Onshore,2026-04-02 19:00:00,8488.46
Wind Onshore,2026-04-02 20:00:00,8611.53
Wind Onshore,2026-04-02 21:00:00,8663.34
Wind Onshore,2026-04-02 22:00:00,9068.66
Wind Onshore,2026-04-02 23:00:00,9516.63
Wind Onshore,2026-04-03 00:00:00,9868.06
Wind Onshore,2026-04-03 01:00:00,9420.79
Wind Onshore,2026-04-03 02:00:00,8897.22
Wind Onshore,2026-04-03 03:00:00,8122.27
Wind Onshore,2026-04-03 04:00:00,7266.98
Wind Onshore,2026-04-03 05:00:00,6133.34
Wind Onshore,2026-04-03 06:00:00,5500.17
Wind Onshore,2026-04-03 07:00:00,5199.55
Wind Onshore,2026-04-03 08:00:00,7818.49
Wind Onshore,2026-04-03 09:00:00,9797.52
Wind Onshore,2026-04-03 10:00:00,9518.63
Wind Onshore,2026-04-03 11:00:00,8675.46
Wind Onshore,2026-04-03 12:00:00,8909.02
Wind Onshore,2026-04-03 13:00:00,11152.41
Wind Onshore,2026-04-03 14:00:00,15564.42
Wind Onshore,2026-04-03 15:00:00,19861.12
Wind Onshore,2026-04-03 16:00:00,21424.82
Wind Onshore,2026-04-03 17:00:00,22116.13
Wind Onshore,2026-04-03 18:00:00,26471.5
Wind Onshore,2026-04-03 19:00:00,31686.8
Wind Onshore,2026-04-03 20:00:00,34026.07
Wind Onshore,2026-04-03 21:00:00,35709.07
Wind Onshore,2026-04-03 22:00:00,37892.79
Wind Onshore,2026-04-03 23:00:00,38219.88
Wind Onshore,2026-04-04 00:00:00,38143.58
Wind Onshore,2026-04-04 01:00:00,37651.18
Wind Onshore,2026-04-04 02:00:00,36785.88
Wind Onshore,2026-04-04 03:00:00,35081.35
Wind Onshore,2026-04-04 04:00:00,34473.19
Wind Onshore,2026-04-04 05:00:00,31463.37
Wind Onshore,2026-04-04 06:00:00,28848.91
Wind Onshore,2026-04-04 07:00:00,27081.28
Wind Onshore,2026-04-04 08:00:00,25165.86
Wind Onshore,2026-04-04 09:00:00,21825.29
Wind Onshore,2026-04-04 10:00:00,20391.15
Wind Onshore,2026-04-04 11:00:00,20625.88
Wind Onshore,2026-04-04 12:00:00,21348.41
Wind Onshore,2026-04-04 13:00:00,21036.58
Wind Onshore,2026-04-04 14:00:00,19723.02
Wind Onshore,2026-04-04 15:00:00,16884.74
Wind Onshore,2026-04-04 16:00:00,12906.36
Wind Onshore,2026-04-04 17:00:00,9243.85
Wind Onshore,2026-04-04 18:00:00,10108.15
Wind Onshore,2026-04-04 19:00:00,13929.57
Wind Onshore,2026-04-04 20:00:00,19316.54
Wind Onshore,2026-04-04 21:00:00,24769.15
Wind Onshore,2026-04-04 22:00:00,28582.83
Wind Onshore,2026-04-04 23:00:00,30188.89
Wind Onshore,2026-04-05 00:00:00,30565.67
Wind Onshore,2026-04-05 01:00:00,30984.87
Wind Onshore,2026-04-05 02:00:00,32304.86
Wind Onshore,2026-04-05 03:00:00,33286.22
Wind Onshore,2026-04-05 04:00:00,35996.23
Wind Onshore,2026-04-05 05:00:00,35536.3
Wind Onshore,2026-04-05 06:00:00,34367.71
Wind Onshore,2026-04-05 07:00:00,29986.18
Wind Onshore,2026-04-05 08:00:00,22503.8
Wind Onshore,2026-04-05 09:00:00,17908.3
Wind Onshore,2026-04-05 10:00:00,13093.31
Wind Onshore,2026-04-05 11:00:00,10456.51
Wind Onshore,2026-04-05 12:00:00,10319.93
Wind Onshore,2026-04-05 13:00:00,11855.91
Wind Onshore,2026-04-05 14:00:00,17708.8
Wind Onshore,2026-04-05 15:00:00,28921.71
Wind Onshore,2026-04-05 16:00:00,32448.41
Wind Onshore,2026-04-05 17:00:00,33548.45
Wind Onshore,2026-04-05 18:00:00,31733.74
Wind Onshore,2026-04-05 19:00:00,31049.57
Wind Onshore,2026-04-05 20:00:00,30366.32
Wind Onshore,2026-04-05 21:00:00,29745.11
Wind Onshore,2026-04-05 22:00:00,29618.28
Wind Onshore,2026-04-05 23:00:00,29301.18
Wind Onshore,2026-04-06 00:00:00,27870.57
Wind Onshore,2026-04-06 01:00:00,27481.9
Wind Onshore,2026-04-06 02:00:00,26046.72
Wind Onshore,2026-04-06 03:00:00,25155.35
Wind Onshore,2026-04-06 04:00:00,25656.66
Wind Onshore,2026-04-06 05:00:00,23659.78
Wind Onshore,2026-04-06 06:00:00,19209.45
Wind Onshore,2026-04-06 07:00:00,17287.5
Wind Onshore,2026-04-06 08:00:00,15991.76
Wind Onshore,2026-04-06 09:00:00,10474.09
Wind Onshore,2026-04-06 10:00:00,6990.21
Wind Onshore,2026-04-06 11:00:00,5145.06
Wind Onshore,2026-04-06 12:00:00,4676.95
Wind Onshore,2026-04-06 13:00:00,5063.82
Wind Onshore,2026-04-06 14:00:00,9030.19
Wind Onshore,2026-04-06 15:00:00,15059.75
Wind Onshore,2026-04-06 16:00:00,18305.95
Wind Onshore,2026-04-06 17:00:00,15682.61
Wind Onshore,2026-04-06 18:00:00,13568.59
Wind Onshore,2026-04-06 19:00:00,13398.37
Wind Onshore,2026-04-06 20:00:00,13315.83
Wind Onshore,2026-04-06 21:00:00,13176.14
Wind Onshore,2026-04-06 22:00:00,12736.87
Wind Onshore,2026-04-06 23:00:00,12458.91
Wind Onshore,2026-04-07 00:00:00,12345.01
Wind Onshore,2026-04-07 01:00:00,11534.0
Wind Onshore,2026-04-07 02:00:00,10997.65
Wind Onshore,2026-04-07 03:00:00,10632.29
Wind Onshore,2026-04-07 04:00:00,10338.08
Wind Onshore,2026-04-07 05:00:00,9238.97
Wind Onshore,2026-04-07 06:00:00,7952.08
Wind Onshore,2026-04-07 07:00:00,6925.09
Wind Onshore,2026-04-07 08:00:00,5799.01
Wind Onshore,2026-04-07 09:00:00,4686.36
Wind Onshore,2026-04-07 10:00:00,4092.72
Wind Onshore,2026-04-07 11:00:00,3350.74
Wind Onshore,2026-04-07 12:00:00,3048.94
Wind Onshore,2026-04-07 13:00:00,3572.38
Wind Onshore,2026-04-07 14:00:00,4329.26
Wind Onshore,2026-04-07 15:00:00,5144.09
Wind Onshore,2026-04-07 16:00:00,5357.46
Wind Onshore,2026-04-07 17:00:00,5511.78
Wind Onshore,2026-04-07 18:00:00,7493.56
Wind Onshore,2026-04-07 19:00:00,10441.29
Wind Onshore,2026-04-07 20:00:00,12176.01
Wind Onshore,2026-04-07 21:00:00,13200.15
Wind Onshore,2026-04-07 22:00:00,13685.97
Wind Onshore,2026-04-07 23:00:00,13679.13
Wind Onshore,2026-04-08 00:00:00,12593.28
Wind Onshore,2026-04-08 01:00:00,11109.84
Wind Onshore,2026-04-08 02:00:00,10039.64
Wind Onshore,2026-04-08 03:00:00,8746.98
Wind Onshore,2026-04-08 04:00:00,7688.29
Wind Onshore,2026-04-08 05:00:00,6636.86
Wind Onshore,2026-04-08 06:00:00,4987.6
Wind Onshore,2026-04-08 07:00:00,2169.02
Wind Onshore,2026-04-08 08:00:00,1122.25
Wind Onshore,2026-04-08 09:00:00,1379.88
Wind Onshore,2026-04-08 10:00:00,1997.25
Wind Onshore,2026-04-08 11:00:00,2316.27
Wind Onshore,2026-04-08 12:00:00,2980.27
Wind Onshore,2026-04-08 13:00:00,3953.27
Wind Onshore,2026-04-08 14:00:00,5036.13
Wind Onshore,2026-04-08 15:00:00,6085.27
Wind Onshore,2026-04-08 16:00:00,7101.07
Wind Onshore,2026-04-08 17:00:00,7956.01
Wind Onshore,2026-04-08 18:00:00,11121.18
Wind Onshore,2026-04-08 19:00:00,14996.87
Wind Onshore,2026-04-08 20:00:00,16472.85
Wind Onshore,2026-04-08 21:00:00,17600.0
Wind Onshore,2026-04-08 22:00:00,17739.78
Wind Onshore,2026-04-08 23:00:00,17297.34
Wind Onshore,2026-04-09 00:00:00,16934.04
Wind Onshore,2026-04-09 01:00:00,16134.46
Wind Onshore,2026-04-09 02:00:00,15606.4
Wind Onshore,2026-04-09 03:00:00,15196.12
Wind Onshore,2026-04-09 04:00:00,14945.42
Wind Onshore,2026-04-09 05:00:00,13463.57
Wind Onshore,2026-04-09 06:00:00,11128.1
Wind Onshore,2026-04-09 07:00:00,8594.34
Wind Onshore,2026-04-09 08:00:00,8063.68
Wind Onshore,2026-04-09 09:00:00,8389.57
Wind Onshore,2026-04-09 10:00:00,8781.62
Wind Onshore,2026-04-09 11:00:00,8025.48
Wind Onshore,2026-04-09 12:00:00,7859.5
Wind Onshore,2026-04-09 13:00:00,9350.87
Wind Onshore,2026-04-09 14:00:00,9959.18
Wind Onshore,2026-04-09 15:00:00,11134.0
Wind Onshore,2026-04-09 16:00:00,11660.21
Wind Onshore,2026-04-09 17:00:00,13818.11
Wind Onshore,2026-04-09 18:00:00,17642.36
Wind Onshore,2026-04-09 19:00:00,20735.7
Wind Onshore,2026-04-09 20:00:00,21848.24
Wind Onshore,2026-04-09 21:00:00,22789.73
Wind Onshore,2026-04-09 22:00:00,23642.75
Wind Onshore,2026-04-09 23:00:00,24016.75
Wind Onshore,2026-04-10 00:00:00,23746.66
Wind Onshore,2026-04-10 01:00:00,23885.15
Wind Onshore,2026-04-10 02:00:00,23739.48
Wind Onshore,2026-04-10 03:00:00,23614.2
Wind Onshore,2026-04-10 04:00:00,23021.59
Wind Onshore,2026-04-10 05:00:00,21338.66
Wind Onshore,2026-04-10 06:00:00,16792.28
Wind Onshore,2026-04-10 07:00:00,14477.34
Wind Onshore,2026-04-10 08:00:00,12014.14
Wind Onshore,2026-04-10 09:00:00,8652.54
Wind Onshore,2026-04-10 10:00:00,6190.25
Wind Onshore,2026-04-10 11:00:00,5533.18
Wind Onshore,2026-04-10 12:00:00,5373.45
Wind Onshore,2026-04-10 13:00:00,5470.68
Wind Onshore,2026-04-10 14:00:00,5359.73
Wind Onshore,2026-04-10 15:00:00,4614.67
Wind Onshore,2026-04-10 16:00:00,3249.35
Wind Onshore,2026-04-10 17:00:00,2246.59
Wind Onshore,2026-04-10 18:00:00,2154.93
Wind Onshore,2026-04-10 19:00:00,2146.78
Wind Onshore,2026-04-10 20:00:00,2565.51
Wind Onshore,2026-04-10 21:00:00,3793.83
Wind Onshore,2026-04-10 22:00:00,5701.58
Wind Onshore,2026-04-10 23:00:00,7895.29
Wind Onshore,2026-04-11 00:00:00,9879.21
Wind Onshore,2026-04-11 01:00:00,11239.79
Wind Onshore,2026-04-11 02:00:00,12131.45
Wind Onshore,2026-04-11 03:00:00,12670.45
Wind Onshore,2026-04-11 04:00:00,13807.65
Wind Onshore,2026-04-11 05:00:00,13803.96
Wind Onshore,2026-04-11 06:00:00,12488.09
Wind Onshore,2026-04-11 07:00:00,9890.8
Wind Onshore,2026-04-11 08:00:00,9723.5
Wind Onshore,2026-04-11 09:00:00,10524.05
Wind Onshore,2026-04-11 10:00:00,10211.49
Wind Onshore,2026-04-11 11:00:00,9840.26
Wind Onshore,2026-04-11 12:00:00,11430.46
Wind Onshore,2026-04-11 13:00:00,14722.24
Wind Onshore,2026-04-11 14:00:00,19964.96
Wind Onshore,2026-04-11 15:00:00,23497.92
Wind Onshore,2026-04-11 16:00:00,24524.09
Wind Onshore,2026-04-11 17:00:00,24728.08
Wind Onshore,2026-04-11 18:00:00,28377.96
Wind Onshore,2026-04-11 19:00:00,30841.02
Wind Onshore,2026-04-11 20:00:00,29713.33
Wind Onshore,2026-04-11 21:00:00,26707.45
Wind Onshore,2026-04-11 22:00:00,24064.19
Wind Onshore,2026-04-11 23:00:00,20272.81
Wind Onshore,2026-04-12 00:00:00,18229.21
Wind Onshore,2026-04-12 01:00:00,16566.63
Wind Onshore,2026-04-12 02:00:00,15042.63
Wind Onshore,2026-04-12 03:00:00,13927.82
Wind Onshore,2026-04-12 04:00:00,12031.29
Wind Onshore,2026-04-12 05:00:00,9930.67
Wind Onshore,2026-04-12 06:00:00,7544.89
Wind Onshore,2026-04-12 07:00:00,5229.21
Wind Onshore,2026-04-12 08:00:00,3799.93
Wind Onshore,2026-04-12 09:00:00,2782.72
Wind Onshore,2026-04-12 10:00:00,2100.45
Wind Onshore,2026-04-12 11:00:00,1963.38
Wind Onshore,2026-04-12 12:00:00,1822.81
Wind Onshore,2026-04-12 13:00:00,1429.44
Wind Onshore,2026-04-12 14:00:00,1146.32
Wind Onshore,2026-04-12 15:00:00,1080.14
Wind Onshore,2026-04-12 16:00:00,979.63
Wind Onshore,2026-04-12 17:00:00,1237.96
Wind Onshore,2026-04-12 18:00:00,1817.76
Wind Onshore,2026-04-12 19:00:00,2552.27
Wind Onshore,2026-04-12 20:00:00,3075.27
Wind Onshore,2026-04-12 21:00:00,3129.45
Wind Onshore,2026-04-12 22:00:00,3137.74
Wind Onshore,2026-04-12 23:00:00,3099.13
Wind Onshore,2026-04-13 00:00:00,3057.24
Wind Onshore,2026-04-13 01:00:00,3052.54
Wind Onshore,2026-04-13 02:00:00,3535.17
Wind Onshore,2026-04-13 03:00:00,4406.06
Wind Onshore,2026-04-13 04:00:00,5531.32
Wind Onshore,2026-04-13 05:00:00,6247.25
Wind Onshore,2026-04-13 06:00:00,6599.93
Wind Onshore,2026-04-13 07:00:00,5946.44
Wind Onshore,2026-04-13 08:00:00,5399.47
Wind Onshore,2026-04-13 09:00:00,5574.04
Wind Onshore,2026-04-13 10:00:00,6137.44
Wind Onshore,2026-04-13 11:00:00,6545.93
Wind Onshore,2026-04-13 12:00:00,7331.01
Wind Onshore,2026-04-13 13:00:00,7610.25
Wind Onshore,2026-04-13 14:00:00,8133.85
Wind Onshore,2026-04-13 15:00:00,8495.51
Wind Onshore,2026-04-13 16:00:00,8861.94
Wind Onshore,2026-04-13 17:00:00,9279.72
Wind Onshore,2026-04-13 18:00:00,10014.77
Wind Onshore,2026-04-13 19:00:00,10613.79
Wind Onshore,2026-04-13 20:00:00,10063.71
Wind Onshore,2026-04-13 21:00:00,9321.71
Wind Onshore,2026-04-13 22:00:00,8681.0
Wind Onshore,2026-04-13 23:00:00,8529.78
Wind Onshore,2026-04-14 00:00:00,8377.11
Wind Onshore,2026-04-14 01:00:00,8040.1
Wind Onshore,2026-04-14 02:00:00,7590.0
Wind Onshore,2026-04-14 03:00:00,7488.63
Wind Onshore,2026-04-14 04:00:00,7598.05
Wind Onshore,2026-04-14 05:00:00,6870.13
Wind Onshore,2026-04-14 06:00:00,5773.15
Wind Onshore,2026-04-14 07:00:00,4850.67
Wind Onshore,2026-04-14 08:00:00,4648.98
Wind Onshore,2026-04-14 09:00:00,5227.2
Wind Onshore,2026-04-14 10:00:00,6118.84
Wind Onshore,2026-04-14 11:00:00,6712.15
Wind Onshore,2026-04-14 12:00:00,6626.53
Wind Onshore,2026-04-14 13:00:00,5743.85
Wind Onshore,2026-04-14 14:00:00,4850.56
Wind Onshore,2026-04-14 15:00:00,3837.84
Wind Onshore,2026-04-14 16:00:00,2839.23
Wind Onshore,2026-04-14 17:00:00,2017.96
Wind Onshore,2026-04-14 18:00:00,1858.2
Wind Onshore,2026-04-14 19:00:00,1937.75
Wind Onshore,2026-04-14 20:00:00,2040.99
Wind Onshore,2026-04-14 21:00:00,2120.96
Wind Onshore,2026-04-14 22:00:00,2340.88
Wind Onshore,2026-04-14 23:00:00,2587.9
Wind Onshore,2026-04-15 00:00:00,3189.74
Wind Onshore,2026-04-15 01:00:00,3829.63
Wind Onshore,2026-04-15 02:00:00,4160.02
Wind Onshore,2026-04-15 03:00:00,4359.92
Wind Onshore,2026-04-15 04:00:00,4845.85
Wind Onshore,2026-04-15 05:00:00,4828.39
Wind Onshore,2026-04-15 06:00:00,4361.67
Wind Onshore,2026-04-15 07:00:00,2363.25
Wind Onshore,2026-04-15 08:00:00,1361.35
Wind Onshore,2026-04-15 09:00:00,1779.55
Wind Onshore,2026-04-15 10:00:00,2332.67
Wind Onshore,2026-04-15 11:00:00,2211.6
Wind Onshore,2026-04-15 12:00:00,1967.75
Wind Onshore,2026-04-15 13:00:00,1639.21
Wind Onshore,2026-04-15 14:00:00,1289.05
Wind Onshore,2026-04-15 15:00:00,1129.19
Wind Onshore,2026-04-15 16:00:00,1412.31
Wind Onshore,2026-04-15 17:00:00,2204.55
Wind Onshore,2026-04-15 18:00:00,3086.1
Wind Onshore,2026-04-15 19:00:00,4376.96
Wind Onshore,2026-04-15 20:00:00,5720.74
Wind Onshore,2026-04-15 21:00:00,6780.04
Wind Onshore,2026-04-15 22:00:00,7198.91
Wind Onshore,2026-04-15 23:00:00,7204.98
Wind Onshore,2026-04-16 00:00:00,6974.17
Wind Onshore,2026-04-16 01:00:00,6687.54
Wind Onshore,2026-04-16 02:00:00,6055.15
Wind Onshore,2026-04-16 03:00:00,5643.17
Wind Onshore,2026-04-16 04:00:00,5475.33
Wind Onshore,2026-04-16 05:00:00,5355.27
Wind Onshore,2026-04-16 06:00:00,4078.93
Wind Onshore,2026-04-16 07:00:00,2348.36
Wind Onshore,2026-04-16 08:00:00,1815.5
Wind Onshore,2026-04-16 09:00:00,1964.73
Wind Onshore,2026-04-16 10:00:00,2774.46
Wind Onshore,2026-04-16 11:00:00,4046.06
Wind Onshore,2026-04-16 12:00:00,5414.33
Wind Onshore,2026-04-16 13:00:00,6074.35
Wind Onshore,2026-04-16 14:00:00,5991.7
Wind Onshore,2026-04-16 15:00:00,5506.07
Wind Onshore,2026-04-16 16:00:00,4194.27
Wind Onshore,2026-04-16 17:00:00,2949.41
Wind Onshore,2026-04-16 18:00:00,2432.08
Wind Onshore,2026-04-16 19:00:00,2365.9
Wind Onshore,2026-04-16 20:00:00,2393.66
Wind Onshore,2026-04-16 21:00:00,2347.76
Wind Onshore,2026-04-16 22:00:00,2369.64
Wind Onshore,2026-04-16 23:00:00,2387.28
Wind Onshore,2026-04-17 00:00:00,2390.73
Wind Onshore,2026-04-17 01:00:00,2535.98
Wind Onshore,2026-04-17 02:00:00,2701.75
Wind Onshore,2026-04-17 03:00:00,2658.12
Wind Onshore,2026-04-17 04:00:00,2817.25
Wind Onshore,2026-04-17 05:00:00,2858.0
Wind Onshore,2026-04-17 06:00:00,2115.57
Wind Onshore,2026-04-17 07:00:00,963.58
Wind Onshore,2026-04-17 08:00:00,626.18
Wind Onshore,2026-04-17 09:00:00,707.94
Wind Onshore,2026-04-17 10:00:00,790.7
Wind Onshore,2026-04-17 11:00:00,814.49
Wind Onshore,2026-04-17 12:00:00,837.13
Wind Onshore,2026-04-17 13:00:00,902.81
Wind Onshore,2026-04-17 14:00:00,1182.57
Wind Onshore,2026-04-17 15:00:00,1503.11
Wind Onshore,2026-04-17 16:00:00,2204.75
Wind Onshore,2026-04-17 17:00:00,3405.13
Wind Onshore,2026-04-17 18:00:00,5025.96
Wind Onshore,2026-04-17 19:00:00,6804.32
Wind Onshore,2026-04-17 20:00:00,7706.2
Wind Onshore,2026-04-17 21:00:00,7880.99
Wind Onshore,2026-04-17 22:00:00,7890.14
Wind Onshore,2026-04-17 23:00:00,7190.12
Wind Onshore,2026-04-18 00:00:00,6566.46
Wind Onshore,2026-04-18 01:00:00,5720.96
Wind Onshore,2026-04-18 02:00:00,5062.62
Wind Onshore,2026-04-18 03:00:00,4599.05
Wind Onshore,2026-04-18 04:00:00,4454.21
Wind Onshore,2026-04-18 05:00:00,4044.88
Wind Onshore,2026-04-18 06:00:00,2754.44
Wind Onshore,2026-04-18 07:00:00,1250.29
Wind Onshore,2026-04-18 08:00:00,749.81
Wind Onshore,2026-04-18 09:00:00,883.9
Wind Onshore,2026-04-18 10:00:00,1550.39
Wind Onshore,2026-04-18 11:00:00,2021.37
Wind Onshore,2026-04-18 12:00:00,2571.84
Wind Onshore,2026-04-18 13:00:00,2976.83
Wind Onshore,2026-04-18 14:00:00,3170.52
Wind Onshore,2026-04-18 15:00:00,3368.16
Wind Onshore,2026-04-18 16:00:00,3589.29
Wind Onshore,2026-04-18 17:00:00,3912.59
Wind Onshore,2026-04-18 18:00:00,3804.74
Wind Onshore,2026-04-18 19:00:00,4059.98
Wind Onshore,2026-04-18 20:00:00,3907.68
Wind Onshore,2026-04-18 21:00:00,3566.5
Wind Onshore,2026-04-18 22:00:00,3294.15
Wind Onshore,2026-04-18 23:00:00,3372.01
Wind Onshore,2026-04-19 00:00:00,3609.96
Wind Onshore,2026-04-19 01:00:00,4511.13
Wind Onshore,2026-04-19 02:00:00,5176.18
Wind Onshore,2026-04-19 03:00:00,6845.56
Wind Onshore,2026-04-19 04:00:00,7637.47
Wind Onshore,2026-04-19 05:00:00,8142.29
Wind Onshore,2026-04-19 06:00:00,8894.7
Wind Onshore,2026-04-19 07:00:00,8881.61
Wind Onshore,2026-04-19 08:00:00,8839.24
Wind Onshore,2026-04-19 09:00:00,10541.87
Wind Onshore,2026-04-19 10:00:00,12750.5
Wind Onshore,2026-04-19 11:00:00,13919.76
Wind Onshore,2026-04-19 12:00:00,14911.2
Wind Onshore,2026-04-19 13:00:00,16288.85
Wind Onshore,2026-04-19 14:00:00,18831.83
Wind Onshore,2026-04-19 15:00:00,21951.2
Wind Onshore,2026-04-19 16:00:00,21705.2
Wind Onshore,2026-04-19 17:00:00,20018.04
Wind Onshore,2026-04-19 18:00:00,18371.51
Wind Onshore,2026-04-19 19:00:00,17203.52
Wind Onshore,2026-04-19 20:00:00,17023.64
Wind Onshore,2026-04-19 21:00:00,17341.99
Wind Onshore,2026-04-19 22:00:00,17195.04
Wind Onshore,2026-04-19 23:00:00,17349.42
Wind Onshore,2026-04-20 00:00:00,17410.73
Wind Onshore,2026-04-20 01:00:00,17494.11
Wind Onshore,2026-04-20 02:00:00,17072.89
Wind Onshore,2026-04-20 03:00:00,16600.74
Wind Onshore,2026-04-20 04:00:00,16728.6
Wind Onshore,2026-04-20 05:00:00,16227.92
Wind Onshore,2026-04-20 06:00:00,15686.77
Wind Onshore,2026-04-20 07:00:00,15832.3
Wind Onshore,2026-04-20 08:00:00,15951.66
Wind Onshore,2026-04-20 09:00:00,15943.78
Wind Onshore,2026-04-20 10:00:00,15896.41
Wind Onshore,2026-04-20 11:00:00,15758.08
Wind Onshore,2026-04-20 12:00:00,15873.47
Wind Onshore,2026-04-20 13:00:00,15312.37
Wind Onshore,2026-04-20 14:00:00,15590.71
Wind Onshore,2026-04-20 15:00:00,16684.63
Wind Onshore,2026-04-20 16:00:00,16855.32
Wind Onshore,2026-04-20 17:00:00,15900.11
Wind Onshore,2026-04-20 18:00:00,15446.58
Wind Onshore,2026-04-20 19:00:00,16003.07
Wind Onshore,2026-04-20 20:00:00,15695.83
Wind Onshore,2026-04-20 21:00:00,15654.53
Wind Onshore,2026-04-20 22:00:00,15261.11
Wind Onshore,2026-04-20 23:00:00,14408.52
Wind Onshore,2026-04-21 00:00:00,13441.77
Wind Onshore,2026-04-21 01:00:00,13398.09
Wind Onshore,2026-04-21 02:00:00,13545.02
Wind Onshore,2026-04-21 03:00:00,14015.73
Wind Onshore,2026-04-21 04:00:00,14079.27
Wind Onshore,2026-04-21 05:00:00,11415.49
Wind Onshore,2026-04-21 06:00:00,7339.73
Wind Onshore,2026-04-21 07:00:00,5963.8
Wind Onshore,2026-04-21 08:00:00,6689.65
Wind Onshore,2026-04-21 09:00:00,8063.51
Wind Onshore,2026-04-21 10:00:00,8900.82
Wind Onshore,2026-04-21 11:00:00,9639.65
Wind Onshore,2026-04-21 12:00:00,10020.42
Wind Onshore,2026-04-21 13:00:00,10165.04
Wind Onshore,2026-04-21 14:00:00,10702.73
Wind Onshore,2026-04-21 15:00:00,11241.95
Wind Onshore,2026-04-21 16:00:00,11427.82
Wind Onshore,2026-04-21 17:00:00,10896.88
Wind Onshore,2026-04-21 18:00:00,11954.8
Wind Onshore,2026-04-21 19:00:00,14483.68
Wind Onshore,2026-04-21 20:00:00,15436.96
Wind Onshore,2026-04-21 21:00:00,15260.7
Wind Onshore,2026-04-21 22:00:00,14131.82
Wind Onshore,2026-04-21 23:00:00,12433.16
Wind Onshore,2026-04-22 00:00:00,10761.31
Wind Onshore,2026-04-22 01:00:00,9981.15
Wind Onshore,2026-04-22 02:00:00,9630.5
Wind Onshore,2026-04-22 03:00:00,9451.55
Wind Onshore,2026-04-22 04:00:00,9102.37
Wind Onshore,2026-04-22 05:00:00,7914.7
Wind Onshore,2026-04-22 06:00:00,5255.94
Wind Onshore,2026-04-22 07:00:00,3100.31
Wind Onshore,2026-04-22 08:00:00,3971.8
Wind Onshore,2026-04-22 09:00:00,4684.48
Wind Onshore,2026-04-22 10:00:00,3986.13
Wind Onshore,2026-04-22 11:00:00,3706.61
Wind Onshore,2026-04-22 12:00:00,4336.83
Wind Onshore,2026-04-22 13:00:00,5729.51
Wind Onshore,2026-04-22 14:00:00,6806.41
Wind Onshore,2026-04-22 15:00:00,9161.46
Wind Onshore,2026-04-22 16:00:00,10573.35
Wind Onshore,2026-04-22 17:00:00,10122.29
Wind Onshore,2026-04-22 18:00:00,11794.35
Wind Onshore,2026-04-22 19:00:00,14798.14
Wind Onshore,2026-04-22 20:00:00,17120.85
Wind Onshore,2026-04-22 21:00:00,17179.66
Wind Onshore,2026-04-22 22:00:00,16045.35
Wind Onshore,2026-04-22 23:00:00,14990.52
Wind Onshore,2026-04-23 00:00:00,14554.14
Wind Onshore,2026-04-23 01:00:00,14364.73
Wind Onshore,2026-04-23 02:00:00,14574.36
Wind Onshore,2026-04-23 03:00:00,15036.79
Wind Onshore,2026-04-23 04:00:00,15207.24
Wind Onshore,2026-04-23 05:00:00,14191.32
Wind Onshore,2026-04-23 06:00:00,12098.23
Wind Onshore,2026-04-23 07:00:00,9663.18
Wind Onshore,2026-04-23 08:00:00,7916.22
Wind Onshore,2026-04-23 09:00:00,7204.81
Wind Onshore,2026-04-23 10:00:00,5928.03
Wind Onshore,2026-04-23 11:00:00,4650.35
Wind Onshore,2026-04-23 12:00:00,5749.61
Wind Onshore,2026-04-23 13:00:00,8926.84
Wind Onshore,2026-04-23 14:00:00,12918.96
Wind Onshore,2026-04-23 15:00:00,17394.44
Wind Onshore,2026-04-23 16:00:00,19451.62
Wind Onshore,2026-04-23 17:00:00,17709.7
Wind Onshore,2026-04-23 18:00:00,18903.11
Wind Onshore,2026-04-23 19:00:00,21742.61
Wind Onshore,2026-04-23 20:00:00,22253.08
Wind Onshore,2026-04-23 21:00:00,22305.48
Wind Onshore,2026-04-23 22:00:00,21527.09
Wind Onshore,2026-04-23 23:00:00,20283.05
Wind Onshore,2026-04-24 00:00:00,18821.12
Wind Onshore,2026-04-24 01:00:00,17521.89
Wind Onshore,2026-04-24 02:00:00,16717.82
Wind Onshore,2026-04-24 03:00:00,16022.97
Wind Onshore,2026-04-24 04:00:00,15248.58
Wind Onshore,2026-04-24 05:00:00,14128.75
Wind Onshore,2026-04-24 06:00:00,13226.31
Wind Onshore,2026-04-24 07:00:00,12110.67
Wind Onshore,2026-04-24 08:00:00,11366.68
Wind Onshore,2026-04-24 09:00:00,10217.84
Wind Onshore,2026-04-24 10:00:00,8742.29
Wind Onshore,2026-04-24 11:00:00,7176.06
Wind Onshore,2026-04-24 12:00:00,7001.36
Wind Onshore,2026-04-24 13:00:00,9353.98
Wind Onshore,2026-04-24 14:00:00,12778.87
Wind Onshore,2026-04-24 15:00:00,14933.85
Wind Onshore,2026-04-24 16:00:00,15162.29
Wind Onshore,2026-04-24 17:00:00,14594.93
Wind Onshore,2026-04-24 18:00:00,15280.98
Wind Onshore,2026-04-24 19:00:00,16561.1
Wind Onshore,2026-04-24 20:00:00,16748.04
Wind Onshore,2026-04-24 21:00:00,16598.87
Wind Onshore,2026-04-24 22:00:00,16419.38
Wind Onshore,2026-04-24 23:00:00,16689.35
Wind Onshore,2026-04-25 00:00:00,16621.95
Wind Onshore,2026-04-25 01:00:00,16412.92
Wind Onshore,2026-04-25 02:00:00,16324.29
Wind Onshore,2026-04-25 03:00:00,16822.26
Wind Onshore,2026-04-25 04:00:00,17321.66
Wind Onshore,2026-04-25 05:00:00,17550.85
Wind Onshore,2026-04-25 06:00:00,17290.94
Wind Onshore,2026-04-25 07:00:00,15191.85
Wind Onshore,2026-04-25 08:00:00,13047.31
Wind Onshore,2026-04-25 09:00:00,8681.93
Wind Onshore,2026-04-25 10:00:00,5851.57
Wind Onshore,2026-04-25 11:00:00,5110.01
Wind Onshore,2026-04-25 12:00:00,5346.9
Wind Onshore,2026-04-25 13:00:00,6447.05
Wind Onshore,2026-04-25 14:00:00,13464.57
Wind Onshore,2026-04-25 15:00:00,23058.5
Wind Onshore,2026-04-25 16:00:00,28441.92
Wind Onshore,2026-04-25 17:00:00,28695.41
Wind Onshore,2026-04-25 18:00:00,28129.38
Wind Onshore,2026-04-25 19:00:00,29201.61
Wind Onshore,2026-04-25 20:00:00,27730.5
Wind Onshore,2026-04-25 21:00:00,25918.04
Wind Onshore,2026-04-25 22:00:00,22839.7
Wind Onshore,2026-04-25 23:00:00,19587.63
Wind Onshore,2026-04-26 00:00:00,16714.23
Wind Onshore,2026-04-26 01:00:00,14617.64
Wind Onshore,2026-04-26 02:00:00,12600.65
Wind Onshore,2026-04-26 03:00:00,10541.87
Wind Onshore,2026-04-26 04:00:00,8435.33
Wind Onshore,2026-04-26 05:00:00,5318.55
Wind Onshore,2026-04-26 06:00:00,2744.39
Wind Onshore,2026-04-26 07:00:00,1663.56
Wind Onshore,2026-04-26 08:00:00,973.8
Wind Onshore,2026-04-26 09:00:00,623.51
Wind Onshore,2026-04-26 10:00:00,444.56
Wind Onshore,2026-04-26 11:00:00,431.83
Wind Onshore,2026-04-26 12:00:00,451.87
Wind Onshore,2026-04-26 13:00:00,536.48
Wind Onshore,2026-04-26 14:00:00,1243.55
Wind Onshore,2026-04-26 15:00:00,2159.49
Wind Onshore,2026-04-26 16:00:00,2572.38
Wind Onshore,2026-04-26 17:00:00,2260.44
Wind Onshore,2026-04-26 18:00:00,2684.51
Wind Onshore,2026-04-26 19:00:00,3660.32
Wind Onshore,2026-04-26 20:00:00,4490.18
Wind Onshore,2026-04-26 21:00:00,4775.27
Wind Onshore,2026-04-26 22:00:00,4738.5
Wind Onshore,2026-04-26 23:00:00,4301.49
Wind Onshore,2026-04-27 00:00:00,3888.43
Wind Onshore,2026-04-27 01:00:00,3581.99
Wind Onshore,2026-04-27 02:00:00,3110.65
Wind Onshore,2026-04-27 03:00:00,2682.02
Wind Onshore,2026-04-27 04:00:00,2554.37
Wind Onshore,2026-04-27 05:00:00,2373.26
Wind Onshore,2026-04-27 06:00:00,1470.02
Wind Onshore,2026-04-27 07:00:00,802.49
Wind Onshore,2026-04-27 08:00:00,488.16
Wind Onshore,2026-04-27 09:00:00,582.63
Wind Onshore,2026-04-27 10:00:00,636.71
Wind Onshore,2026-04-27 11:00:00,721.03
Wind Onshore,2026-04-27 12:00:00,1075.48
Wind Onshore,2026-04-27 13:00:00,1449.44
Wind Onshore,2026-04-27 14:00:00,2186.6
Wind Onshore,2026-04-27 15:00:00,2774.64
Wind Onshore,2026-04-27 16:00:00,3389.77
Wind Onshore,2026-04-27 17:00:00,4305.2
Wind Onshore,2026-04-27 18:00:00,6401.61
Wind Onshore,2026-04-27 19:00:00,9488.49
Wind Onshore,2026-04-27 20:00:00,12481.02
Wind Onshore,2026-04-27 21:00:00,14839.99
Wind Onshore,2026-04-27 22:00:00,15850.45
Wind Onshore,2026-04-27 23:00:00,16167.18
Wind Onshore,2026-04-28 00:00:00,15783.33
Wind Onshore,2026-04-28 01:00:00,15548.84
Wind Onshore,2026-04-28 02:00:00,15846.82
Wind Onshore,2026-04-28 03:00:00,16415.13
Wind Onshore,2026-04-28 04:00:00,16882.97
Wind Onshore,2026-04-28 05:00:00,14135.75
Wind Onshore,2026-04-28 06:00:00,9197.86
Wind Onshore,2026-04-28 07:00:00,6708.63
Wind Onshore,2026-04-28 08:00:00,6427.47
Wind Onshore,2026-04-28 09:00:00,7413.21
Wind Onshore,2026-04-28 10:00:00,8176.46
Wind Onshore,2026-04-28 11:00:00,8784.84
Wind Onshore,2026-04-28 12:00:00,9057.66
Wind Onshore,2026-04-28 13:00:00,11527.21
Wind Onshore,2026-04-28 14:00:00,14544.9
Wind Onshore,2026-04-28 15:00:00,19109.06
Wind Onshore,2026-04-28 16:00:00,21573.16
Wind Onshore,2026-04-28 17:00:00,21290.68
Wind Onshore,2026-04-28 18:00:00,21479.24
Wind Onshore,2026-04-28 19:00:00,24132.11
Wind Onshore,2026-04-28 20:00:00,24139.48
Wind Onshore,2026-04-28 21:00:00,23979.05
Wind Onshore,2026-04-28 22:00:00,23250.88
Wind Onshore,2026-04-28 23:00:00,22376.41
Wind Onshore,2026-04-29 00:00:00,21026.23
Wind Onshore,2026-04-29 01:00:00,19848.72
Wind Onshore,2026-04-29 02:00:00,19070.71
Wind Onshore,2026-04-29 03:00:00,18514.23
Wind Onshore,2026-04-29 04:00:00,17150.98
Wind Onshore,2026-04-29 05:00:00,13254.6
Wind Onshore,2026-04-29 06:00:00,8372.93
Wind Onshore,2026-04-29 07:00:00,7869.15
Wind Onshore,2026-04-29 08:00:00,8868.6
Wind Onshore,2026-04-29 09:00:00,8142.3
Wind Onshore,2026-04-29 10:00:00,6345.54
Wind Onshore,2026-04-29 11:00:00,5743.32
Wind Onshore,2026-04-29 12:00:00,6480.41
Wind Onshore,2026-04-29 13:00:00,7856.98
Wind Onshore,2026-04-29 14:00:00,11407.7
Wind Onshore,2026-04-29 15:00:00,16006.03
Wind Onshore,2026-04-29 16:00:00,16954.15
Wind Onshore,2026-04-29 17:00:00,16202.67
Wind Onshore,2026-04-29 18:00:00,16457.71
Wind Onshore,2026-04-29 19:00:00,18397.56
Wind Onshore,2026-04-29 20:00:00,18671.09
Wind Onshore,2026-04-29 21:00:00,18531.48
Wind Onshore,2026-04-29 22:00:00,18087.04
Wind Onshore,2026-04-29 23:00:00,17466.92
Wind Onshore,2026-04-30 00:00:00,16018.15
Wind Onshore,2026-04-30 01:00:00,14357.12
Wind Onshore,2026-04-30 02:00:00,13414.64
Wind Onshore,2026-04-30 03:00:00,12875.02
Wind Onshore,2026-04-30 04:00:00,12853.11
Wind Onshore,2026-04-30 05:00:00,11654.93
Wind Onshore,2026-04-30 06:00:00,9679.89
Wind Onshore,2026-04-30 07:00:00,9743.57
Wind Onshore,2026-04-30 08:00:00,9791.4
Wind Onshore,2026-04-30 09:00:00,8836.91
Wind Onshore,2026-04-30 10:00:00,7587.44
Wind Onshore,2026-04-30 11:00:00,5872.04
Wind Onshore,2026-04-30 12:00:00,6490.38
Wind Onshore,2026-04-30 13:00:00,8019.74
Wind Onshore,2026-04-30 14:00:00,10405.51
Wind Onshore,2026-04-30 15:00:00,12501.32
Wind Onshore,2026-04-30 16:00:00,12796.95
Wind Onshore,2026-04-30 17:00:00,11338.89
Wind Onshore,2026-04-30 18:00:00,11175.88
Wind Onshore,2026-04-30 19:00:00,13300.42
Wind Onshore,2026-04-30 20:00:00,14588.64
Wind Onshore,2026-04-30 21:00:00,14990.5
Wind Onshore,2026-04-30 22:00:00,14735.27
Wind Onshore,2026-04-30 23:00:00,14212.15
Wind Onshore,2026-05-01 00:00:00,13702.93
Wind Onshore,2026-05-01 01:00:00,13006.41
Wind Onshore,2026-05-01 02:00:00,12439.67
Wind Onshore,2026-05-01 03:00:00,11842.93
Wind Onshore,2026-05-01 04:00:00,11700.78
Wind Onshore,2026-05-01 05:00:00,10736.46
Wind Onshore,2026-05-01 06:00:00,7687.31
Wind Onshore,2026-05-01 07:00:00,5143.42
Wind Onshore,2026-05-01 08:00:00,3833.72
Wind Onshore,2026-05-01 09:00:00,2589.46
Wind Onshore,2026-05-01 10:00:00,1668.13
Wind Onshore,2026-05-01 11:00:00,1658.85
Wind Onshore,2026-05-01 12:00:00,1717.69
Wind Onshore,2026-05-01 13:00:00,2366.3
Wind Onshore,2026-05-01 14:00:00,3942.0
Wind Onshore,2026-05-01 15:00:00,6415.4
Wind Onshore,2026-05-01 16:00:00,7400.93
Wind Onshore,2026-05-01 17:00:00,6685.53
Wind Onshore,2026-05-01 18:00:00,7635.18
Wind Onshore,2026-05-01 19:00:00,11248.13
Wind Onshore,2026-05-01 20:00:00,14603.86
Wind Onshore,2026-05-01 21:00:00,16690.24
Wind Onshore,2026-05-01 22:00:00,17581.28
Wind Onshore,2026-05-01 23:00:00,17855.47
Wind Onshore,2026-05-02 00:00:00,18030.6
Wind Onshore,2026-05-02 01:00:00,17712.41
Wind Onshore,2026-05-02 02:00:00,17780.06
Wind Onshore,2026-05-02 03:00:00,17974.13
Wind Onshore,2026-05-02 04:00:00,18165.77
Wind Onshore,2026-05-02 05:00:00,16539.04
Wind Onshore,2026-05-02 06:00:00,10958.97
Wind Onshore,2026-05-02 07:00:00,6448.09
Wind Onshore,2026-05-02 08:00:00,4420.98
Wind Onshore,2026-05-02 09:00:00,3921.55
Wind Onshore,2026-05-02 10:00:00,3171.67
Wind Onshore,2026-05-02 11:00:00,2966.13
Wind Onshore,2026-05-02 12:00:00,4370.98
Wind Onshore,2026-05-02 13:00:00,6295.72
Wind Onshore,2026-05-02 14:00:00,6868.17
Wind Onshore,2026-05-02 15:00:00,7512.55
Wind Onshore,2026-05-02 16:00:00,6680.24
Wind Onshore,2026-05-02 17:00:00,5659.07
Wind Onshore,2026-05-02 18:00:00,5794.42
Wind Onshore,2026-05-02 19:00:00,7278.78
Wind Onshore,2026-05-02 20:00:00,9238.63
Wind Onshore,2026-05-02 21:00:00,9860.62
Wind Onshore,2026-05-02 22:00:00,9856.08
Wind Onshore,2026-05-02 23:00:00,9909.39
Wind Onshore,2026-05-03 00:00:00,9705.35
Wind Onshore,2026-05-03 01:00:00,8798.45
Wind Onshore,2026-05-03 02:00:00,8140.13
Wind Onshore,2026-05-03 03:00:00,8026.64
Wind Onshore,2026-05-03 04:00:00,8242.42
Wind Onshore,2026-05-03 05:00:00,8194.11
Wind Onshore,2026-05-03 06:00:00,6733.08
Wind Onshore,2026-05-03 07:00:00,5050.83
Wind Onshore,2026-05-03 08:00:00,4504.0
Wind Onshore,2026-05-03 09:00:00,4872.39
Wind Onshore,2026-05-03 10:00:00,5603.17
Wind Onshore,2026-05-03 11:00:00,7058.34
Wind Onshore,2026-05-03 12:00:00,9029.09
Wind Onshore,2026-05-03 13:00:00,11359.06
Wind Onshore,2026-05-03 14:00:00,13723.79
Wind Onshore,2026-05-03 15:00:00,14004.73
Wind Onshore,2026-05-03 16:00:00,14786.11
Wind Onshore,2026-05-03 17:00:00,14377.71
Wind Onshore,2026-05-03 18:00:00,13811.86
Wind Onshore,2026-05-03 19:00:00,13691.03
Wind Onshore,2026-05-03 20:00:00,14133.61
Wind Onshore,2026-05-03 21:00:00,14673.72
Wind Onshore,2026-05-03 22:00:00,13922.92
Wind Onshore,2026-05-03 23:00:00,14285.23
Wind Onshore,2026-05-04 00:00:00,13135.42
Wind Onshore,2026-05-04 01:00:00,11326.34
Wind Onshore,2026-05-04 02:00:00,10013.39
Wind Onshore,2026-05-04 03:00:00,8290.43
Wind Onshore,2026-05-04 04:00:00,6894.78
Wind Onshore,2026-05-04 05:00:00,5681.06
Wind Onshore,2026-05-04 06:00:00,4486.13
Wind Onshore,2026-05-04 07:00:00,3821.27
Wind Onshore,2026-05-04 08:00:00,3096.98
Wind Onshore,2026-05-04 09:00:00,2805.62
Wind Onshore,2026-05-04 10:00:00,2682.74
Wind Onshore,2026-05-04 11:00:00,2712.92
Wind Onshore,2026-05-04 12:00:00,2751.73
Wind Onshore,2026-05-04 13:00:00,2762.39
Wind Onshore,2026-05-04 14:00:00,2653.19
Wind Onshore,2026-05-04 15:00:00,2494.41
Wind Onshore,2026-05-04 16:00:00,2740.09
Wind Onshore,2026-05-04 17:00:00,3516.6
Wind Onshore,2026-05-04 18:00:00,3373.4
Wind Onshore,2026-05-04 19:00:00,2984.04
Wind Onshore,2026-05-04 20:00:00,3533.15
Wind Onshore,2026-05-04 21:00:00,3510.69
Wind Onshore,2026-05-04 22:00:00,3155.97
Wind Onshore,2026-05-04 23:00:00,2675.95
Wind Onshore,2026-05-05 00:00:00,2502.68
Wind Onshore,2026-05-05 01:00:00,2693.9
Wind Onshore,2026-05-05 02:00:00,2718.31
Wind Onshore,2026-05-05 03:00:00,2728.7
Wind Onshore,2026-05-05 04:00:00,2861.54
Wind Onshore,2026-05-05 05:00:00,2465.86
Wind Onshore,2026-05-05 06:00:00,2017.88
Wind Onshore,2026-05-05 07:00:00,1841.35
Wind Onshore,2026-05-05 08:00:00,1758.23
Wind Onshore,2026-05-05 09:00:00,1801.38
Wind Onshore,2026-05-05 10:00:00,1967.43
Wind Onshore,2026-05-05 11:00:00,2068.32
Wind Onshore,2026-05-05 12:00:00,2545.2
Wind Onshore,2026-05-05 13:00:00,3376.58
Wind Onshore,2026-05-05 14:00:00,4652.37
Wind Onshore,2026-05-05 15:00:00,5851.63
Wind Onshore,2026-05-05 16:00:00,6497.9
Wind Onshore,2026-05-05 17:00:00,6866.17
Wind Onshore,2026-05-05 18:00:00,7222.23
Wind Onshore,2026-05-05 19:00:00,7585.82
Wind Onshore,2026-05-05 20:00:00,8333.82
Wind Onshore,2026-05-05 21:00:00,8871.42
Wind Onshore,2026-05-05 22:00:00,9071.27
Wind Onshore,2026-05-05 23:00:00,9654.71
Wind Onshore,2026-05-06 00:00:00,10769.04
Wind Onshore,2026-05-06 01:00:00,11445.72
Wind Onshore,2026-05-06 02:00:00,12227.97
Wind Onshore,2026-05-06 03:00:00,13027.46
Wind Onshore,2026-05-06 04:00:00,13336.5
Wind Onshore,2026-05-06 05:00:00,12088.72
Wind Onshore,2026-05-06 06:00:00,10979.83
Wind Onshore,2026-05-06 07:00:00,10249.81
Wind Onshore,2026-05-06 08:00:00,9995.6
Wind Onshore,2026-05-06 09:00:00,9709.75
Wind Onshore,2026-05-06 10:00:00,9237.8
Wind Onshore,2026-05-06 11:00:00,8476.96
Wind Onshore,2026-05-06 12:00:00,8350.65
Wind Onshore,2026-05-06 13:00:00,8188.94
Wind Onshore,2026-05-06 14:00:00,8636.37
Wind Onshore,2026-05-06 15:00:00,9145.02
Wind Onshore,2026-05-06 16:00:00,9649.02
Wind Onshore,2026-05-06 17:00:00,9950.52
Wind Onshore,2026-05-06 18:00:00,10406.67
Wind Onshore,2026-05-06 19:00:00,10734.59
Wind Onshore,2026-05-06 20:00:00,10473.58
Wind Onshore,2026-05-06 21:00:00,10255.84
Wind Onshore,2026-05-06 22:00:00,9955.37
Wind Onshore,2026-05-06 23:00:00,9420.53
Wind Onshore,2026-05-07 00:00:00,8908.61
Wind Onshore,2026-05-07 01:00:00,8994.46
Wind Onshore,2026-05-07 02:00:00,8634.57
Wind Onshore,2026-05-07 03:00:00,8219.04
Wind Onshore,2026-05-07 04:00:00,7809.02
Wind Onshore,2026-05-07 05:00:00,6813.52
Wind Onshore,2026-05-07 06:00:00,6022.7
Wind Onshore,2026-05-07 07:00:00,5608.54
Wind Onshore,2026-05-07 08:00:00,5251.48
Wind Onshore,2026-05-07 09:00:00,5028.17
Wind Onshore,2026-05-07 10:00:00,4913.83
Wind Onshore,2026-05-07 11:00:00,4851.11
Wind Onshore,2026-05-07 12:00:00,4513.13
Wind Onshore,2026-05-07 13:00:00,4106.68
Wind Onshore,2026-05-07 14:00:00,3775.01
Wind Onshore,2026-05-07 15:00:00,3456.67
Wind Onshore,2026-05-07 16:00:00,3007.44
Wind Onshore,2026-05-07 17:00:00,2522.17
Wind Onshore,2026-05-07 18:00:00,2328.46
Wind Onshore,2026-05-07 19:00:00,2759.16
Wind Onshore,2026-05-07 20:00:00,3258.16
Wind Onshore,2026-05-07 21:00:00,3406.16
Wind Onshore,2026-05-07 22:00:00,3381.7
Wind Onshore,2026-05-07 23:00:00,3475.6
Wind Onshore,2026-05-08 00:00:00,3514.3
Wind Onshore,2026-05-08 01:00:00,3590.6
Wind Onshore,2026-05-08 02:00:00,3803.22
Wind Onshore,2026-05-08 03:00:00,4120.13
Wind Onshore,2026-05-08 04:00:00,4290.45
Wind Onshore,2026-05-08 05:00:00,3708.81
Wind Onshore,2026-05-08 06:00:00,1945.16
Wind Onshore,2026-05-08 07:00:00,1971.1
Wind Onshore,2026-05-08 08:00:00,3071.38
Wind Onshore,2026-05-08 09:00:00,3908.89
Wind Onshore,2026-05-08 10:00:00,3899.62
Wind Onshore,2026-05-08 11:00:00,4414.73
Wind Onshore,2026-05-08 12:00:00,4724.49
Wind Onshore,2026-05-08 13:00:00,4947.23
Wind Onshore,2026-05-08 14:00:00,5186.76
Wind Onshore,2026-05-08 15:00:00,5254.87
Wind Onshore,2026-05-08 16:00:00,5334.07
Wind Onshore,2026-05-08 17:00:00,5708.02
Wind Onshore,2026-05-08 18:00:00,6115.82
Wind Onshore,2026-05-08 19:00:00,7483.04
Wind Onshore,2026-05-08 20:00:00,8210.58
Wind Onshore,2026-05-08 21:00:00,8257.36
Wind Onshore,2026-05-08 22:00:00,7756.79
Wind Onshore,2026-05-08 23:00:00,6964.72
Wind Onshore,2026-05-09 00:00:00,6362.08
Wind Onshore,2026-05-09 01:00:00,5420.58
Wind Onshore,2026-05-09 02:00:00,4717.18
Wind Onshore,2026-05-09 03:00:00,4673.53
Wind Onshore,2026-05-09 04:00:00,4675.85
Wind Onshore,2026-05-09 05:00:00,3959.82
Wind Onshore,2026-05-09 06:00:00,2035.64
Wind Onshore,2026-05-09 07:00:00,1362.53
Wind Onshore,2026-05-09 08:00:00,1328.19
Wind Onshore,2026-05-09 09:00:00,1250.13
Wind Onshore,2026-05-09 10:00:00,1229.72
Wind Onshore,2026-05-09 11:00:00,1306.89
Wind Onshore,2026-05-09 12:00:00,1557.54
Wind Onshore,2026-05-09 13:00:00,1574.7
Wind Onshore,2026-05-09 14:00:00,2007.94
Wind Onshore,2026-05-09 15:00:00,2730.85
Wind Onshore,2026-05-09 16:00:00,3338.63
Wind Onshore,2026-05-09 17:00:00,3827.86
Wind Onshore,2026-05-09 18:00:00,4689.0
Wind Onshore,2026-05-09 19:00:00,6053.83
Wind Onshore,2026-05-09 20:00:00,7565.3
Wind Onshore,2026-05-09 21:00:00,8017.41
Wind Onshore,2026-05-09 22:00:00,7662.01
Wind Onshore,2026-05-09 23:00:00,6631.68
Wind Onshore,2026-05-10 00:00:00,5520.82
Wind Onshore,2026-05-10 01:00:00,4761.13
Wind Onshore,2026-05-10 02:00:00,4202.0
Wind Onshore,2026-05-10 03:00:00,3792.11
Wind Onshore,2026-05-10 04:00:00,3611.84
Wind Onshore,2026-05-10 05:00:00,3425.89
Wind Onshore,2026-05-10 06:00:00,2477.34
Wind Onshore,2026-05-10 07:00:00,1539.1
Wind Onshore,2026-05-10 08:00:00,1358.76
Wind Onshore,2026-05-10 09:00:00,1594.61
Wind Onshore,2026-05-10 10:00:00,1628.84
Wind Onshore,2026-05-10 11:00:00,2211.79
Wind Onshore,2026-05-10 12:00:00,2984.44
Wind Onshore,2026-05-10 13:00:00,3967.42
Wind Onshore,2026-05-10 14:00:00,5076.63
Wind Onshore,2026-05-10 15:00:00,7591.44
Wind Onshore,2026-05-10 16:00:00,9233.69
Wind Onshore,2026-05-10 17:00:00,9900.91
Wind Onshore,2026-05-10 18:00:00,10115.21
Wind Onshore,2026-05-10 19:00:00,10973.1
Wind Onshore,2026-05-10 20:00:00,10521.36
Wind Onshore,2026-05-10 21:00:00,9852.63
Wind Onshore,2026-05-10 22:00:00,9161.48
Wind Onshore,2026-05-10 23:00:00,8546.85
Wind Onshore,2026-05-11 00:00:00,8297.03
Wind Onshore,2026-05-11 01:00:00,8627.41
Wind Onshore,2026-05-11 02:00:00,9174.25
Wind Onshore,2026-05-11 03:00:00,9653.65
Wind Onshore,2026-05-11 04:00:00,10438.56
Wind Onshore,2026-05-11 05:00:00,10251.07
Wind Onshore,2026-05-11 06:00:00,10221.47
Wind Onshore,2026-05-11 07:00:00,10836.33
Wind Onshore,2026-05-11 08:00:00,12097.25
Wind Onshore,2026-05-11 09:00:00,13006.06
Wind Onshore,2026-05-11 10:00:00,14819.97
Wind Onshore,2026-05-11 11:00:00,17456.02
Wind Onshore,2026-05-11 12:00:00,19886.8
Wind Onshore,2026-05-11 13:00:00,21851.85
Wind Onshore,2026-05-11 14:00:00,23141.02
Wind Onshore,2026-05-11 15:00:00,23250.62
Wind Onshore,2026-05-11 16:00:00,22503.11
Wind Onshore,2026-05-11 17:00:00,20599.51
Wind Onshore,2026-05-11 18:00:00,18825.29
Wind Onshore,2026-05-11 19:00:00,19889.31
Wind Onshore,2026-05-11 20:00:00,19755.57
Wind Onshore,2026-05-11 21:00:00,20149.66
Wind Onshore,2026-05-11 22:00:00,20901.09
Wind Onshore,2026-05-11 23:00:00,21241.04
Wind Onshore,2026-05-12 00:00:00,21731.62
Wind Onshore,2026-05-12 01:00:00,22605.23
Wind Onshore,2026-05-12 02:00:00,23175.08
Wind Onshore,2026-05-12 03:00:00,22781.04
Wind Onshore,2026-05-12 04:00:00,22527.63
Wind Onshore,2026-05-12 05:00:00,21073.03
Wind Onshore,2026-05-12 06:00:00,20907.47
Wind Onshore,2026-05-12 07:00:00,21212.98
Wind Onshore,2026-05-12 08:00:00,22173.08
Wind Onshore,2026-05-12 09:00:00,22435.96
Wind Onshore,2026-05-12 10:00:00,23427.25
Wind Onshore,2026-05-12 11:00:00,24248.4
Wind Onshore,2026-05-12 12:00:00,24990.74
Wind Onshore,2026-05-12 13:00:00,25012.05
Wind Onshore,2026-05-12 14:00:00,23629.08
Wind Onshore,2026-05-12 15:00:00,21121.02
Wind Onshore,2026-05-12 16:00:00,18680.57
Wind Onshore,2026-05-12 17:00:00,15224.68
Wind Onshore,2026-05-12 18:00:00,13695.68
Wind Onshore,2026-05-12 19:00:00,14567.28
Wind Onshore,2026-05-12 20:00:00,15998.71
Wind Onshore,2026-05-12 21:00:00,17188.93
Wind Onshore,2026-05-12 22:00:00,18455.07
Wind Onshore,2026-05-12 23:00:00,18971.97
Wind Onshore,2026-05-13 00:00:00,18828.43
Wind Onshore,2026-05-13 01:00:00,18932.28
Wind Onshore,2026-05-13 02:00:00,18695.54
Wind Onshore,2026-05-13 03:00:00,17793.27
Wind Onshore,2026-05-13 04:00:00,16932.76
Wind Onshore,2026-05-13 05:00:00,15334.49
Wind Onshore,2026-05-13 06:00:00,14369.38
Wind Onshore,2026-05-13 07:00:00,14889.41
Wind Onshore,2026-05-13 08:00:00,16126.41
Wind Onshore,2026-05-13 09:00:00,17386.57
Wind Onshore,2026-05-13 10:00:00,18405.47
Wind Onshore,2026-05-13 11:00:00,18979.89
Wind Onshore,2026-05-13 12:00:00,18818.39
Wind Onshore,2026-05-13 13:00:00,17959.34
Wind Onshore,2026-05-13 14:00:00,16482.2
Wind Onshore,2026-05-13 15:00:00,14478.42
Wind Onshore,2026-05-13 16:00:00,12754.21
Wind Onshore,2026-05-13 17:00:00,11407.89
Wind Onshore,2026-05-13 18:00:00,10878.75
Wind Onshore,2026-05-13 19:00:00,12223.55
Wind Onshore,2026-05-13 20:00:00,12957.69
Wind Onshore,2026-05-13 21:00:00,13454.87
Wind Onshore,2026-05-13 22:00:00,13779.19
Wind Onshore,2026-05-13 23:00:00,14078.73
Wind Onshore,2026-05-14 00:00:00,14447.63
Wind Onshore,2026-05-14 01:00:00,14281.29
Wind Onshore,2026-05-14 02:00:00,13907.02
Wind Onshore,2026-05-14 03:00:00,14062.39
Wind Onshore,2026-05-14 04:00:00,14206.28
Wind Onshore,2026-05-14 05:00:00,13435.71
Wind Onshore,2026-05-14 06:00:00,13370.71
Wind Onshore,2026-05-14 07:00:00,13889.61
Wind Onshore,2026-05-14 08:00:00,13255.7
Wind Onshore,2026-05-14 09:00:00,11643.97
Wind Onshore,2026-05-14 10:00:00,10077.81
Wind Onshore,2026-05-14 11:00:00,8899.84
Wind Onshore,2026-05-14 12:00:00,8890.36
Wind Onshore,2026-05-14 13:00:00,8446.01
Wind Onshore,2026-05-14 14:00:00,8671.01
Wind Onshore,2026-05-14 15:00:00,7726.3
Wind Onshore,2026-05-14 16:00:00,6106.14
Wind Onshore,2026-05-14 17:00:00,4297.05
Wind Onshore,2026-05-14 18:00:00,3312.11
Wind Onshore,2026-05-14 19:00:00,2740.57
Wind Onshore,2026-05-14 20:00:00,2611.37
Wind Onshore,2026-05-14 21:00:00,2581.05
Wind Onshore,2026-05-14 22:00:00,2839.2
Wind Onshore,2026-05-14 23:00:00,2900.29
Wind Onshore,2026-05-15 00:00:00,3374.76
Wind Onshore,2026-05-15 01:00:00,3612.13
Wind Onshore,2026-05-15 02:00:00,3343.9
Wind Onshore,2026-05-15 03:00:00,3791.87
Wind Onshore,2026-05-15 04:00:00,3942.67
Wind Onshore,2026-05-15 05:00:00,3403.24
Wind Onshore,2026-05-15 06:00:00,2953.88
Wind Onshore,2026-05-15 07:00:00,4074.11
Wind Onshore,2026-05-15 08:00:00,5257.37
Wind Onshore,2026-05-15 09:00:00,6047.15
Wind Onshore,2026-05-15 10:00:00,6892.69
Wind Onshore,2026-05-15 11:00:00,7984.64
Wind Onshore,2026-05-15 12:00:00,8970.19
Wind Onshore,2026-05-15 13:00:00,9599.36
Wind Onshore,2026-05-15 14:00:00,9886.84
Wind Onshore,2026-05-15 15:00:00,9643.12
Wind Onshore,2026-05-15 16:00:00,9452.26
Wind Onshore,2026-05-15 17:00:00,8255.89
Wind Onshore,2026-05-15 18:00:00,7585.36
Wind Onshore,2026-05-15 19:00:00,7454.27
Wind Onshore,2026-05-15 20:00:00,7719.34
Wind Onshore,2026-05-15 21:00:00,8466.8
Wind Onshore,2026-05-15 22:00:00,9144.18
Wind Onshore,2026-05-15 23:00:00,10018.14
Wind Onshore,2026-05-16 00:00:00,10437.91
Wind Onshore,2026-05-16 01:00:00,11133.17
Wind Onshore,2026-05-16 02:00:00,11536.89
Wind Onshore,2026-05-16 03:00:00,12040.86
Wind Onshore,2026-05-16 04:00:00,12047.37
Wind Onshore,2026-05-16 05:00:00,10500.34
Wind Onshore,2026-05-16 06:00:00,9825.35
Wind Onshore,2026-05-16 07:00:00,11481.09
Wind Onshore,2026-05-16 08:00:00,12273.2
Wind Onshore,2026-05-16 09:00:00,12722.99
Wind Onshore,2026-05-16 10:00:00,13540.3
Wind Onshore,2026-05-16 11:00:00,14120.59
Wind Onshore,2026-05-16 12:00:00,14173.28
Wind Onshore,2026-05-16 13:00:00,15232.99
Wind Onshore,2026-05-16 14:00:00,15173.66
Wind Onshore,2026-05-16 15:00:00,14345.7
Wind Onshore,2026-05-16 16:00:00,12538.97
Wind Onshore,2026-05-16 17:00:00,10425.12
Wind Onshore,2026-05-16 18:00:00,8214.9
Wind Onshore,2026-05-16 19:00:00,7449.29
Wind Onshore,2026-05-16 20:00:00,8050.03
Wind Onshore,2026-05-16 21:00:00,8973.52
Wind Onshore,2026-05-16 22:00:00,9488.1
Wind Onshore,2026-05-16 23:00:00,9740.82
Wind Onshore,2026-05-17 00:00:00,9222.47
Wind Onshore,2026-05-17 01:00:00,8774.45
Wind Onshore,2026-05-17 02:00:00,8367.67
Wind Onshore,2026-05-17 03:00:00,8328.11
Wind Onshore,2026-05-17 04:00:00,8423.49
Wind Onshore,2026-05-17 05:00:00,7309.99
Wind Onshore,2026-05-17 06:00:00,5100.73
Wind Onshore,2026-05-17 07:00:00,4043.4
Wind Onshore,2026-05-17 08:00:00,4426.17
Wind Onshore,2026-05-17 09:00:00,5619.31
Wind Onshore,2026-05-17 10:00:00,6951.56
Wind Onshore,2026-05-17 11:00:00,7447.27
Wind Onshore,2026-05-17 12:00:00,6932.14
Wind Onshore,2026-05-17 13:00:00,5944.55
Wind Onshore,2026-05-17 14:00:00,5189.61
Wind Onshore,2026-05-17 15:00:00,4060.66
Wind Onshore,2026-05-17 16:00:00,3253.33
Wind Onshore,2026-05-17 17:00:00,2739.25
Wind Onshore,2026-05-17 18:00:00,2593.65
Wind Onshore,2026-05-17 19:00:00,2731.89
Wind Onshore,2026-05-17 20:00:00,3329.93
Wind Onshore,2026-05-17 21:00:00,3980.17
Wind Onshore,2026-05-17 22:00:00,4525.41
Wind Onshore,2026-05-17 23:00:00,4996.57
Wind Onshore,2026-05-18 00:00:00,5571.82
Wind Onshore,2026-05-18 01:00:00,5811.33
Wind Onshore,2026-05-18 02:00:00,5928.11
Wind Onshore,2026-05-18 03:00:00,6677.91
Wind Onshore,2026-05-18 04:00:00,7387.12
Wind Onshore,2026-05-18 05:00:00,7177.6
Wind Onshore,2026-05-18 06:00:00,5999.02
Wind Onshore,2026-05-18 07:00:00,5535.54
Wind Onshore,2026-05-18 08:00:00,5499.0
Wind Onshore,2026-05-18 09:00:00,5643.33
Wind Onshore,2026-05-18 10:00:00,5616.89
Wind Onshore,2026-05-18 11:00:00,5100.61
Wind Onshore,2026-05-18 12:00:00,4740.3
Wind Onshore,2026-05-18 13:00:00,4206.38
Wind Onshore,2026-05-18 14:00:00,4079.7
Wind Onshore,2026-05-18 15:00:00,4616.94
Wind Onshore,2026-05-18 16:00:00,5186.74
Wind Onshore,2026-05-18 17:00:00,5793.83
Wind Onshore,2026-05-18 18:00:00,5921.41
Wind Onshore,2026-05-18 19:00:00,5988.81
Wind Onshore,2026-05-18 20:00:00,5575.85
Wind Onshore,2026-05-18 21:00:00,5132.53
Wind Onshore,2026-05-18 22:00:00,4383.14
Wind Onshore,2026-05-18 23:00:00,3749.96
Wind Onshore,2026-05-19 00:00:00,3509.45
Wind Onshore,2026-05-19 01:00:00,3450.49
Wind Onshore,2026-05-19 02:00:00,3209.4
Wind Onshore,2026-05-19 03:00:00,2946.55
Wind Onshore,2026-05-19 04:00:00,2448.72
Wind Onshore,2026-05-19 05:00:00,1871.2
Wind Onshore,2026-05-19 06:00:00,1046.72
Wind Onshore,2026-05-19 07:00:00,856.55
Wind Onshore,2026-05-19 08:00:00,1319.73
Wind Onshore,2026-05-19 09:00:00,2168.34
Wind Onshore,2026-05-19 10:00:00,3043.98
Wind Onshore,2026-05-19 11:00:00,3422.79
Wind Onshore,2026-05-19 12:00:00,4210.23
Wind Onshore,2026-05-19 13:00:00,5058.89
Wind Onshore,2026-05-19 14:00:00,5401.21
Wind Onshore,2026-05-19 15:00:00,5695.0
Wind Onshore,2026-05-19 16:00:00,5414.61
Wind Onshore,2026-05-19 17:00:00,5348.76
Wind Onshore,2026-05-19 18:00:00,6002.38
Wind Onshore,2026-05-19 19:00:00,6853.48
Wind Onshore,2026-05-19 20:00:00,7885.55
Wind Onshore,2026-05-19 21:00:00,8793.05
Wind Onshore,2026-05-19 22:00:00,9201.76
Wind Onshore,2026-05-19 23:00:00,9556.54
Wind Onshore,2026-05-20 00:00:00,9542.87
Wind Onshore,2026-05-20 01:00:00,9836.38
Wind Onshore,2026-05-20 02:00:00,10117.42
Wind Onshore,2026-05-20 03:00:00,10473.92
Wind Onshore,2026-05-20 04:00:00,10723.96
Wind Onshore,2026-05-20 05:00:00,10238.47
Wind Onshore,2026-05-20 06:00:00,9770.32
Wind Onshore,2026-05-20 07:00:00,10231.17
Wind Onshore,2026-05-20 08:00:00,11183.28
Wind Onshore,2026-05-20 09:00:00,12663.63
Wind Onshore,2026-05-20 10:00:00,13627.73
Wind Onshore,2026-05-20 11:00:00,14281.68
Wind Onshore,2026-05-20 12:00:00,14736.09
Wind Onshore,2026-05-20 13:00:00,15079.17
Wind Onshore,2026-05-20 14:00:00,14039.69
Wind Onshore,2026-05-20 15:00:00,12952.82
Wind Onshore,2026-05-20 16:00:00,11509.06
Wind Onshore,2026-05-20 17:00:00,9202.06
Wind Onshore,2026-05-20 18:00:00,8435.1
Wind Onshore,2026-05-20 19:00:00,7285.96
Wind Onshore,2026-05-20 20:00:00,7423.45
Wind Onshore,2026-05-20 21:00:00,8023.22
Wind Onshore,2026-05-20 22:00:00,8432.39
Wind Onshore,2026-05-20 23:00:00,8878.16
Wind Onshore,2026-05-21 00:00:00,9441.22
Wind Onshore,2026-05-21 01:00:00,9321.23
Wind Onshore,2026-05-21 02:00:00,9216.41
Wind Onshore,2026-05-21 03:00:00,9269.24
Wind Onshore,2026-05-21 04:00:00,8902.83
Wind Onshore,2026-05-21 05:00:00,6397.66
Wind Onshore,2026-05-21 06:00:00,4345.59
Wind Onshore,2026-05-21 07:00:00,3910.19
Wind Onshore,2026-05-21 08:00:00,4514.39
Wind Onshore,2026-05-21 09:00:00,5264.02
Wind Onshore,2026-05-21 10:00:00,6257.86
Wind Onshore,2026-05-21 11:00:00,6450.89
Wind Onshore,2026-05-21 12:00:00,6381.98
Wind Onshore,2026-05-21 13:00:00,5910.05
Wind Onshore,2026-05-21 14:00:00,5825.63
Wind Onshore,2026-05-21 15:00:00,5762.75
Wind Onshore,2026-05-21 16:00:00,4496.89
Wind Onshore,2026-05-21 17:00:00,3358.35
Wind Onshore,2026-05-21 18:00:00,2435.43
Wind Onshore,2026-05-21 19:00:00,2254.17
Wind Onshore,2026-05-21 20:00:00,2336.73
Wind Onshore,2026-05-21 21:00:00,2104.33
Wind Onshore,2026-05-21 22:00:00,1728.57
Wind Onshore,2026-05-21 23:00:00,1462.08
Wind Onshore,2026-05-22 00:00:00,1342.03
Wind Onshore,2026-05-22 01:00:00,1334.93
Wind Onshore,2026-05-22 02:00:00,1469.53
Wind Onshore,2026-05-22 03:00:00,1866.43
Wind Onshore,2026-05-22 04:00:00,2456.16
Wind Onshore,2026-05-22 05:00:00,2293.17
Wind Onshore,2026-05-22 06:00:00,1494.27
Wind Onshore,2026-05-22 07:00:00,1162.87
Wind Onshore,2026-05-22 08:00:00,1325.57
Wind Onshore,2026-05-22 09:00:00,1302.24
Wind Onshore,2026-05-22 10:00:00,1146.14
Wind Onshore,2026-05-22 11:00:00,989.56
Wind Onshore,2026-05-22 12:00:00,765.52
Wind Onshore,2026-05-22 13:00:00,724.13
Wind Onshore,2026-05-22 14:00:00,627.18
Wind Onshore,2026-05-22 15:00:00,508.26
Wind Onshore,2026-05-22 16:00:00,484.1
Wind Onshore,2026-05-22 17:00:00,640.2
Wind Onshore,2026-05-22 18:00:00,1093.18
Wind Onshore,2026-05-22 19:00:00,1889.47
Wind Onshore,2026-05-22 20:00:00,2873.84
Wind Onshore,2026-05-22 21:00:00,3919.06
Wind Onshore,2026-05-22 22:00:00,4723.42
Wind Onshore,2026-05-22 23:00:00,4979.65
Wind Onshore,2026-05-23 00:00:00,4769.53
Wind Onshore,2026-05-23 01:00:00,4414.26
Wind Onshore,2026-05-23 02:00:00,4337.96
Wind Onshore,2026-05-23 03:00:00,4816.56
Wind Onshore,2026-05-23 04:00:00,5206.6
Wind Onshore,2026-05-23 05:00:00,4230.8
Wind Onshore,2026-05-23 06:00:00,1933.46
Wind Onshore,2026-05-23 07:00:00,943.72
Wind Onshore,2026-05-23 08:00:00,849.65
Wind Onshore,2026-05-23 09:00:00,739.02
Wind Onshore,2026-05-23 10:00:00,913.09
Wind Onshore,2026-05-23 11:00:00,851.46
Wind Onshore,2026-05-23 12:00:00,1042.92
Wind Onshore,2026-05-23 13:00:00,1544.12
Wind Onshore,2026-05-23 14:00:00,1049.73
Wind Onshore,2026-05-23 15:00:00,1100.75
Wind Onshore,2026-05-23 16:00:00,990.05
Wind Onshore,2026-05-23 17:00:00,806.94
Wind Onshore,2026-05-23 18:00:00,913.13
Wind Onshore,2026-05-23 19:00:00,1121.25
Wind Onshore,2026-05-23 20:00:00,1245.01
Wind Onshore,2026-05-23 21:00:00,1601.68
Wind Onshore,2026-05-23 22:00:00,1867.6
Wind Onshore,2026-05-23 23:00:00,2454.03
Wind Onshore,2026-05-24 00:00:00,3337.69
Wind Onshore,2026-05-24 01:00:00,4129.82
Wind Onshore,2026-05-24 02:00:00,4680.39
Wind Onshore,2026-05-24 03:00:00,5186.1
Wind Onshore,2026-05-24 04:00:00,4817.28
Wind Onshore,2026-05-24 05:00:00,3520.81
Wind Onshore,2026-05-24 06:00:00,1965.83
Wind Onshore,2026-05-24 07:00:00,1201.75
Wind Onshore,2026-05-24 08:00:00,1519.28
Wind Onshore,2026-05-24 09:00:00,1805.98
Wind Onshore,2026-05-24 10:00:00,1745.02
Wind Onshore,2026-05-24 11:00:00,1759.21
Wind Onshore,2026-05-24 12:00:00,2172.1
Wind Onshore,2026-05-24 13:00:00,2961.78
Wind Onshore,2026-05-24 14:00:00,4947.93
Wind Onshore,2026-05-24 15:00:00,6123.83
Wind Onshore,2026-05-24 16:00:00,7501.12
Wind Onshore,2026-05-24 17:00:00,7646.35
Wind Onshore,2026-05-24 18:00:00,6976.93
Wind Onshore,2026-05-24 19:00:00,7126.27
Wind Onshore,2026-05-24 20:00:00,7488.38
Wind Onshore,2026-05-24 21:00:00,7436.21
Wind Onshore,2026-05-24 22:00:00,6622.75
Wind Onshore,2026-05-24 23:00:00,5508.33
Wind Onshore,2026-05-25 00:00:00,4398.92
Wind Onshore,2026-05-25 01:00:00,3474.56
Wind Onshore,2026-05-25 02:00:00,2893.72
Wind Onshore,2026-05-25 03:00:00,2593.21
Wind Onshore,2026-05-25 04:00:00,2223.81
Wind Onshore,2026-05-25 05:00:00,1457.83
Wind Onshore,2026-05-25 06:00:00,553.34
Wind Onshore,2026-05-25 07:00:00,331.97
Wind Onshore,2026-05-25 08:00:00,493.57
Wind Onshore,2026-05-25 09:00:00,765.69
Wind Onshore,2026-05-25 10:00:00,999.18
Wind Onshore,2026-05-25 11:00:00,1183.95
Wind Onshore,2026-05-25 12:00:00,1508.9
Wind Onshore,2026-05-25 13:00:00,1940.83
Wind Onshore,2026-05-25 14:00:00,2159.28
Wind Onshore,2026-05-25 15:00:00,2436.16
Wind Onshore,2026-05-25 16:00:00,2599.49
Wind Onshore,2026-05-25 17:00:00,2632.26
Wind Onshore,2026-05-25 18:00:00,2830.1
Wind Onshore,2026-05-25 19:00:00,3841.05
Wind Onshore,2026-05-25 20:00:00,4832.6
Wind Onshore,2026-05-25 21:00:00,5555.37
Wind Onshore,2026-05-25 22:00:00,5745.45
Wind Onshore,2026-05-25 23:00:00,5479.4
Wind Onshore,2026-05-26 00:00:00,5350.08
Wind Onshore,2026-05-26 01:00:00,5202.19
Wind Onshore,2026-05-26 02:00:00,4926.22
Wind Onshore,2026-05-26 03:00:00,4772.54
Wind Onshore,2026-05-26 04:00:00,4481.04
Wind Onshore,2026-05-26 05:00:00,3274.73
Wind Onshore,2026-05-26 06:00:00,1758.73
Wind Onshore,2026-05-26 07:00:00,1356.5
Wind Onshore,2026-05-26 08:00:00,2118.61
Wind Onshore,2026-05-26 09:00:00,3073.39
Wind Onshore,2026-05-26 10:00:00,4088.42
Wind Onshore,2026-05-26 11:00:00,5169.51
Wind Onshore,2026-05-26 12:00:00,6441.63
Wind Onshore,2026-05-26 13:00:00,7381.3
Wind Onshore,2026-05-26 14:00:00,7866.46
Wind Onshore,2026-05-26 15:00:00,7588.0
Wind Onshore,2026-05-26 16:00:00,6995.35
Wind Onshore,2026-05-26 17:00:00,6545.17
Wind Onshore,2026-05-26 18:00:00,6728.01
Wind Onshore,2026-05-26 19:00:00,8636.21
Wind Onshore,2026-05-26 20:00:00,10371.49
Wind Onshore,2026-05-26 21:00:00,11125.65
Wind Onshore,2026-05-26 22:00:00,11268.89
Wind Onshore,2026-05-26 23:00:00,11139.75
Wind Onshore,2026-05-27 00:00:00,11481.33
Wind Onshore,2026-05-27 01:00:00,11765.97
Wind Onshore,2026-05-27 02:00:00,11895.97
Wind Onshore,2026-05-27 03:00:00,12146.66
Wind Onshore,2026-05-27 04:00:00,11053.13
Wind Onshore,2026-05-27 05:00:00,10083.72
Wind Onshore,2026-05-27 06:00:00,8087.31
Wind Onshore,2026-05-27 07:00:00,5946.76
Wind Onshore,2026-05-27 08:00:00,5602.46
Wind Onshore,2026-05-27 09:00:00,5765.6
Wind Onshore,2026-05-27 10:00:00,6080.07
Wind Onshore,2026-05-27 11:00:00,6864.42
Wind Onshore,2026-05-27 12:00:00,7914.52
Wind Onshore,2026-05-27 13:00:00,8379.7
Wind Onshore,2026-05-27 14:00:00,10956.36
Wind Onshore,2026-05-27 15:00:00,13958.91
Wind Onshore,2026-05-27 16:00:00,14362.3
Wind Onshore,2026-05-27 17:00:00,13630.52
Wind Onshore,2026-05-27 18:00:00,11876.42
Wind Onshore,2026-05-27 19:00:00,11637.8
Wind Onshore,2026-05-27 20:00:00,11474.39
Wind Onshore,2026-05-27 21:00:00,11048.0
Wind Onshore,2026-05-27 22:00:00,10037.49
Wind Onshore,2026-05-27 23:00:00,8883.49
Wind Onshore,2026-05-28 00:00:00,7323.91
Wind Onshore,2026-05-28 01:00:00,6345.89
Wind Onshore,2026-05-28 02:00:00,6245.41
Wind Onshore,2026-05-28 03:00:00,5981.55
Wind Onshore,2026-05-28 04:00:00,4733.49
Wind Onshore,2026-05-28 05:00:00,2381.46
Wind Onshore,2026-05-28 06:00:00,1513.48
Wind Onshore,2026-05-28 07:00:00,1290.26
Wind Onshore,2026-05-28 08:00:00,1164.98
Wind Onshore,2026-05-28 09:00:00,1264.6
Wind Onshore,2026-05-28 10:00:00,1039.8
Wind Onshore,2026-05-28 11:00:00,1046.28
Wind Onshore,2026-05-28 12:00:00,1130.08
Wind Onshore,2026-05-28 13:00:00,1260.87
Wind Onshore,2026-05-28 14:00:00,1572.84
Wind Onshore,2026-05-28 15:00:00,1750.05
Wind Onshore,2026-05-28 16:00:00,1611.19
Wind Onshore,2026-05-28 17:00:00,1376.61
Wind Onshore,2026-05-28 18:00:00,1271.48
Wind Onshore,2026-05-28 19:00:00,1489.75
Wind Onshore,2026-05-28 20:00:00,1660.52
Wind Onshore,2026-05-28 21:00:00,1798.17
Wind Onshore,2026-05-28 22:00:00,1821.37
Wind Onshore,2026-05-28 23:00:00,2143.23
Wind Onshore,2026-05-29 00:00:00,2722.98
Wind Onshore,2026-05-29 01:00:00,3241.41
Wind Onshore,2026-05-29 02:00:00,3835.89
Wind Onshore,2026-05-29 03:00:00,4754.91
Wind Onshore,2026-05-29 04:00:00,5411.0
Wind Onshore,2026-05-29 05:00:00,4672.13
Wind Onshore,2026-05-29 06:00:00,2896.75
Wind Onshore,2026-05-29 07:00:00,2550.78
Wind Onshore,2026-05-29 08:00:00,2394.74
Wind Onshore,2026-05-29 09:00:00,2629.77
Wind Onshore,2026-05-29 10:00:00,2953.9
Wind Onshore,2026-05-29 11:00:00,3287.01
Wind Onshore,2026-05-29 12:00:00,3328.33
Wind Onshore,2026-05-29 13:00:00,4558.31
Wind Onshore,2026-05-29 14:00:00,4722.26
Wind Onshore,2026-05-29 15:00:00,4806.94
Wind Onshore,2026-05-29 16:00:00,6294.65
Wind Onshore,2026-05-29 17:00:00,7310.57
Wind Onshore,2026-05-29 18:00:00,8420.97
Wind Onshore,2026-05-29 19:00:00,9362.14
Wind Onshore,2026-05-29 20:00:00,13933.95
Wind Onshore,2026-05-29 21:00:00,15404.84
Wind Onshore,2026-05-29 22:00:00,14810.7
Wind Onshore,2026-05-29 23:00:00,14079.79
Wind Onshore,2026-05-30 00:00:00,13456.28
Wind Onshore,2026-05-30 01:00:00,11869.98
Wind Onshore,2026-05-30 02:00:00,11772.02
Wind Onshore,2026-05-30 03:00:00,11853.06
Wind Onshore,2026-05-30 04:00:00,10843.83
Wind Onshore,2026-05-30 05:00:00,9171.06
Wind Onshore,2026-05-30 06:00:00,8232.06
Wind Onshore,2026-05-30 07:00:00,8410.4
Wind Onshore,2026-05-30 08:00:00,8906.72
Wind Onshore,2026-05-30 09:00:00,9331.77
Wind Onshore,2026-05-30 10:00:00,9318.16
Wind Onshore,2026-05-30 11:00:00,8424.43
Wind Onshore,2026-05-30 12:00:00,8709.66
Wind Onshore,2026-05-30 13:00:00,9354.65
Wind Onshore,2026-05-30 14:00:00,9119.07
Wind Onshore,2026-05-30 15:00:00,10129.27
Wind Onshore,2026-05-30 16:00:00,8506.6
Wind Onshore,2026-05-30 17:00:00,6162.77
Wind Onshore,2026-05-30 18:00:00,4217.88
Wind Onshore,2026-05-30 19:00:00,3237.86
Wind Onshore,2026-05-30 20:00:00,3087.51
Wind Onshore,2026-05-30 21:00:00,3199.84
Wind Onshore,2026-05-30 22:00:00,3275.59
Wind Onshore,2026-05-30 23:00:00,3515.19
Wind Onshore,2026-05-31 00:00:00,3218.02
Wind Onshore,2026-05-31 01:00:00,2395.66
Wind Onshore,2026-05-31 02:00:00,1980.92
Wind Onshore,2026-05-31 03:00:00,2380.9
Wind Onshore,2026-05-31 04:00:00,3185.87
Wind Onshore,2026-05-31 05:00:00,4281.89
Wind Onshore,2026-05-31 06:00:00,4740.84
Wind Onshore,2026-05-31 07:00:00,4066.03
Wind Onshore,2026-05-31 08:00:00,3954.57
Wind Onshore,2026-05-31 09:00:00,4448.87
Wind Onshore,2026-05-31 10:00:00,5289.02
Wind Onshore,2026-05-31 11:00:00,5411.99
Wind Onshore,2026-05-31 12:00:00,6132.04
Wind Onshore,2026-05-31 13:00:00,6876.78
Wind Onshore,2026-05-31 14:00:00,7782.27
Wind Onshore,2026-05-31 15:00:00,8640.66
Wind Onshore,2026-05-31 16:00:00,8947.9
Wind Onshore,2026-05-31 17:00:00,8751.15
Wind Onshore,2026-05-31 18:00:00,8200.59
Wind Onshore,2026-05-31 19:00:00,7448.99
Wind Onshore,2026-05-31 20:00:00,6601.94
Wind Onshore,2026-05-31 21:00:00,5978.55
Wind Onshore,2026-05-31 22:00:00,6320.18
Wind Onshore,2026-05-31 23:00:00,5942.44
Wind Onshore,2026-06-01 00:00:00,5551.24
Wind Onshore,2026-06-01 01:00:00,5398.88
Wind Onshore,2026-06-01 02:00:00,5414.79
Wind Onshore,2026-06-01 03:00:00,5363.42
Wind Onshore,2026-06-01 04:00:00,4655.28
Wind Onshore,2026-06-01 05:00:00,3013.53
Wind Onshore,2026-06-01 06:00:00,1922.08
Wind Onshore,2026-06-01 07:00:00,1822.03
Wind Onshore,2026-06-01 08:00:00,1795.31
Wind Onshore,2026-06-01 09:00:00,1827.2
Wind Onshore,2026-06-01 10:00:00,2061.52
Wind Onshore,2026-06-01 11:00:00,2308.42
Wind Onshore,2026-06-01 12:00:00,2563.59
Wind Onshore,2026-06-01 13:00:00,2519.1
Wind Onshore,2026-06-01 14:00:00,2152.03
Wind Onshore,2026-06-01 15:00:00,1532.53
Wind Onshore,2026-06-01 16:00:00,972.86
Wind Onshore,2026-06-01 17:00:00,604.08
Wind Onshore,2026-06-01 18:00:00,486.87
Wind Onshore,2026-06-01 19:00:00,804.39
Wind Onshore,2026-06-01 20:00:00,1477.4
Wind Onshore,2026-06-01 21:00:00,2915.63
Wind Onshore,2026-06-01 22:00:00,4712.44
Wind Onshore,2026-06-01 23:00:00,6358.62
Wind Onshore,2026-06-02 00:00:00,7649.5
Wind Onshore,2026-06-02 01:00:00,8313.69
Wind Onshore,2026-06-02 02:00:00,8511.62
Wind Onshore,2026-06-02 03:00:00,9130.75
Wind Onshore,2026-06-02 04:00:00,9259.76
Wind Onshore,2026-06-02 05:00:00,8122.42
Wind Onshore,2026-06-02 06:00:00,5525.33
Wind Onshore,2026-06-02 07:00:00,4511.76
Wind Onshore,2026-06-02 08:00:00,5329.96
Wind Onshore,2026-06-02 09:00:00,7259.4
Wind Onshore,2026-06-02 10:00:00,8298.17
Wind Onshore,2026-06-02 11:00:00,8562.27
Wind Onshore,2026-06-02 12:00:00,8729.0
Wind Onshore,2026-06-02 13:00:00,9507.93
Wind Onshore,2026-06-02 14:00:00,9552.09
Wind Onshore,2026-06-02 15:00:00,10209.57
Wind Onshore,2026-06-02 16:00:00,11366.26
Wind Onshore,2026-06-02 17:00:00,12489.66
Wind Onshore,2026-06-02 18:00:00,13010.82
Wind Onshore,2026-06-02 19:00:00,13976.61
Wind Onshore,2026-06-02 20:00:00,15485.15
Wind Onshore,2026-06-02 21:00:00,16431.07
Wind Onshore,2026-06-02 22:00:00,16354.07
Wind Onshore,2026-06-02 23:00:00,15139.12
Wind Onshore,2026-06-03 00:00:00,14404.77
Wind Onshore,2026-06-03 01:00:00,14394.02
Wind Onshore,2026-06-03 02:00:00,14217.19
Wind Onshore,2026-06-03 03:00:00,14249.16
Wind Onshore,2026-06-03 04:00:00,13731.15
Wind Onshore,2026-06-03 05:00:00,12676.16
Wind Onshore,2026-06-03 06:00:00,13102.88
Wind Onshore,2026-06-03 07:00:00,14442.39
Wind Onshore,2026-06-03 08:00:00,15205.47
Wind Onshore,2026-06-03 09:00:00,15669.21
Wind Onshore,2026-06-03 10:00:00,15380.02
Wind Onshore,2026-06-03 11:00:00,14741.07
Wind Onshore,2026-06-03 12:00:00,14263.46
Wind Onshore,2026-06-03 13:00:00,13844.26
Wind Onshore,2026-06-03 14:00:00,13413.46
Wind Onshore,2026-06-03 15:00:00,13469.26
Wind Onshore,2026-06-03 16:00:00,13459.11
Wind Onshore,2026-06-03 17:00:00,12434.32
Wind Onshore,2026-06-03 18:00:00,12881.14
Wind Onshore,2026-06-03 19:00:00,16344.17
Wind Onshore,2026-06-03 20:00:00,19656.14
Wind Onshore,2026-06-03 21:00:00,22893.36
Wind Onshore,2026-06-03 22:00:00,25833.37
Wind Onshore,2026-06-03 23:00:00,26983.23
Wind Onshore,2026-06-04 00:00:00,26560.82
Wind Onshore,2026-06-04 01:00:00,25514.37
Wind Onshore,2026-06-04 02:00:00,24489.12
Wind Onshore,2026-06-04 03:00:00,23322.03
Wind Onshore,2026-06-04 04:00:00,22526.19
Wind Onshore,2026-06-04 05:00:00,20470.31
Wind Onshore,2026-06-04 06:00:00,19604.29
Wind Onshore,2026-06-04 07:00:00,19320.76
Wind Onshore,2026-06-04 08:00:00,19261.74
Wind Onshore,2026-06-04 09:00:00,19180.23
Wind Onshore,2026-06-04 10:00:00,19878.18
Wind Onshore,2026-06-04 11:00:00,21231.96
Wind Onshore,2026-06-04 12:00:00,20247.32
Wind Onshore,2026-06-04 13:00:00,22566.37
Wind Onshore,2026-06-04 14:00:00,23262.73
Wind Onshore,2026-06-04 15:00:00,24740.19
Wind Onshore,2026-06-04 16:00:00,24889.28
Wind Onshore,2026-06-04 17:00:00,23605.49
Wind Onshore,2026-06-04 18:00:00,21715.94
Wind Onshore,2026-06-04 19:00:00,20952.37
Wind Onshore,2026-06-04 20:00:00,21009.56
Wind Onshore,2026-06-04 21:00:00,21916.58
Wind Onshore,2026-06-04 22:00:00,23043.17
Wind Onshore,2026-06-04 23:00:00,23079.29
Wind Onshore,2026-06-05 00:00:00,22893.66
Wind Onshore,2026-06-05 01:00:00,21693.78
Wind Onshore,2026-06-05 02:00:00,20389.59
Wind Onshore,2026-06-05 03:00:00,18849.56
Wind Onshore,2026-06-05 04:00:00,17247.38
Wind Onshore,2026-06-05 05:00:00,15154.63
Wind Onshore,2026-06-05 06:00:00,13610.9
Wind Onshore,2026-06-05 07:00:00,13286.59
Wind Onshore,2026-06-05 08:00:00,13133.71
Wind Onshore,2026-06-05 09:00:00,12999.33
Wind Onshore,2026-06-05 10:00:00,13133.79
Wind Onshore,2026-06-05 11:00:00,12993.56
Wind Onshore,2026-06-05 12:00:00,11145.43
Wind Onshore,2026-06-05 13:00:00,9904.77
Wind Onshore,2026-06-05 14:00:00,8547.73
Wind Onshore,2026-06-05 15:00:00,7123.88
Wind Onshore,2026-06-05 16:00:00,6196.93
Wind Onshore,2026-06-05 17:00:00,4608.25
Wind Onshore,2026-06-05 18:00:00,3007.29
Wind Onshore,2026-06-05 19:00:00,2191.74
Wind Onshore,2026-06-05 20:00:00,1628.67
Wind Onshore,2026-06-05 21:00:00,1410.07
Wind Onshore,2026-06-05 22:00:00,1399.62
Wind Onshore,2026-06-05 23:00:00,1373.44
Wind Onshore,2026-06-06 00:00:00,1223.54
Wind Onshore,2026-06-06 01:00:00,1163.08
Wind Onshore,2026-06-06 02:00:00,1195.68
Wind Onshore,2026-06-06 03:00:00,1572.39
Wind Onshore,2026-06-06 04:00:00,1898.86
Wind Onshore,2026-06-06 05:00:00,1791.9
Wind Onshore,2026-06-06 06:00:00,1163.4
Wind Onshore,2026-06-06 07:00:00,1006.77
Wind Onshore,2026-06-06 08:00:00,1106.26
Wind Onshore,2026-06-06 09:00:00,1319.73
Wind Onshore,2026-06-06 10:00:00,1671.45
Wind Onshore,2026-06-06 11:00:00,2053.97
Wind Onshore,2026-06-06 12:00:00,2331.47
Wind Onshore,2026-06-06 13:00:00,3852.58
Wind Onshore,2026-06-06 14:00:00,4896.73
Wind Onshore,2026-06-06 15:00:00,5173.95
Wind Onshore,2026-06-06 16:00:00,5321.39
Wind Onshore,2026-06-06 17:00:00,5558.29
Wind Onshore,2026-06-06 18:00:00,5976.72
Wind Onshore,2026-06-06 19:00:00,7676.52
Wind Onshore,2026-06-06 20:00:00,8023.46
Wind Onshore,2026-06-06 21:00:00,9827.75
Wind Onshore,2026-06-06 22:00:00,12580.87
Wind Onshore,2026-06-06 23:00:00,13625.43
Wind Onshore,2026-06-07 00:00:00,13172.98
Wind Onshore,2026-06-07 01:00:00,14006.76
Wind Onshore,2026-06-07 02:00:00,15823.62
Wind Onshore,2026-06-07 03:00:00,17298.27
Wind Onshore,2026-06-07 04:00:00,17793.25
Wind Onshore,2026-06-07 05:00:00,16875.68
Wind Onshore,2026-06-07 06:00:00,15663.59
Wind Onshore,2026-06-07 07:00:00,15493.98
Wind Onshore,2026-06-07 08:00:00,13911.23
Wind Onshore,2026-06-07 09:00:00,13438.53
Wind Onshore,2026-06-07 10:00:00,12528.38
Wind Onshore,2026-06-07 11:00:00,10298.79
Wind Onshore,2026-06-07 12:00:00,9059.69
Wind Onshore,2026-06-07 13:00:00,9979.16
Wind Onshore,2026-06-07 14:00:00,11222.56
Wind Onshore,2026-06-07 15:00:00,14781.13
Wind Onshore,2026-06-07 16:00:00,15327.39
Wind Onshore,2026-06-07 17:00:00,12600.42
Wind Onshore,2026-06-07 18:00:00,9209.75
Wind Onshore,2026-06-07 19:00:00,6758.78
Wind Onshore,2026-06-07 20:00:00,5067.56
Wind Onshore,2026-06-07 21:00:00,4490.42
Wind Onshore,2026-06-07 22:00:00,3779.23
Wind Onshore,2026-06-07 23:00:00,3127.12
Wind Onshore,2026-06-08 00:00:00,2615.25
Wind Onshore,2026-06-08 01:00:00,2724.92
Wind Onshore,2026-06-08 02:00:00,3660.83
Wind Onshore,2026-06-08 03:00:00,5018.71
Wind Onshore,2026-06-08 04:00:00,5646.36
Wind Onshore,2026-06-08 05:00:00,4870.41
Wind Onshore,2026-06-08 06:00:00,2994.71
Wind Onshore,2026-06-08 07:00:00,2470.84
Wind Onshore,2026-06-08 08:00:00,2739.11
Wind Onshore,2026-06-08 09:00:00,2872.06
Wind Onshore,2026-06-08 10:00:00,3098.25
Wind Onshore,2026-06-08 11:00:00,3422.2
Wind Onshore,2026-06-08 12:00:00,4138.66
Wind Onshore,2026-06-08 13:00:00,5050.09
Wind Onshore,2026-06-08 14:00:00,5665.8
Wind Onshore,2026-06-08 15:00:00,6379.99
Wind Onshore,2026-06-08 16:00:00,6733.78
Wind Onshore,2026-06-08 17:00:00,7417.97
Wind Onshore,2026-06-08 18:00:00,8921.9
Wind Onshore,2026-06-08 19:00:00,11664.32
Wind Onshore,2026-06-08 20:00:00,14116.5
Wind Onshore,2026-06-08 21:00:00,16295.83
Wind Onshore,2026-06-08 22:00:00,16919.13
Wind Onshore,2026-06-08 23:00:00,18007.4
Wind Onshore,2026-06-09 00:00:00,17978.74
Wind Onshore,2026-06-09 01:00:00,17123.08
Wind Onshore,2026-06-09 02:00:00,17527.2
Wind Onshore,2026-06-09 03:00:00,19022.32
Wind Onshore,2026-06-09 04:00:00,19456.18
Wind Onshore,2026-06-09 05:00:00,18619.03
Wind Onshore,2026-06-09 06:00:00,18122.88
Wind Onshore,2026-06-09 07:00:00,19668.74
Wind Onshore,2026-06-09 08:00:00,20709.96
Wind Onshore,2026-06-09 09:00:00,21380.05
Wind Onshore,2026-06-09 10:00:00,21785.98
Wind Onshore,2026-06-09 11:00:00,20171.59
Wind Onshore,2026-06-09 12:00:00,19603.56
Wind Onshore,2026-06-09 13:00:00,17723.27
Wind Onshore,2026-06-09 14:00:00,17806.41
Wind Onshore,2026-06-09 15:00:00,17969.33
Wind Onshore,2026-06-09 16:00:00,15675.35
Wind Onshore,2026-06-09 17:00:00,12051.98
Wind Onshore,2026-06-09 18:00:00,10820.51
Wind Onshore,2026-06-09 19:00:00,10453.95
Wind Onshore,2026-06-09 20:00:00,10665.05
Wind Onshore,2026-06-09 21:00:00,11502.28
Wind Onshore,2026-06-09 22:00:00,12362.85
Wind Onshore,2026-06-09 23:00:00,13278.22
Wind Onshore,2026-06-10 00:00:00,13110.62
Wind Onshore,2026-06-10 01:00:00,12903.0
Wind Onshore,2026-06-10 02:00:00,12319.49
Wind Onshore,2026-06-10 03:00:00,11261.35
Wind Onshore,2026-06-10 04:00:00,9332.36
Wind Onshore,2026-06-10 05:00:00,6469.5
Wind Onshore,2026-06-10 06:00:00,5676.52
Wind Onshore,2026-06-10 07:00:00,5940.96
Wind Onshore,2026-06-10 08:00:00,7465.33
Wind Onshore,2026-06-10 09:00:00,8928.81
Wind Onshore,2026-06-10 10:00:00,9127.11
Wind Onshore,2026-06-10 11:00:00,9215.44
Wind Onshore,2026-06-10 12:00:00,9581.31
Wind Onshore,2026-06-10 13:00:00,8169.0
Wind Onshore,2026-06-10 14:00:00,8232.83
Wind Onshore,2026-06-10 15:00:00,8063.38
Wind Onshore,2026-06-10 16:00:00,7238.66
Wind Onshore,2026-06-10 17:00:00,6059.12
Wind Onshore,2026-06-10 18:00:00,5804.0
Wind Onshore,2026-06-10 19:00:00,5594.7
Wind Onshore,2026-06-10 20:00:00,4788.78
Wind Onshore,2026-06-10 21:00:00,4765.84
Wind Onshore,2026-06-10 22:00:00,5144.41
Wind Onshore,2026-06-10 23:00:00,5715.22
Wind Onshore,2026-06-11 00:00:00,6356.53
Wind Onshore,2026-06-11 01:00:00,6853.86
Wind Onshore,2026-06-11 02:00:00,7397.84
Wind Onshore,2026-06-11 03:00:00,7890.33
Wind Onshore,2026-06-11 04:00:00,7039.65
Wind Onshore,2026-06-11 05:00:00,4827.78
Wind Onshore,2026-06-11 06:00:00,3805.19
Wind Onshore,2026-06-11 07:00:00,4064.34
Wind Onshore,2026-06-11 08:00:00,4883.98
Wind Onshore,2026-06-11 09:00:00,6570.84
Wind Onshore,2026-06-11 10:00:00,7526.68
Wind Onshore,2026-06-11 11:00:00,7687.81
Wind Onshore,2026-06-11 12:00:00,10201.86
Wind Onshore,2026-06-11 13:00:00,11257.93
Wind Onshore,2026-06-11 14:00:00,11335.21
Wind Onshore,2026-06-11 15:00:00,10168.73
Wind Onshore,2026-06-11 16:00:00,9357.25
Wind Onshore,2026-06-11 17:00:00,8138.22
Wind Onshore,2026-06-11 18:00:00,6598.41
Wind Onshore,2026-06-11 19:00:00,6469.93
Wind Onshore,2026-06-11 20:00:00,6987.63
Wind Onshore,2026-06-11 21:00:00,8571.39
Wind Onshore,2026-06-11 22:00:00,10864.75
Wind Onshore,2026-06-11 23:00:00,12505.86
Wind Onshore,2026-06-12 00:00:00,13845.06
Wind Onshore,2026-06-12 01:00:00,14783.71
Wind Onshore,2026-06-12 02:00:00,15117.59
Wind Onshore,2026-06-12 03:00:00,15339.55
Wind Onshore,2026-06-12 04:00:00,15333.86
Wind Onshore,2026-06-12 05:00:00,14580.61
Wind Onshore,2026-06-12 06:00:00,13943.59
Wind Onshore,2026-06-12 07:00:00,14094.66
Wind Onshore,2026-06-12 08:00:00,14175.84
Wind Onshore,2026-06-12 09:00:00,14702.11
Wind Onshore,2026-06-12 10:00:00,15758.2
Wind Onshore,2026-06-12 11:00:00,17950.91
Wind Onshore,2026-06-12 12:00:00,20133.63
Wind Onshore,2026-06-12 13:00:00,22411.91
Wind Onshore,2026-06-12 14:00:00,24761.81
Wind Onshore,2026-06-12 15:00:00,25934.73
Wind Onshore,2026-06-12 16:00:00,25691.47
Wind Onshore,2026-06-12 17:00:00,24513.68
Wind Onshore,2026-06-12 18:00:00,21572.76
Wind Onshore,2026-06-12 19:00:00,19715.48
Wind Onshore,2026-06-12 20:00:00,19343.48
Wind Onshore,2026-06-12 21:00:00,19502.3
Wind Onshore,2026-06-12 22:00:00,19239.85
Wind Onshore,2026-06-12 23:00:00,19024.25
Wind Onshore,2026-06-13 00:00:00,19310.99
Wind Onshore,2026-06-13 01:00:00,19951.26
Wind Onshore,2026-06-13 02:00:00,20382.31
Wind Onshore,2026-06-13 03:00:00,21694.06
Wind Onshore,2026-06-13 04:00:00,20427.48
Wind Onshore,2026-06-13 05:00:00,20013.72
Wind Onshore,2026-06-13 06:00:00,21146.2
Wind Onshore,2026-06-13 07:00:00,21219.08
Wind Onshore,2026-06-13 08:00:00,20776.69
Wind Onshore,2026-06-13 09:00:00,20715.09
Wind Onshore,2026-06-13 10:00:00,17050.6
Wind Onshore,2026-06-13 11:00:00,15533.95
Wind Onshore,2026-06-13 12:00:00,16014.02
Wind Onshore,2026-06-13 13:00:00,17670.09
Wind Onshore,2026-06-13 14:00:00,23043.25
Wind Onshore,2026-06-13 15:00:00,28868.32
Wind Onshore,2026-06-13 16:00:00,33015.24
Wind Onshore,2026-06-13 17:00:00,34363.9
Wind Onshore,2026-06-13 18:00:00,30659.07
Wind Onshore,2026-06-13 19:00:00,27644.98
Wind Onshore,2026-06-13 20:00:00,25229.0
Wind Onshore,2026-06-13 21:00:00,24033.33
Wind Onshore,2026-06-13 22:00:00,23392.29
Wind Onshore,2026-06-13 23:00:00,23687.78
Wind Onshore,2026-06-14 00:00:00,23661.22
Wind Onshore,2026-06-14 01:00:00,23126.32
Wind Onshore,2026-06-14 02:00:00,23151.95
Wind Onshore,2026-06-14 03:00:00,23086.76
Wind Onshore,2026-06-14 04:00:00,23075.95
Wind Onshore,2026-06-14 05:00:00,22457.44
Wind Onshore,2026-06-14 06:00:00,20793.06
Wind Onshore,2026-06-14 07:00:00,20667.66
Wind Onshore,2026-06-14 08:00:00,21148.19
Wind Onshore,2026-06-14 09:00:00,20799.79
Wind Onshore,2026-06-14 10:00:00,19881.63
Wind Onshore,2026-06-14 11:00:00,16291.43
Wind Onshore,2026-06-14 12:00:00,15491.91
Wind Onshore,2026-06-14 13:00:00,18476.15
Wind Onshore,2026-06-14 14:00:00,21459.95
Wind Onshore,2026-06-14 15:00:00,25731.81
Wind Onshore,2026-06-14 16:00:00,30306.7
Wind Onshore,2026-06-14 17:00:00,30799.1
Wind Onshore,2026-06-14 18:00:00,27344.79
Wind Onshore,2026-06-14 19:00:00,24987.03
Wind Onshore,2026-06-14 20:00:00,22121.26
Wind Onshore,2026-06-14 21:00:00,21456.67
Wind Onshore,2026-06-14 22:00:00,20871.47
Wind Onshore,2026-06-14 23:00:00,20558.84
Wind Onshore,2026-06-15 00:00:00,20262.25
Wind Onshore,2026-06-15 01:00:00,20407.43
Wind Onshore,2026-06-15 02:00:00,21016.59
Wind Onshore,2026-06-15 03:00:00,21656.74
Wind Onshore,2026-06-15 04:00:00,22916.01
Wind Onshore,2026-06-15 05:00:00,23229.26
Wind Onshore,2026-06-15 06:00:00,24127.06
Wind Onshore,2026-06-15 07:00:00,25590.86
Wind Onshore,2026-06-15 08:00:00,26195.33
Wind Onshore,2026-06-15 09:00:00,25791.59
Wind Onshore,2026-06-15 10:00:00,25323.51
Wind Onshore,2026-06-15 11:00:00,25196.67
Wind Onshore,2026-06-15 12:00:00,25563.06
Wind Onshore,2026-06-15 13:00:00,24837.27
Wind Onshore,2026-06-15 14:00:00,24074.14
Wind Onshore,2026-06-15 15:00:00,23662.8
Wind Onshore,2026-06-15 16:00:00,22023.95
Wind Onshore,2026-06-15 17:00:00,19008.52
Wind Onshore,2026-06-15 18:00:00,15782.29
Wind Onshore,2026-06-15 19:00:00,12921.12
Wind Onshore,2026-06-15 20:00:00,11130.97
Wind Onshore,2026-06-15 21:00:00,10509.24
Wind Onshore,2026-06-15 22:00:00,9631.67
Wind Onshore,2026-06-15 23:00:00,8514.47
Wind Onshore,2026-06-16 00:00:00,7942.26
Wind Onshore,2026-06-16 01:00:00,7535.76
Wind Onshore,2026-06-16 02:00:00,7177.01
Wind Onshore,2026-06-16 03:00:00,7713.36
Wind Onshore,2026-06-16 04:00:00,7921.79
Wind Onshore,2026-06-16 05:00:00,7155.03
Wind Onshore,2026-06-16 06:00:00,6171.14
Wind Onshore,2026-06-16 07:00:00,5428.49
Wind Onshore,2026-06-16 08:00:00,5058.48
Wind Onshore,2026-06-16 09:00:00,4687.9
Wind Onshore,2026-06-16 10:00:00,4638.29
Wind Onshore,2026-06-16 11:00:00,5562.21
Wind Onshore,2026-06-16 12:00:00,6120.49
Wind Onshore,2026-06-16 13:00:00,6299.52
Wind Onshore,2026-06-16 14:00:00,6443.97
Wind Onshore,2026-06-16 15:00:00,6413.27
Wind Onshore,2026-06-16 16:00:00,6581.01
Wind Onshore,2026-06-16 17:00:00,5740.21
Wind Onshore,2026-06-16 18:00:00,5421.44
Wind Onshore,2026-06-16 19:00:00,5518.59
Wind Onshore,2026-06-16 20:00:00,5438.94
Wind Onshore,2026-06-16 21:00:00,5299.49
Wind Onshore,2026-06-16 22:00:00,4461.49
Wind Onshore,2026-06-16 23:00:00,3542.16
Wind Onshore,2026-06-17 00:00:00,2760.84
Wind Onshore,2026-06-17 01:00:00,2259.97
Wind Onshore,2026-06-17 02:00:00,1752.22
Wind Onshore,2026-06-17 03:00:00,1544.55
Wind Onshore,2026-06-17 04:00:00,1375.7
Wind Onshore,2026-06-17 05:00:00,1263.77
Wind Onshore,2026-06-17 06:00:00,909.26
Wind Onshore,2026-06-17 07:00:00,966.47
Wind Onshore,2026-06-17 08:00:00,1562.48
Wind Onshore,2026-06-17 09:00:00,2217.46
Wind Onshore,2026-06-17 10:00:00,3291.6
Wind Onshore,2026-06-17 11:00:00,4382.28
Wind Onshore,2026-06-17 12:00:00,4536.1
Wind Onshore,2026-06-17 13:00:00,4903.66
Wind Onshore,2026-06-17 14:00:00,5536.08
Wind Onshore,2026-06-17 15:00:00,5697.2
Wind Onshore,2026-06-17 16:00:00,5338.07
Wind Onshore,2026-06-17 17:00:00,4320.57
Wind Onshore,2026-06-17 18:00:00,4480.7
Wind Onshore,2026-06-17 19:00:00,4078.75
Wind Onshore,2026-06-17 20:00:00,3694.11
Wind Onshore,2026-06-17 21:00:00,3857.22
Wind Onshore,2026-06-17 22:00:00,3785.73
Wind Onshore,2026-06-17 23:00:00,3755.85
Wind Onshore,2026-06-18 00:00:00,3632.53
Wind Onshore,2026-06-18 01:00:00,3565.19
Wind Onshore,2026-06-18 02:00:00,3403.59
Wind Onshore,2026-06-18 03:00:00,3264.77
Wind Onshore,2026-06-18 04:00:00,3041.55
Wind Onshore,2026-06-18 05:00:00,2615.24
Wind Onshore,2026-06-18 06:00:00,1945.77
Wind Onshore,2026-06-18 07:00:00,2161.95
Wind Onshore,2026-06-18 08:00:00,2577.41
Wind Onshore,2026-06-18 09:00:00,3171.01
Wind Onshore,2026-06-18 10:00:00,3739.86
Wind Onshore,2026-06-18 11:00:00,4072.56
Wind Onshore,2026-06-18 12:00:00,3727.86
Wind Onshore,2026-06-18 13:00:00,3287.06
Wind Onshore,2026-06-18 14:00:00,2572.48
Wind Onshore,2026-06-18 15:00:00,1668.46
Wind Onshore,2026-06-18 16:00:00,928.87
Wind Onshore,2026-06-18 17:00:00,483.19
Wind Onshore,2026-06-18 18:00:00,524.76
Wind Onshore,2026-06-18 19:00:00,970.03
Wind Onshore,2026-06-18 20:00:00,1714.87
Wind Onshore,2026-06-18 21:00:00,2807.92
Wind Onshore,2026-06-18 22:00:00,4256.91
Wind Onshore,2026-06-18 23:00:00,6665.25
Wind Onshore,2026-06-19 00:00:00,8243.58
Wind Onshore,2026-06-19 01:00:00,8630.8
Wind Onshore,2026-06-19 02:00:00,7689.66
Wind Onshore,2026-06-19 03:00:00,6712.53
Wind Onshore,2026-06-19 04:00:00,6249.09
Wind Onshore,2026-06-19 05:00:00,5286.97
Wind Onshore,2026-06-19 06:00:00,3326.95
Wind Onshore,2026-06-19 07:00:00,2013.26
Wind Onshore,2026-06-19 08:00:00,2068.67
Wind Onshore,2026-06-19 09:00:00,2699.24
Wind Onshore,2026-06-19 10:00:00,3115.09
Wind Onshore,2026-06-19 11:00:00,3354.84
Wind Onshore,2026-06-19 12:00:00,3535.39
Wind Onshore,2026-06-19 13:00:00,3473.15
Wind Onshore,2026-06-19 14:00:00,3220.4
Wind Onshore,2026-06-19 15:00:00,3233.18
Wind Onshore,2026-06-19 16:00:00,3618.32
Wind Onshore,2026-06-19 17:00:00,3264.42
Wind Onshore,2026-06-19 18:00:00,4233.65
Wind Onshore,2026-06-19 19:00:00,7873.6
Wind Onshore,2026-06-19 20:00:00,11495.22
Wind Onshore,2026-06-19 21:00:00,14422.68
Wind Onshore,2026-06-19 22:00:00,16157.91
Wind Onshore,2026-06-19 23:00:00,16861.73
Wind Onshore,2026-06-20 00:00:00,16920.46
Wind Onshore,2026-06-20 01:00:00,13586.17
Wind Onshore,2026-06-20 02:00:00,10026.71
Wind Onshore,2026-06-20 03:00:00,10066.33
Wind Onshore,2026-06-20 04:00:00,12699.53
Wind Onshore,2026-06-20 05:00:00,11155.82
Wind Onshore,2026-06-20 06:00:00,9813.11
Wind Onshore,2026-06-20 07:00:00,6786.54
Wind Onshore,2026-06-20 08:00:00,4315.72
Wind Onshore,2026-06-20 09:00:00,3687.85
Wind Onshore,2026-06-20 10:00:00,3956.18
Wind Onshore,2026-06-20 11:00:00,3986.38
Wind Onshore,2026-06-20 12:00:00,3593.85
Wind Onshore,2026-06-20 13:00:00,3254.26
Wind Onshore,2026-06-20 14:00:00,3234.98
Wind Onshore,2026-06-20 15:00:00,3483.81
Wind Onshore,2026-06-20 16:00:00,3388.27
Wind Onshore,2026-06-20 17:00:00,2971.68
Wind Onshore,2026-06-20 18:00:00,2450.92
Wind Onshore,2026-06-20 19:00:00,2746.92
Wind Onshore,2026-06-20 20:00:00,2740.64
Wind Onshore,2026-06-20 21:00:00,2940.47
Wind Onshore,2026-06-20 22:00:00,2806.63
Wind Onshore,2026-06-20 23:00:00,2899.49
Wind Onshore,2026-06-21 00:00:00,2655.63
Wind Onshore,2026-06-21 01:00:00,2679.45
Wind Onshore,2026-06-21 02:00:00,3876.18
Wind Onshore,2026-06-21 03:00:00,5178.85
Wind Onshore,2026-06-21 04:00:00,5310.83
Wind Onshore,2026-06-21 05:00:00,5841.26
Wind Onshore,2026-06-21 06:00:00,5433.99
Wind Onshore,2026-06-21 07:00:00,5525.01
Wind Onshore,2026-06-21 08:00:00,3732.15
Wind Onshore,2026-06-21 09:00:00,2949.9
Wind Onshore,2026-06-21 10:00:00,3122.51
Wind Onshore,2026-06-21 11:00:00,2498.98
Wind Onshore,2026-06-21 12:00:00,1488.7
Wind Onshore,2026-06-21 13:00:00,1441.58
Wind Onshore,2026-06-21 14:00:00,2383.47
Wind Onshore,2026-06-21 15:00:00,3384.56
Wind Onshore,2026-06-21 16:00:00,3810.21
Wind Onshore,2026-06-21 17:00:00,4447.36
Wind Onshore,2026-06-21 18:00:00,4451.27
Wind Onshore,2026-06-21 19:00:00,4767.04
Wind Onshore,2026-06-21 20:00:00,5049.8
Wind Onshore,2026-06-21 21:00:00,5604.21
Wind Onshore,2026-06-21 22:00:00,5780.55
Wind Onshore,2026-06-21 23:00:00,5939.2
Wind Onshore,2026-06-22 00:00:00,6126.16
Wind Onshore,2026-06-22 01:00:00,6308.51
Wind Onshore,2026-06-22 02:00:00,6197.84
Wind Onshore,2026-06-22 03:00:00,6354.27
Wind Onshore,2026-06-22 04:00:00,5411.68
Wind Onshore,2026-06-22 05:00:00,3583.83
Wind Onshore,2026-06-22 06:00:00,2371.55
Wind Onshore,2026-06-22 07:00:00,1664.36
Wind Onshore,2026-06-22 08:00:00,1450.24
Wind Onshore,2026-06-22 09:00:00,1426.34
Wind Onshore,2026-06-22 10:00:00,1456.1
Wind Onshore,2026-06-22 11:00:00,1750.12
Wind Onshore,2026-06-22 12:00:00,2125.06
Wind Onshore,2026-06-22 13:00:00,2705.98
Wind Onshore,2026-06-22 14:00:00,3541.29
Wind Onshore,2026-06-22 15:00:00,4853.87
Wind Onshore,2026-06-22 16:00:00,5458.43
Wind Onshore,2026-06-22 17:00:00,5353.3
Wind Onshore,2026-06-22 18:00:00,5423.56
Wind Onshore,2026-06-22 19:00:00,6395.39
Wind Onshore,2026-06-22 20:00:00,6828.05
Wind Onshore,2026-06-22 21:00:00,6615.04
Wind Onshore,2026-06-22 22:00:00,5574.89
Wind Onshore,2026-06-22 23:00:00,4505.67
Wind Onshore,2026-06-23 00:00:00,3513.84
Wind Onshore,2026-06-23 01:00:00,2915.71
Wind Onshore,2026-06-23 02:00:00,2512.28
Wind Onshore,2026-06-23 03:00:00,2455.13
Wind Onshore,2026-06-23 04:00:00,1995.89
Wind Onshore,2026-06-23 05:00:00,1066.53
Wind Onshore,2026-06-23 06:00:00,360.55
Wind Onshore,2026-06-23 07:00:00,210.94
Wind Onshore,2026-06-23 08:00:00,257.19
Wind Onshore,2026-06-23 09:00:00,353.16
Wind Onshore,2026-06-23 10:00:00,451.75
Wind Onshore,2026-06-23 11:00:00,576.67
Wind Onshore,2026-06-23 12:00:00,668.73
Wind Onshore,2026-06-23 13:00:00,732.93
Wind Onshore,2026-06-23 14:00:00,849.9
Wind Onshore,2026-06-23 15:00:00,935.61
Wind Onshore,2026-06-23 16:00:00,979.47
Wind Onshore,2026-06-23 17:00:00,1005.29
Wind Onshore,2026-06-23 18:00:00,1288.95
Wind Onshore,2026-06-23 19:00:00,1621.7
Wind Onshore,2026-06-23 20:00:00,2031.56
Wind Onshore,2026-06-23 21:00:00,2559.98
Wind Onshore,2026-06-23 22:00:00,2713.89
Wind Onshore,2026-06-23 23:00:00,2802.77
Wind Onshore,2026-06-24 00:00:00,2698.44
Wind Onshore,2026-06-24 01:00:00,2574.44
Wind Onshore,2026-06-24 02:00:00,2325.41
Wind Onshore,2026-06-24 03:00:00,2077.49
Wind Onshore,2026-06-24 04:00:00,1666.08
Wind Onshore,2026-06-24 05:00:00,1201.98
Wind Onshore,2026-06-24 06:00:00,459.42
Wind Onshore,2026-06-24 07:00:00,131.33
Wind Onshore,2026-06-24 08:00:00,132.18
Wind Onshore,2026-06-24 09:00:00,214.79
Wind Onshore,2026-06-24 10:00:00,292.81
Wind Onshore,2026-06-24 11:00:00,425.32
Wind Onshore,2026-06-24 12:00:00,544.01
Wind Onshore,2026-06-24 13:00:00,627.34
Wind Onshore,2026-06-24 14:00:00,746.66
Wind Onshore,2026-06-24 15:00:00,841.29
Wind Onshore,2026-06-24 16:00:00,913.21
Wind Onshore,2026-06-24 17:00:00,892.54
Wind Onshore,2026-06-24 18:00:00,1052.33
Wind Onshore,2026-06-24 19:00:00,1470.14
Wind Onshore,2026-06-24 20:00:00,1763.93
Wind Onshore,2026-06-24 21:00:00,2060.41
Wind Onshore,2026-06-24 22:00:00,2011.73
Wind Onshore,2026-06-24 23:00:00,1783.15
Wind Onshore,2026-06-25 00:00:00,1528.11
Wind Onshore,2026-06-25 01:00:00,1478.71
Wind Onshore,2026-06-25 02:00:00,1599.66
Wind Onshore,2026-06-25 03:00:00,2029.38
Wind Onshore,2026-06-25 04:00:00,2273.85
Wind Onshore,2026-06-25 05:00:00,1878.48
Wind Onshore,2026-06-25 06:00:00,1103.48
Wind Onshore,2026-06-25 07:00:00,852.22
Wind Onshore,2026-06-25 08:00:00,1049.57
Wind Onshore,2026-06-25 09:00:00,1652.67
Wind Onshore,2026-06-25 10:00:00,2121.18
Wind Onshore,2026-06-25 11:00:00,2405.81
Wind Onshore,2026-06-25 12:00:00,2478.95
Wind Onshore,2026-06-25 13:00:00,2724.79
Wind Onshore,2026-06-25 14:00:00,3092.55
Wind Onshore,2026-06-25 15:00:00,3447.7
Wind Onshore,2026-06-25 16:00:00,3939.75
Wind Onshore,2026-06-25 17:00:00,4891.13
Wind Onshore,2026-06-25 18:00:00,5996.84
Wind Onshore,2026-06-25 19:00:00,8148.14
Wind Onshore,2026-06-25 20:00:00,9326.56
Wind Onshore,2026-06-25 21:00:00,9359.05
Wind Onshore,2026-06-25 22:00:00,8752.7
Wind Onshore,2026-06-25 23:00:00,7980.82
Wind Onshore,2026-06-26 00:00:00,7670.92
Wind Onshore,2026-06-26 01:00:00,7278.76
Wind Onshore,2026-06-26 02:00:00,7612.33
Wind Onshore,2026-06-26 03:00:00,8084.63
Wind Onshore,2026-06-26 04:00:00,7488.97
Wind Onshore,2026-06-26 05:00:00,5650.21
Wind Onshore,2026-06-26 06:00:00,3036.23
Wind Onshore,2026-06-26 07:00:00,1887.19
Wind Onshore,2026-06-26 08:00:00,1496.28
Wind Onshore,2026-06-26 09:00:00,1597.16
Wind Onshore,2026-06-26 10:00:00,2076.11
Wind Onshore,2026-06-26 11:00:00,2692.47
Wind Onshore,2026-06-26 12:00:00,3537.98
Wind Onshore,2026-06-26 13:00:00,3264.32
Wind Onshore,2026-06-26 14:00:00,2458.15
Wind Onshore,2026-06-26 15:00:00,1772.59
Wind Onshore,2026-06-26 16:00:00,1646.59
Wind Onshore,2026-06-26 17:00:00,2197.58
Wind Onshore,2026-06-26 18:00:00,3796.8
Wind Onshore,2026-06-26 19:00:00,6609.15
Wind Onshore,2026-06-26 20:00:00,9833.63
Wind Onshore,2026-06-26 21:00:00,11762.44
Wind Onshore,2026-06-26 22:00:00,12349.3
Wind Onshore,2026-06-26 23:00:00,11716.7
Wind Onshore,2026-06-27 00:00:00,10323.41
Wind Onshore,2026-06-27 01:00:00,8849.77
Wind Onshore,2026-06-27 02:00:00,7515.26
Wind Onshore,2026-06-27 03:00:00,6412.91
Wind Onshore,2026-06-27 04:00:00,5187.95
Wind Onshore,2026-06-27 05:00:00,3407.24
Wind Onshore,2026-06-27 06:00:00,1561.42
Wind Onshore,2026-06-27 07:00:00,579.68
Wind Onshore,2026-06-27 08:00:00,392.13
Wind Onshore,2026-06-27 09:00:00,542.52
Wind Onshore,2026-06-27 10:00:00,921.02
Wind Onshore,2026-06-27 11:00:00,1540.64
Wind Onshore,2026-06-27 12:00:00,3675.4
Wind Onshore,2026-06-27 13:00:00,3271.35
Wind Onshore,2026-06-27 14:00:00,2492.42
Wind Onshore,2026-06-27 15:00:00,2800.5
Wind Onshore,2026-06-27 16:00:00,2711.78
Wind Onshore,2026-06-27 17:00:00,3671.54
Wind Onshore,2026-06-27 18:00:00,6141.24
Wind Onshore,2026-06-27 19:00:00,7556.31
Wind Onshore,2026-06-27 20:00:00,9605.71
Wind Onshore,2026-06-27 21:00:00,12426.09
Wind Onshore,2026-06-27 22:00:00,13317.87
Wind Onshore,2026-06-27 23:00:00,14479.28
Wind Onshore,2026-06-28 00:00:00,15597.89
Wind Onshore,2026-06-28 01:00:00,16410.73
Wind Onshore,2026-06-28 02:00:00,15455.22
Wind Onshore,2026-06-28 03:00:00,14506.57
Wind Onshore,2026-06-28 04:00:00,11859.32
Wind Onshore,2026-06-28 05:00:00,10300.96
Wind Onshore,2026-06-28 06:00:00,5463.4
Wind Onshore,2026-06-28 07:00:00,2998.33
Wind Onshore,2026-06-28 08:00:00,2300.84
Wind Onshore,2026-06-28 09:00:00,2483.23
Wind Onshore,2026-06-28 10:00:00,2949.71
Wind Onshore,2026-06-28 11:00:00,3304.97
Wind Onshore,2026-06-28 12:00:00,3332.32
Wind Onshore,2026-06-28 13:00:00,4200.3
Wind Onshore,2026-06-28 14:00:00,6458.69
Wind Onshore,2026-06-28 15:00:00,8164.03
Wind Onshore,2026-06-28 16:00:00,7994.66
Wind Onshore,2026-06-28 17:00:00,7175.99
Wind Onshore,2026-06-28 18:00:00,6676.47
Wind Onshore,2026-06-28 19:00:00,7062.19
Wind Onshore,2026-06-28 20:00:00,7119.88
Wind Onshore,2026-06-28 21:00:00,7187.2
Wind Onshore,2026-06-28 22:00:00,6085.6
Wind Onshore,2026-06-28 23:00:00,5577.53
Wind Onshore,2026-06-29 00:00:00,5186.05
Wind Onshore,2026-06-29 01:00:00,5667.07
Wind Onshore,2026-06-29 02:00:00,6115.26
Wind Onshore,2026-06-29 03:00:00,6466.31
Wind Onshore,2026-06-29 04:00:00,5961.18
Wind Onshore,2026-06-29 05:00:00,5667.33
Wind Onshore,2026-06-29 06:00:00,5467.06
Wind Onshore,2026-06-29 07:00:00,6189.11
Wind Onshore,2026-06-29 08:00:00,6100.41
Wind Onshore,2026-06-29 09:00:00,5442.66
Wind Onshore,2026-06-29 10:00:00,4853.74
Wind Onshore,2026-06-29 11:00:00,4589.64
Wind Onshore,2026-06-29 12:00:00,4061.55
Wind Onshore,2026-06-29 13:00:00,4230.42
Wind Onshore,2026-06-29 14:00:00,4630.1
Wind Onshore,2026-06-29 15:00:00,4412.76
Wind Onshore,2026-06-29 16:00:00,4434.99
Wind Onshore,2026-06-29 17:00:00,4400.67
Wind Onshore,2026-06-29 18:00:00,4083.47
Wind Onshore,2026-06-29 19:00:00,4152.36
Wind Onshore,2026-06-29 20:00:00,4160.01
Wind Onshore,2026-06-29 21:00:00,4172.82
Wind Onshore,2026-06-29 22:00:00,4133.28
Wind Onshore,2026-06-29 23:00:00,4047.53
Wind Onshore,2026-06-30 00:00:00,4266.51
Wind Onshore,2026-06-30 01:00:00,4256.69
Wind Onshore,2026-06-30 02:00:00,4278.23
Wind Onshore,2026-06-30 03:00:00,4724.01
Wind Onshore,2026-06-30 04:00:00,4722.67
Wind Onshore,2026-06-30 05:00:00,3152.35
Wind Onshore,2026-06-30 06:00:00,1660.63
Wind Onshore,2026-06-30 07:00:00,1421.16
Wind Onshore,2026-06-30 08:00:00,1346.79
Wind Onshore,2026-06-30 09:00:00,1114.0
Wind Onshore,2026-06-30 10:00:00,1048.5
Wind Onshore,2026-06-30 11:00:00,1217.71
Wind Onshore,2026-06-30 12:00:00,1389.96
Wind Onshore,2026-06-30 13:00:00,2091.06
Wind Onshore,2026-06-30 14:00:00,3107.39
Wind Onshore,2026-06-30 15:00:00,3983.68
Wind Onshore,2026-06-30 16:00:00,4055.14
Wind Onshore,2026-06-30 17:00:00,4943.97
Wind Onshore,2026-06-30 18:00:00,5782.96
Wind Onshore,2026-06-30 19:00:00,5352.23
Wind Onshore,2026-06-30 20:00:00,5092.87
Wind Onshore,2026-06-30 21:00:00,4637.04
Wind Onshore,2026-06-30 22:00:00,4498.79
Wind Onshore,2026-06-30 23:00:00,4474.67
Wind Onshore,2026-07-01 00:00:00,4085.61
Wind Onshore,2026-07-01 01:00:00,3700.06
Wind Onshore,2026-07-01 02:00:00,3580.07
Wind Onshore,2026-07-01 03:00:00,4215.48
Wind Onshore,2026-07-01 04:00:00,4141.24
Wind Onshore,2026-07-01 05:00:00,3551.25
Wind Onshore,2026-07-01 06:00:00,2931.16
Wind Onshore,2026-07-01 07:00:00,2712.82
Wind Onshore,2026-07-01 08:00:00,2866.24
Wind Onshore,2026-07-01 09:00:00,3110.15
Wind Onshore,2026-07-01 10:00:00,3187.35
Wind Onshore,2026-07-01 11:00:00,3642.14
Wind Onshore,2026-07-01 12:00:00,4797.48
Wind Onshore,2026-07-01 13:00:00,6070.43
Wind Onshore,2026-07-01 14:00:00,6654.87
Wind Onshore,2026-07-01 15:00:00,6948.35
Wind Onshore,2026-07-01 16:00:00,7570.97
Wind Onshore,2026-07-01 17:00:00,8033.76
Wind Onshore,2026-07-01 18:00:00,6485.87
Wind Onshore,2026-07-01 19:00:00,5328.79
Wind Onshore,2026-07-01 20:00:00,4134.61
Wind Onshore,2026-07-01 21:00:00,3416.31
Wind Onshore,2026-07-01 22:00:00,2666.32
Wind Onshore,2026-07-01 23:00:00,2335.04
Wind Onshore,2026-07-02 00:00:00,2389.14
Wind Onshore,2026-07-02 01:00:00,2709.24
Wind Onshore,2026-07-02 02:00:00,3855.49
Wind Onshore,2026-07-02 03:00:00,6043.21
Wind Onshore,2026-07-02 04:00:00,7858.0
Wind Onshore,2026-07-02 05:00:00,8307.92
Wind Onshore,2026-07-02 06:00:00,9194.56
Wind Onshore,2026-07-02 07:00:00,11432.36
Wind Onshore,2026-07-02 08:00:00,12153.74
Wind Onshore,2026-07-02 09:00:00,15841.71
Wind Onshore,2026-07-02 10:00:00,18901.26
Wind Onshore,2026-07-02 11:00:00,19607.26
Wind Onshore,2026-07-02 12:00:00,19745.71
Wind Onshore,2026-07-02 13:00:00,20669.58
Wind Onshore,2026-07-02 14:00:00,23545.26
Wind Onshore,2026-07-02 15:00:00,27141.49
Wind Onshore,2026-07-02 16:00:00,30983.29
Wind Onshore,2026-07-02 17:00:00,30480.9
Wind Onshore,2026-07-02 18:00:00,27708.71
Wind Onshore,2026-07-02 19:00:00,26102.57
Wind Onshore,2026-07-02 20:00:00,23873.32
Wind Onshore,2026-07-02 21:00:00,22869.34
Wind Onshore,2026-07-02 22:00:00,23058.82
Wind Onshore,2026-07-02 23:00:00,22827.48
Wind Onshore,2026-07-03 00:00:00,22148.86
Wind Onshore,2026-07-03 01:00:00,21750.61
Wind Onshore,2026-07-03 02:00:00,21798.42
Wind Onshore,2026-07-03 03:00:00,22046.68
Wind Onshore,2026-07-03 04:00:00,21836.1
Wind Onshore,2026-07-03 05:00:00,21134.73
Wind Onshore,2026-07-03 06:00:00,20857.58
Wind Onshore,2026-07-03 07:00:00,24151.94
Wind Onshore,2026-07-03 08:00:00,23577.01
Wind Onshore,2026-07-03 09:00:00,22033.21
Wind Onshore,2026-07-03 10:00:00,21140.9
Wind Onshore,2026-07-03 11:00:00,19747.26
Wind Onshore,2026-07-03 12:00:00,18546.31
Wind Onshore,2026-07-03 13:00:00,18644.85
Wind Onshore,2026-07-03 14:00:00,20794.89
Wind Onshore,2026-07-03 15:00:00,24094.12
Wind Onshore,2026-07-03 16:00:00,25422.17
Wind Onshore,2026-07-03 17:00:00,22424.45
Wind Onshore,2026-07-03 18:00:00,19493.57
Wind Onshore,2026-07-03 19:00:00,17840.49
Wind Onshore,2026-07-03 20:00:00,15963.8
Wind Onshore,2026-07-03 21:00:00,14395.68
Wind Onshore,2026-07-03 22:00:00,13107.28
Wind Onshore,2026-07-03 23:00:00,12365.5
Wind Onshore,2026-07-04 00:00:00,11646.97
Wind Onshore,2026-07-04 01:00:00,11415.75
Wind Onshore,2026-07-04 02:00:00,11703.94
Wind Onshore,2026-07-04 03:00:00,11780.61
Wind Onshore,2026-07-04 04:00:00,11084.61
Wind Onshore,2026-07-04 05:00:00,9586.92
Wind Onshore,2026-07-04 06:00:00,8880.46
Wind Onshore,2026-07-04 07:00:00,8612.36
Wind Onshore,2026-07-04 08:00:00,7649.73
Wind Onshore,2026-07-04 09:00:00,6563.71
Wind Onshore,2026-07-04 10:00:00,6219.02
Wind Onshore,2026-07-04 11:00:00,7232.9
Wind Onshore,2026-07-04 12:00:00,7837.74
Wind Onshore,2026-07-04 13:00:00,8778.38
Wind Onshore,2026-07-04 14:00:00,11518.85
Wind Onshore,2026-07-04 15:00:00,16983.12
Wind Onshore,2026-07-04 16:00:00,19716.2
Wind Onshore,2026-07-04 17:00:00,19177.56
Wind Onshore,2026-07-04 18:00:00,17162.05
Wind Onshore,2026-07-04 19:00:00,15848.43
Wind Onshore,2026-07-04 20:00:00,14030.94
Wind Onshore,2026-07-04 21:00:00,14094.77
Wind Onshore,2026-07-04 22:00:00,15696.05
Wind Onshore,2026-07-04 23:00:00,18232.52
Wind Onshore,2026-07-05 00:00:00,19023.94
Wind Onshore,2026-07-05 01:00:00,18628.71
Wind Onshore,2026-07-05 02:00:00,19174.49
Wind Onshore,2026-07-05 03:00:00,19548.23
Wind Onshore,2026-07-05 04:00:00,19471.85
Wind Onshore,2026-07-05 05:00:00,19469.41
Wind Onshore,2026-07-05 06:00:00,20206.52
Wind Onshore,2026-07-05 07:00:00,21053.2
Wind Onshore,2026-07-05 08:00:00,20792.42
Wind Onshore,2026-07-05 09:00:00,20663.43
Wind Onshore,2026-07-05 10:00:00,21456.79
Wind Onshore,2026-07-05 11:00:00,20411.56
Wind Onshore,2026-07-05 12:00:00,18255.9
Wind Onshore,2026-07-05 13:00:00,17915.18
Wind Onshore,2026-07-05 14:00:00,19412.96
Wind Onshore,2026-07-05 15:00:00,20847.46
Wind Onshore,2026-07-05 16:00:00,20900.09
Wind Onshore,2026-07-05 17:00:00,19559.89
Wind Onshore,2026-07-05 18:00:00,16339.73
Wind Onshore,2026-07-05 19:00:00,13664.05
Wind Onshore,2026-07-05 20:00:00,12383.2
Wind Onshore,2026-07-05 21:00:00,12071.99
Wind Onshore,2026-07-05 22:00:00,11749.21
Wind Onshore,2026-07-05 23:00:00,10835.77
Wind Onshore,2026-07-06 00:00:00,9646.11
Wind Onshore,2026-07-06 01:00:00,9478.69
Wind Onshore,2026-07-06 02:00:00,9975.08
Wind Onshore,2026-07-06 03:00:00,10699.01
Wind Onshore,2026-07-06 04:00:00,11830.75
Wind Onshore,2026-07-06 05:00:00,12344.56
Wind Onshore,2026-07-06 06:00:00,13728.11
Wind Onshore,2026-07-06 07:00:00,16514.73
Wind Onshore,2026-07-06 08:00:00,18631.03
Wind Onshore,2026-07-06 09:00:00,20775.3
Wind Onshore,2026-07-06 10:00:00,21646.92
Wind Onshore,2026-07-06 11:00:00,22881.32
Wind Onshore,2026-07-06 12:00:00,24676.8
Wind Onshore,2026-07-06 13:00:00,25741.48
Wind Onshore,2026-07-06 14:00:00,27616.05
Wind Onshore,2026-07-06 15:00:00,29491.56
Wind Onshore,2026-07-06 16:00:00,30608.75
Wind Onshore,2026-07-06 17:00:00,29687.26
Wind Onshore,2026-07-06 18:00:00,26019.69
Wind Onshore,2026-07-06 19:00:00,23569.92
Wind Onshore,2026-07-06 20:00:00,21776.49
Wind Onshore,2026-07-06 21:00:00,22392.93
Wind Onshore,2026-07-06 22:00:00,22984.57
Wind Onshore,2026-07-06 23:00:00,23830.87
Wind Onshore,2026-07-07 00:00:00,23546.22
Wind Onshore,2026-07-07 01:00:00,23838.01
Wind Onshore,2026-07-07 02:00:00,23925.31
Wind Onshore,2026-07-07 03:00:00,24746.47
Wind Onshore,2026-07-07 04:00:00,24690.13
Wind Onshore,2026-07-07 05:00:00,23628.08
Wind Onshore,2026-07-07 06:00:00,23776.3
Wind Onshore,2026-07-07 07:00:00,24209.84
Wind Onshore,2026-07-07 08:00:00,25291.38
Wind Onshore,2026-07-07 09:00:00,25009.88
Wind Onshore,2026-07-07 10:00:00,23187.95
Wind Onshore,2026-07-07 11:00:00,24325.83
Wind Onshore,2026-07-07 12:00:00,26505.5
Wind Onshore,2026-07-07 13:00:00,32123.9
Wind Onshore,2026-07-07 14:00:00,36112.67
Wind Onshore,2026-07-07 15:00:00,37358.36
Wind Onshore,2026-07-07 16:00:00,37866.4
Wind Onshore,2026-07-07 17:00:00,36622.39
Wind Onshore,2026-07-07 18:00:00,33709.4
Wind Onshore,2026-07-07 19:00:00,31019.06
Wind Onshore,2026-07-07 20:00:00,27633.42
Wind Onshore,2026-07-07 21:00:00,25940.31
Wind Onshore,2026-07-07 22:00:00,24109.81
Wind Onshore,2026-07-07 23:00:00,22304.62
Wind Onshore,2026-07-08 00:00:00,19950.7
Wind Onshore,2026-07-08 01:00:00,18549.14
Wind Onshore,2026-07-08 02:00:00,17095.02
Wind Onshore,2026-07-08 03:00:00,16224.56
Wind Onshore,2026-07-08 04:00:00,14743.69
Wind Onshore,2026-07-08 05:00:00,13969.97
Wind Onshore,2026-07-08 06:00:00,14677.83
Wind Onshore,2026-07-08 07:00:00,14984.29
Wind Onshore,2026-07-08 08:00:00,14595.6
Wind Onshore,2026-07-08 09:00:00,14105.22
Wind Onshore,2026-07-08 10:00:00,14379.64
Wind Onshore,2026-07-08 11:00:00,14442.03
Wind Onshore,2026-07-08 12:00:00,15822.76
Wind Onshore,2026-07-08 13:00:00,16696.8
Wind Onshore,2026-07-08 14:00:00,17978.74
Wind Onshore,2026-07-08 15:00:00,19742.43
Wind Onshore,2026-07-08 16:00:00,21350.37
Wind Onshore,2026-07-08 17:00:00,19942.12
Wind Onshore,2026-07-08 18:00:00,16291.72
Wind Onshore,2026-07-08 19:00:00,14062.28
Wind Onshore,2026-07-08 20:00:00,13961.84
Wind Onshore,2026-07-08 21:00:00,14429.05
Wind Onshore,2026-07-08 22:00:00,14101.83
Wind Onshore,2026-07-08 23:00:00,13245.47
Wind Onshore,2026-07-09 00:00:00,11916.74
Wind Onshore,2026-07-09 01:00:00,10760.07
Wind Onshore,2026-07-09 02:00:00,9568.78
Wind Onshore,2026-07-09 03:00:00,8835.9
Wind Onshore,2026-07-09 04:00:00,7293.87
Wind Onshore,2026-07-09 05:00:00,5954.83
Wind Onshore,2026-07-09 06:00:00,5419.08
Wind Onshore,2026-07-09 07:00:00,5133.49
Wind Onshore,2026-07-09 08:00:00,5327.95
Wind Onshore,2026-07-09 09:00:00,5400.35
Wind Onshore,2026-07-09 10:00:00,5373.59
Wind Onshore,2026-07-09 11:00:00,5370.43
Wind Onshore,2026-07-09 12:00:00,5488.05
Wind Onshore,2026-07-09 13:00:00,5943.86
Wind Onshore,2026-07-09 14:00:00,6527.13
Wind Onshore,2026-07-09 15:00:00,7056.57
Wind Onshore,2026-07-09 16:00:00,6902.12
Wind Onshore,2026-07-09 17:00:00,6491.03
Wind Onshore,2026-07-09 18:00:00,5736.19
Wind Onshore,2026-07-09 19:00:00,5486.26
Wind Onshore,2026-07-09 20:00:00,5712.14
Wind Onshore,2026-07-09 21:00:00,6311.89
Wind Onshore,2026-07-09 22:00:00,6337.66
Wind Onshore,2026-07-09 23:00:00,6048.73
Wind Onshore,2026-07-10 00:00:00,5696.24
Wind Onshore,2026-07-10 01:00:00,5077.52
Wind Onshore,2026-07-10 02:00:00,4525.19
Wind Onshore,2026-07-10 03:00:00,4323.79
Wind Onshore,2026-07-10 04:00:00,3645.46
Wind Onshore,2026-07-10 05:00:00,2079.4
Wind Onshore,2026-07-10 06:00:00,1167.63
Wind Onshore,2026-07-10 07:00:00,1120.86
Wind Onshore,2026-07-10 08:00:00,1458.01
Wind Onshore,2026-07-10 09:00:00,1819.46
Wind Onshore,2026-07-10 10:00:00,2229.98
Wind Onshore,2026-07-10 11:00:00,2709.01
Wind Onshore,2026-07-10 12:00:00,3184.48
Wind Onshore,2026-07-10 13:00:00,3700.22
Wind Onshore,2026-07-10 14:00:00,4279.14
Wind Onshore,2026-07-10 15:00:00,4690.39
Wind Onshore,2026-07-10 16:00:00,5225.44
Wind Onshore,2026-07-10 17:00:00,5683.68
Wind Onshore,2026-07-10 18:00:00,6172.88
Wind Onshore,2026-07-10 19:00:00,7309.12
Wind Onshore,2026-07-10 20:00:00,8525.59
Wind Onshore,2026-07-10 21:00:00,9429.69
Wind Onshore,2026-07-10 22:00:00,8981.97
Wind Onshore,2026-07-10 23:00:00,7688.86
Wind Onshore,2026-07-11 00:00:00,5974.04
Wind Onshore,2026-07-11 01:00:00,4623.96
Wind Onshore,2026-07-11 02:00:00,3644.67
Wind Onshore,2026-07-11 03:00:00,3273.56
Wind Onshore,2026-07-11 04:00:00,2922.31
Wind Onshore,2026-07-11 05:00:00,2265.29
Wind Onshore,2026-07-11 06:00:00,1186.54
Wind Onshore,2026-07-11 07:00:00,958.95
Wind Onshore,2026-07-11 08:00:00,1587.43
Wind Onshore,2026-07-11 09:00:00,2108.71
Wind Onshore,2026-07-11 10:00:00,2417.2
Wind Onshore,2026-07-11 11:00:00,2662.47
Wind Onshore,2026-07-11 12:00:00,2916.32
Wind Onshore,2026-07-11 13:00:00,3321.15
Wind Onshore,2026-07-11 14:00:00,4306.11
Wind Onshore,2026-07-11 15:00:00,5965.47
Wind Onshore,2026-07-11 16:00:00,7038.96
Wind Onshore,2026-07-11 17:00:00,7890.43
Wind Onshore,2026-07-11 18:00:00,7604.38
Wind Onshore,2026-07-11 19:00:00,8238.73
Wind Onshore,2026-07-11 20:00:00,9275.16
Wind Onshore,2026-07-11 21:00:00,9730.05
Wind Onshore,2026-07-11 22:00:00,9068.16
Wind Onshore,2026-07-11 23:00:00,8506.26
Wind Onshore,2026-07-12 00:00:00,8440.52
Wind Onshore,2026-07-12 01:00:00,8323.9
Wind Onshore,2026-07-12 02:00:00,8418.02
Wind Onshore,2026-07-12 03:00:00,8993.32
Wind Onshore,2026-07-12 04:00:00,8799.9
Wind Onshore,2026-07-12 05:00:00,6642.02
Wind Onshore,2026-07-12 06:00:00,4149.07
Wind Onshore,2026-07-12 07:00:00,3598.46
Wind Onshore,2026-07-12 08:00:00,3933.53
Wind Onshore,2026-07-12 09:00:00,4281.16
Wind Onshore,2026-07-12 10:00:00,4641.49
Wind Onshore,2026-07-12 11:00:00,5131.43
Wind Onshore,2026-07-12 12:00:00,5472.31
Wind Onshore,2026-07-12 13:00:00,5651.59
Wind Onshore,2026-07-12 14:00:00,6294.33
Wind Onshore,2026-07-12 15:00:00,7158.89
Wind Onshore,2026-07-12 16:00:00,8570.7
Wind Onshore,2026-07-12 17:00:00,8510.63
Wind Onshore,2026-07-12 18:00:00,7875.94
Wind Onshore,2026-07-12 19:00:00,8481.81
Wind Onshore,2026-07-12 20:00:00,9155.32
Wind Onshore,2026-07-12 21:00:00,9322.02
Wind Onshore,2026-07-12 22:00:00,8197.12
Wind Onshore,2026-07-12 23:00:00,7112.7
Wind Onshore,2026-07-13 00:00:00,6433.03
Wind Onshore,2026-07-13 01:00:00,6052.18
Wind Onshore,2026-07-13 02:00:00,5702.14
Wind Onshore,2026-07-13 03:00:00,5336.94
Wind Onshore,2026-07-13 04:00:00,4660.74
Wind Onshore,2026-07-13 05:00:00,3264.82
Wind Onshore,2026-07-13 06:00:00,1610.45
Wind Onshore,2026-07-13 07:00:00,1309.76
Wind Onshore,2026-07-13 08:00:00,1757.09
Wind Onshore,2026-07-13 09:00:00,2215.77
Wind Onshore,2026-07-13 10:00:00,2922.82
Wind Onshore,2026-07-13 11:00:00,3289.49
Wind Onshore,2026-07-13 12:00:00,3661.79
Wind Onshore,2026-07-13 13:00:00,4832.2
Wind Onshore,2026-07-13 14:00:00,6305.48
Wind Onshore,2026-07-13 15:00:00,8154.75
Wind Onshore,2026-07-13 16:00:00,8898.32
Wind Onshore,2026-07-13 17:00:00,9828.39
Wind Onshore,2026-07-13 18:00:00,10713.24
Wind Onshore,2026-07-13 19:00:00,13121.18
Wind Onshore,2026-07-13 20:00:00,14712.2
Wind Onshore,2026-07-13 21:00:00,15417.14
Wind Onshore,2026-07-13 22:00:00,14963.86
Wind Onshore,2026-07-13 23:00:00,13551.54
Wind Onshore,2026-07-14 00:00:00,13240.66
Wind Onshore,2026-07-14 01:00:00,12767.48
Wind Onshore,2026-07-14 02:00:00,12373.58
Wind Onshore,2026-07-14 03:00:00,12088.45
Wind Onshore,2026-07-14 04:00:00,11376.31
Wind Onshore,2026-07-14 05:00:00,8667.01
Wind Onshore,2026-07-14 06:00:00,5965.22
Wind Onshore,2026-07-14 07:00:00,4825.64
Wind Onshore,2026-07-14 08:00:00,4914.56
Wind Onshore,2026-07-14 09:00:00,5228.92
Wind Onshore,2026-07-14 10:00:00,5799.04
Wind Onshore,2026-07-14 11:00:00,6182.23
Wind Onshore,2026-07-14 12:00:00,7018.27
Wind Onshore,2026-07-14 13:00:00,8024.14
Wind Onshore,2026-07-14 14:00:00,9244.79
Wind Onshore,2026-07-14 15:00:00,10752.64
Wind Onshore,2026-07-14 16:00:00,11128.56
Wind Onshore,2026-07-14 17:00:00,10930.84
Wind Onshore,2026-07-14 18:00:00,10069.2
Wind Onshore,2026-07-14 19:00:00,9481.35
Wind Onshore,2026-07-14 20:00:00,9703.6
Wind Onshore,2026-07-14 21:00:00,10137.04
Wind Onshore,2026-07-14 22:00:00,10322.31
Wind Onshore,2026-07-14 23:00:00,10009.49
Wind Onshore,2026-07-15 00:00:00,9293.23
Wind Onshore,2026-07-15 01:00:00,8441.17
Wind Onshore,2026-07-15 02:00:00,7818.46
Wind Onshore,2026-07-15 03:00:00,8030.02
Wind Onshore,2026-07-15 04:00:00,7408.07
Wind Onshore,2026-07-15 05:00:00,5314.49
Wind Onshore,2026-07-15 06:00:00,2803.72
Wind Onshore,2026-07-15 07:00:00,2584.54
Wind Onshore,2026-07-15 08:00:00,3954.14
Wind Onshore,2026-07-15 09:00:00,5227.77
Wind Onshore,2026-07-15 10:00:00,5572.84
Wind Onshore,2026-07-15 11:00:00,5782.81
Wind Onshore,2026-07-15 12:00:00,6304.4
Wind Onshore,2026-07-15 13:00:00,6986.76
Wind Onshore,2026-07-15 14:00:00,7679.62
Wind Onshore,2026-07-15 15:00:00,8486.92
Wind Onshore,2026-07-15 16:00:00,8859.09
Wind Onshore,2026-07-15 17:00:00,8440.42
Wind Onshore,2026-07-15 18:00:00,7262.54
Wind Onshore,2026-07-15 19:00:00,7365.95
Wind Onshore,2026-07-15 20:00:00,8375.45
Wind Onshore,2026-07-15 21:00:00,8554.15
Wind Onshore,2026-07-15 22:00:00,7869.37
Wind Onshore,2026-07-15 23:00:00,6742.83
Wind Onshore,2026-07-16 00:00:00,5366.13
Wind Onshore,2026-07-16 01:00:00,4380.32
Wind Onshore,2026-07-16 02:00:00,3928.8
Wind Onshore,2026-07-16 03:00:00,3994.24
Wind Onshore,2026-07-16 04:00:00,3873.67
Wind Onshore,2026-07-16 05:00:00,2904.29
Wind Onshore,2026-07-16 06:00:00,1584.9
Wind Onshore,2026-07-16 07:00:00,953.2
Wind Onshore,2026-07-16 08:00:00,883.64
Wind Onshore,2026-07-16 09:00:00,1072.76
Wind Onshore,2026-07-16 10:00:00,1284.49
Wind Onshore,2026-07-16 11:00:00,1585.19
Wind Onshore,2026-07-16 12:00:00,1759.41
Wind Onshore,2026-07-16 13:00:00,2278.8
Wind Onshore,2026-07-16 14:00:00,2542.43
Wind Onshore,2026-07-16 15:00:00,2838.61
Wind Onshore,2026-07-16 16:00:00,3024.78
Wind Onshore,2026-07-16 17:00:00,3197.85
Wind Onshore,2026-07-16 18:00:00,3615.65
Wind Onshore,2026-07-16 19:00:00,4462.62
Wind Onshore,2026-07-16 20:00:00,5585.14
Wind Onshore,2026-07-16 21:00:00,6663.29
Wind Onshore,2026-07-16 22:00:00,6381.69
Wind Onshore,2026-07-16 23:00:00,6162.61
Wind Onshore,2026-07-17 00:00:00,5987.84
Wind Onshore,2026-07-17 01:00:00,5388.44
Wind Onshore,2026-07-17 02:00:00,5266.35
Wind Onshore,2026-07-17 03:00:00,5845.82
Wind Onshore,2026-07-17 04:00:00,6366.79
Wind Onshore,2026-07-17 05:00:00,5451.15
Wind Onshore,2026-07-17 06:00:00,3521.93
Wind Onshore,2026-07-17 07:00:00,2562.81
Wind Onshore,2026-07-17 08:00:00,1982.93
Wind Onshore,2026-07-17 09:00:00,1438.72
Wind Onshore,2026-07-17 10:00:00,1519.45
Wind Onshore,2026-07-17 11:00:00,2373.13
Wind Onshore,2026-07-17 12:00:00,3758.7
Wind Onshore,2026-07-17 13:00:00,6405.48
Wind Onshore,2026-07-17 14:00:00,8029.81
Wind Onshore,2026-07-17 15:00:00,10006.5
Wind Onshore,2026-07-17 16:00:00,11417.2
Wind Onshore,2026-07-17 17:00:00,10414.01
Wind Onshore,2026-07-17 18:00:00,9587.73
Wind Onshore,2026-07-17 19:00:00,9369.54
Wind Onshore,2026-07-17 20:00:00,8984.35
Wind Onshore,2026-07-17 21:00:00,9943.45
Wind Onshore,2026-07-17 22:00:00,10443.52
Wind Onshore,2026-07-17 23:00:00,10944.29
Wind Onshore,2026-07-18 00:00:00,11882.37
Wind Onshore,2026-07-18 01:00:00,12520.32
Wind Onshore,2026-07-18 02:00:00,12833.84
Wind Onshore,2026-07-18 03:00:00,13287.19
Wind Onshore,2026-07-18 04:00:00,12862.35
Wind Onshore,2026-07-18 05:00:00,12073.2
Wind Onshore,2026-07-18 06:00:00,12823.56
Wind Onshore,2026-07-18 07:00:00,14424.88
Wind Onshore,2026-07-18 08:00:00,16206.19
Wind Onshore,2026-07-18 09:00:00,16010.98
Wind Onshore,2026-07-18 10:00:00,16481.9
Wind Onshore,2026-07-18 11:00:00,15410.96
Wind Onshore,2026-07-18 12:00:00,15052.66
Wind Onshore,2026-07-18 13:00:00,15819.64
Wind Onshore,2026-07-18 14:00:00,17006.4
Wind Onshore,2026-07-18 15:00:00,18877.33
Wind Onshore,2026-07-18 16:00:00,19830.7
Wind Onshore,2026-07-18 17:00:00,17865.41
Wind Onshore,2026-07-18 18:00:00,14434.73
Wind Onshore,2026-07-18 19:00:00,11669.97
Wind Onshore,2026-07-18 20:00:00,9318.99
Wind Onshore,2026-07-18 21:00:00,8651.51
Wind Onshore,2026-07-18 22:00:00,9000.0
Wind Onshore,2026-07-18 23:00:00,9130.19
Wind Onshore,2026-07-19 00:00:00,9405.25
Wind Onshore,2026-07-19 01:00:00,9756.39
Wind Onshore,2026-07-19 02:00:00,10310.78
Wind Onshore,2026-07-19 03:00:00,11270.68
Wind Onshore,2026-07-19 04:00:00,11504.76
Wind Onshore,2026-07-19 05:00:00,10711.99
Wind Onshore,2026-07-19 06:00:00,10669.41
Wind Onshore,2026-07-19 07:00:00,11208.14
Wind Onshore,2026-07-19 08:00:00,11950.02
Wind Onshore,2026-07-19 09:00:00,12786.79
Wind Onshore,2026-07-19 10:00:00,12793.5
Wind Onshore,2026-07-19 11:00:00,11618.32
Wind Onshore,2026-07-19 12:00:00,11192.5
Wind Onshore,2026-07-19 13:00:00,11759.22
Wind Onshore,2026-07-19 14:00:00,13181.44
Wind Onshore,2026-07-19 15:00:00,14913.82
Wind Onshore,2026-07-19 16:00:00,18039.1
Wind Onshore,2026-07-19 17:00:00,18721.09
Wind Onshore,2026-07-19 18:00:00,14254.42
Wind Onshore,2026-07-19 19:00:00,12057.73
Wind Onshore,2026-07-19 20:00:00,11842.3
Wind Onshore,2026-07-19 21:00:00,12524.36
Wind Onshore,2026-07-19 22:00:00,13873.93
Wind Onshore,2026-07-19 23:00:00,14730.8
Wind Onshore,2026-07-20 00:00:00,15407.03
Wind Onshore,2026-07-20 01:00:00,15532.52
Wind Onshore,2026-07-20 02:00:00,15344.9
Wind Onshore,2026-07-20 03:00:00,15534.55
Wind Onshore,2026-07-20 04:00:00,15585.36
Wind Onshore,2026-07-20 05:00:00,14587.02
Wind Onshore,2026-07-20 06:00:00,14465.3
Wind Onshore,2026-07-20 07:00:00,15857.65
Wind Onshore,2026-07-20 08:00:00,15770.28
Wind Onshore,2026-07-20 09:00:00,14992.67
Wind Onshore,2026-07-20 10:00:00,14963.87
Wind Onshore,2026-07-20 11:00:00,13921.53
Wind Onshore,2026-07-20 12:00:00,14472.36
Wind Onshore,2026-07-20 13:00:00,13750.64
Wind Onshore,2026-07-20 14:00:00,13952.51
Wind Onshore,2026-07-20 15:00:00,15258.5
Wind Onshore,2026-07-20 16:00:00,14954.01
Wind Onshore,2026-07-20 17:00:00,13237.59
Wind Onshore,2026-07-20 18:00:00,10753.49
Wind Onshore,2026-07-20 19:00:00,9415.78
Wind Onshore,2026-07-20 20:00:00,9640.43
Wind Onshore,2026-07-20 21:00:00,10566.76
Wind Onshore,2026-07-20 22:00:00,10511.99
Wind Onshore,2026-07-20 23:00:00,10070.87
Wind Onshore,2026-07-21 00:00:00,9888.16
Wind Onshore,2026-07-21 01:00:00,9171.97
Wind Onshore,2026-07-21 02:00:00,8614.56
Wind Onshore,2026-07-21 03:00:00,8784.78
Wind Onshore,2026-07-21 04:00:00,7924.58
Wind Onshore,2026-07-21 05:00:00,5053.58
Wind Onshore,2026-07-21 06:00:00,2768.68
Wind Onshore,2026-07-21 07:00:00,2691.66
Wind Onshore,2026-07-21 08:00:00,3545.39
Wind Onshore,2026-07-21 09:00:00,4588.91
Wind Onshore,2026-07-21 10:00:00,5126.12
Wind Onshore,2026-07-21 11:00:00,5455.87
Wind Onshore,2026-07-21 12:00:00,5843.77
Wind Onshore,2026-07-21 13:00:00,7173.67
Wind Onshore,2026-07-21 14:00:00,8765.79
Wind Onshore,2026-07-21 15:00:00,10127.27
Wind Onshore,2026-07-21 16:00:00,10020.89
Wind Onshore,2026-07-21 17:00:00,8822.7
Wind Onshore,2026-07-21 18:00:00,7367.9
Wind Onshore,2026-07-21 19:00:00,7108.06
Wind Onshore,2026-07-21 20:00:00,7166.22
Wind Onshore,2026-07-21 21:00:00,7069.19
Wind Onshore,2026-07-21 22:00:00,6825.43
Wind Onshore,2026-07-21 23:00:00,6979.1
Wind Onshore,2026-07-22 00:00:00,7490.18
Wind Onshore,2026-07-22 01:00:00,8260.2
Wind Onshore,2026-07-22 02:00:00,8812.76
Wind Onshore,2026-07-22 03:00:00,9790.01
Wind Onshore,2026-07-22 04:00:00,11160.31
Wind Onshore,2026-07-22 05:00:00,11259.14
Wind Onshore,2026-07-22 06:00:00,12171.13
Wind Onshore,2026-07-22 07:00:00,14572.06
Wind Onshore,2026-07-22 08:00:00,16437.42
Wind Onshore,2026-07-22 09:00:00,16908.67
Wind Onshore,2026-07-22 10:00:00,17640.19
Wind Onshore,2026-07-22 11:00:00,17906.45
Wind Onshore,2026-07-22 12:00:00,18024.98
Wind Onshore,2026-07-22 13:00:00,19077.85
Wind Onshore,2026-07-22 14:00:00,20558.71
Wind Onshore,2026-07-22 15:00:00,23998.55
Wind Onshore,2026-07-22 16:00:00,26760.69
Wind Onshore,2026-07-22 17:00:00,25135.31
Wind Onshore,2026-07-22 18:00:00,21962.78
Wind Onshore,2026-07-22 19:00:00,20828.52
Wind Onshore,2026-07-22 20:00:00,19513.43
Wind Onshore,2026-07-22 21:00:00,19405.32
Wind Onshore,2026-07-22 22:00:00,19733.55
Wind Onshore,2026-07-22 23:00:00,19591.79
Wind Onshore,2026-07-23 00:00:00,18398.88
Wind Onshore,2026-07-23 01:00:00,16374.12
Wind Onshore,2026-07-23 02:00:00,14842.84
Wind Onshore,2026-07-23 03:00:00,14336.72
Wind Onshore,2026-07-23 04:00:00,13485.3
Wind Onshore,2026-07-23 05:00:00,12241.2
Wind Onshore,2026-07-23 06:00:00,11385.98
Wind Onshore,2026-07-23 07:00:00,11477.88
Wind Onshore,2026-07-23 08:00:00,11569.91
Wind Onshore,2026-07-23 09:00:00,11921.8
Wind Onshore,2026-07-23 10:00:00,12506.91
Wind Onshore,2026-07-23 11:00:00,13094.66
Wind Onshore,2026-07-23 12:00:00,12663.2
Wind Onshore,2026-07-23 13:00:00,12605.67
Wind Onshore,2026-07-23 14:00:00,13374.74
Wind Onshore,2026-07-23 15:00:00,14541.25
Wind Onshore,2026-07-23 16:00:00,14040.24
Wind Onshore,2026-07-23 17:00:00,12722.16
Wind Onshore,2026-07-23 18:00:00,9602.69
Wind Onshore,2026-07-23 19:00:00,8358.19
Wind Onshore,2026-07-23 20:00:00,8012.4
Wind Onshore,2026-07-23 21:00:00,7819.8
Wind Onshore,2026-07-23 22:00:00,7141.29
Wind Onshore,2026-07-23 23:00:00,6790.1
Wind Onshore,2026-07-24 00:00:00,6232.55
Wind Onshore,2026-07-24 01:00:00,5506.03
Wind Onshore,2026-07-24 02:00:00,4939.35
Wind Onshore,2026-07-24 03:00:00,4665.75
Wind Onshore,2026-07-24 04:00:00,4225.37
Wind Onshore,2026-07-24 05:00:00,3079.38
Wind Onshore,2026-07-24 06:00:00,2145.23
Wind Onshore,2026-07-24 07:00:00,2578.77
Wind Onshore,2026-07-24 08:00:00,3329.62
Wind Onshore,2026-07-24 09:00:00,3887.03
Wind Onshore,2026-07-24 10:00:00,3878.77
Wind Onshore,2026-07-24 11:00:00,3151.75
Wind Onshore,2026-07-24 12:00:00,2643.17
Wind Onshore,2026-07-24 13:00:00,2489.21
Wind Onshore,2026-07-24 14:00:00,2789.3
Wind Onshore,2026-07-24 15:00:00,2557.56
Wind Onshore,2026-07-24 16:00:00,2099.56
Wind Onshore,2026-07-24 17:00:00,1519.14
Wind Onshore,2026-07-24 18:00:00,1032.38
Wind Onshore,2026-07-24 19:00:00,944.37
Wind Onshore,2026-07-24 20:00:00,1131.67
Wind Onshore,2026-07-24 21:00:00,1557.63
Wind Onshore,2026-07-24 22:00:00,2117.24
Wind Onshore,2026-07-24 23:00:00,2671.09
Wind Onshore,2026-07-25 00:00:00,3445.32
Wind Onshore,2026-07-25 01:00:00,4139.78
Wind Onshore,2026-07-25 02:00:00,4672.21
Wind Onshore,2026-07-25 03:00:00,5370.33
Wind Onshore,2026-07-25 04:00:00,5548.7
Wind Onshore,2026-07-25 05:00:00,4923.41
Wind Onshore,2026-07-25 06:00:00,3287.6
Wind Onshore,2026-07-25 07:00:00,2324.36
Wind Onshore,2026-07-25 08:00:00,2601.89
Wind Onshore,2026-07-25 09:00:00,3149.22
Wind Onshore,2026-07-25 10:00:00,3524.15
Wind Onshore,2026-07-25 11:00:00,4029.47
Wind Onshore,2026-07-25 12:00:00,4869.02
Wind Onshore,2026-07-25 13:00:00,5417.54
Wind Onshore,2026-07-25 14:00:00,6435.45
Wind Onshore,2026-07-25 15:00:00,9002.92
Wind Onshore,2026-07-25 16:00:00,9666.45
Wind Onshore,2026-07-25 17:00:00,8758.34
Wind Onshore,2026-07-25 18:00:00,7489.06
Wind Onshore,2026-07-25 19:00:00,6216.43
Wind Onshore,2026-07-25 20:00:00,5730.32
Wind Onshore,2026-07-25 21:00:00,6117.78
Wind Onshore,2026-07-25 22:00:00,5671.0
Wind Onshore,2026-07-25 23:00:00,4626.89
Wind Onshore,2026-07-26 00:00:00,4363.42
Wind Onshore,2026-07-26 01:00:00,5151.63
Wind Onshore,2026-07-26 02:00:00,6427.9
Wind Onshore,2026-07-26 03:00:00,7944.48
Wind Onshore,2026-07-26 04:00:00,8893.63
Wind Onshore,2026-07-26 05:00:00,8469.46
Wind Onshore,2026-07-26 06:00:00,7556.0
Wind Onshore,2026-07-26 07:00:00,8074.3
Wind Onshore,2026-07-26 08:00:00,9169.97
Wind Onshore,2026-07-26 09:00:00,9515.09
Wind Onshore,2026-07-26 10:00:00,10375.76
Wind Onshore,2026-07-26 11:00:00,11791.22
Wind Onshore,2026-07-26 12:00:00,13094.81
Wind Onshore,2026-07-26 13:00:00,14587.63
Wind Onshore,2026-07-26 14:00:00,15816.35
Wind Onshore,2026-07-26 15:00:00,19769.79
Wind Onshore,2026-07-26 16:00:00,23572.95
Wind Onshore,2026-07-26 17:00:00,23929.93
Wind Onshore,2026-07-26 18:00:00,21845.1
Wind Onshore,2026-07-26 19:00:00,21417.43
Wind Onshore,2026-07-26 20:00:00,21949.67
Wind Onshore,2026-07-26 21:00:00,24644.87
Wind Onshore,2026-07-26 22:00:00,26330.82
Wind Onshore,2026-07-26 23:00:00,25886.78
Wind Onshore,2026-07-27 00:00:00,25142.83
Wind Onshore,2026-07-27 01:00:00,24038.97
Wind Onshore,2026-07-27 02:00:00,22686.77
Wind Onshore,2026-07-27 03:00:00,22459.65
Wind Onshore,2026-07-27 04:00:00,21603.58
Wind Onshore,2026-07-27 05:00:00,19308.35
Wind Onshore,2026-07-27 06:00:00,17865.64
Wind Onshore,2026-07-27 07:00:00,18257.82
Wind Onshore,2026-07-27 08:00:00,18451.65
Wind Onshore,2026-07-27 09:00:00,18705.32
Wind Onshore,2026-07-27 10:00:00,18904.78
Wind Onshore,2026-07-27 11:00:00,20092.77
Wind Onshore,2026-07-27 12:00:00,20830.65
Wind Onshore,2026-07-27 13:00:00,20701.37
Wind Onshore,2026-07-27 14:00:00,21372.91
Wind Onshore,2026-07-27 15:00:00,21839.42
Wind Onshore,2026-07-27 16:00:00,19140.62
Wind Onshore,2026-07-27 17:00:00,15240.03
Wind Onshore,2026-07-27 18:00:00,11975.73
Wind Onshore,2026-07-27 19:00:00,10788.1
Wind Onshore,2026-07-27 20:00:00,10673.59
Wind Onshore,2026-07-27 21:00:00,11291.1
Wind Onshore,2026-07-27 22:00:00,11764.57
Wind Onshore,2026-07-27 23:00:00,11742.41
Wind Onshore,2026-07-28 00:00:00,10874.64
Wind Onshore,2026-07-28 01:00:00,9637.93
Wind Onshore,2026-07-28 02:00:00,8627.45
Wind Onshore,2026-07-28 03:00:00,8421.47
Wind Onshore,2026-07-28 04:00:00,8161.25
Wind Onshore,2026-07-28 05:00:00,6267.04
Wind Onshore,2026-07-28 06:00:00,4283.78
Wind Onshore,2026-07-28 07:00:00,4855.39
Wind Onshore,2026-07-28 08:00:00,5244.63
Wind Onshore,2026-07-28 09:00:00,4316.91
Wind Onshore,2026-07-28 10:00:00,3560.69
Wind Onshore,2026-07-28 11:00:00,3506.07
Wind Onshore,2026-07-28 12:00:00,3377.51
Wind Onshore,2026-07-28 13:00:00,2835.67
Wind Onshore,2026-07-28 14:00:00,3400.4
Wind Onshore,2026-07-28 15:00:00,3543.59
Wind Onshore,2026-07-28 16:00:00,2818.77
Wind Onshore,2026-07-28 17:00:00,1701.33
Wind Onshore,2026-07-28 18:00:00,1257.26
Wind Onshore,2026-07-28 19:00:00,1881.23
Wind Onshore,2026-07-28 20:00:00,3412.36
Wind Onshore,2026-07-28 21:00:00,5237.14
Wind Onshore,2026-07-28 22:00:00,7845.49
Wind Onshore,2026-07-28 23:00:00,9460.27
Wind Onshore,2026-07-29 00:00:00,10455.32
Wind Onshore,2026-07-29 01:00:00,10681.7
Wind Onshore,2026-07-29 02:00:00,9940.74
Wind Onshore,2026-07-29 03:00:00,9784.16
Wind Onshore,2026-07-29 04:00:00,9582.63
Wind Onshore,2026-07-29 05:00:00,8220.89
Wind Onshore,2026-07-29 06:00:00,4914.11
Wind Onshore,2026-07-29 07:00:00,2641.54
Wind Onshore,2026-07-29 08:00:00,2862.89
Wind Onshore,2026-07-29 09:00:00,3124.86
Wind Onshore,2026-07-29 10:00:00,2944.74
Wind Onshore,2026-07-29 11:00:00,3256.83
Wind Onshore,2026-07-29 12:00:00,3629.41
Wind Onshore,2026-07-29 13:00:00,4104.91
Wind Onshore,2026-07-29 14:00:00,4638.55
Wind Onshore,2026-07-29 15:00:00,4734.45
Wind Onshore,2026-07-29 16:00:00,4111.65
Wind Onshore,2026-07-29 17:00:00,3377.76
Wind Onshore,2026-07-29 18:00:00,3345.12
Wind Onshore,2026-07-29 19:00:00,5245.66
Wind Onshore,2026-07-29 20:00:00,7689.55
Wind Onshore,2026-07-29 21:00:00,8821.49
Wind Onshore,2026-07-29 22:00:00,8698.51
Wind Onshore,2026-07-29 23:00:00,8067.99
Wind Onshore,2026-07-30 00:00:00,7743.27
Wind Onshore,2026-07-30 01:00:00,7544.78
Wind Onshore,2026-07-30 02:00:00,7645.3
Wind Onshore,2026-07-30 03:00:00,8549.51
Wind Onshore,2026-07-30 04:00:00,9530.93
Wind Onshore,2026-07-30 05:00:00,9714.57
Wind Onshore,2026-07-30 06:00:00,7800.07
Wind Onshore,2026-07-30 07:00:00,4982.12
Wind Onshore,2026-07-30 08:00:00,4466.88
Wind Onshore,2026-07-30 09:00:00,6106.12
Wind Onshore,2026-07-30 10:00:00,8382.51
Wind Onshore,2026-07-30 11:00:00,10635.66
Wind Onshore,2026-07-30 12:00:00,12558.43
Wind Onshore,2026-07-30 13:00:00,15839.02
Wind Onshore,2026-07-30 14:00:00,15824.33
Wind Onshore,2026-07-30 15:00:00,15108.63
Wind Onshore,2026-07-30 16:00:00,15249.19
Wind Onshore,2026-07-30 17:00:00,14107.42
Wind Onshore,2026-07-30 18:00:00,12239.93
Wind Onshore,2026-07-30 19:00:00,11371.61
Wind Onshore,2026-07-30 20:00:00,8303.28
Wind Onshore,2026-07-30 21:00:00,6241.4
Wind Onshore,2026-07-30 22:00:00,4910.91
Wind Onshore,2026-07-30 23:00:00,3781.76
Wind Onshore,2026-07-31 00:00:00,2751.55
Wind Onshore,2026-07-31 01:00:00,2229.38
Wind Onshore,2026-07-31 02:00:00,2299.4
Wind Onshore,2026-07-31 03:00:00,2088.34
Wind Onshore,2026-07-31 04:00:00,1899.65
Wind Onshore,2026-07-31 05:00:00,1721.61
Wind Onshore,2026-07-31 06:00:00,1490.88
Wind Onshore,2026-07-31 07:00:00,1142.59
Wind Onshore,2026-07-31 08:00:00,1038.85
Wind Onshore,2026-07-31 09:00:00,1116.7
Wind Onshore,2026-07-31 10:00:00,1784.37
Wind Onshore,2026-07-31 11:00:00,2934.0
Wind Onshore,2026-07-31 12:00:00,4126.76
Wind Onshore,2026-07-31 13:00:00,5010.24
Wind Onshore,2026-07-31 14:00:00,5193.51
Wind Onshore,2026-07-31 15:00:00,5914.73
Wind Onshore,2026-07-31 16:00:00,6355.25
Wind Onshore,2026-07-31 17:00:00,6490.7
Wind Onshore,2026-07-31 18:00:00,6378.13
Wind Onshore,2026-07-31 19:00:00,5232.38
Wind Onshore,2026-07-31 20:00:00,4294.88
Wind Onshore,2026-07-31 21:00:00,4673.31
Wind Onshore,2026-07-31 22:00:00,4088.01
Wind Onshore,2026-07-31 23:00:00,4702.46
Wind Onshore,2026-08-01 00:00:00,5260.07
Wind Onshore,2026-08-01 01:00:00,5429.82
Wind Onshore,2026-08-01 02:00:00,6006.29
Wind Onshore,2026-08-01 03:00:00,6512.11
Wind Onshore,2026-08-01 04:00:00,6361.39
Wind Onshore,2026-08-01 05:00:00,4995.51
Wind Onshore,2026-08-01 06:00:00,3902.92
Wind Onshore,2026-08-01 07:00:00,3361.11
Wind Onshore,2026-08-01 08:00:00,3466.81
Wind Onshore,2026-08-01 09:00:00,3662.72
Wind Onshore,2026-08-01 10:00:00,3718.1
Wind Onshore,2026-08-01 11:00:00,4241.36
Wind Onshore,2026-08-01 12:00:00,4631.6
Wind Onshore,2026-08-01 13:00:00,4582.85
Wind Onshore,2026-08-01 14:00:00,4854.66
Wind Onshore,2026-08-01 15:00:00,4433.97
Wind Onshore,2026-08-01 16:00:00,4026.49
Wind Onshore,2026-08-01 17:00:00,3508.29
Wind Onshore,2026-08-01 18:00:00,2987.45
Wind Onshore,2026-08-01 19:00:00,3044.46
Wind Onshore,2026-08-01 20:00:00,3564.03
Wind Onshore,2026-08-01 21:00:00,4098.25
Wind Onshore,2026-08-01 22:00:00,4352.79
Wind Onshore,2026-08-01 23:00:00,4198.82
Wind Onshore,2026-08-02 00:00:00,3924.69
Wind Onshore,2026-08-02 01:00:00,4124.24
Wind Onshore,2026-08-02 02:00:00,4298.25
Wind Onshore,2026-08-02 03:00:00,4589.31
Wind Onshore,2026-08-02 04:00:00,4772.9
Wind Onshore,2026-08-02 05:00:00,4199.85
Wind Onshore,2026-08-02 06:00:00,2867.85
Wind Onshore,2026-08-02 07:00:00,1847.73
Wind Onshore,2026-08-02 08:00:00,1710.05
Wind Onshore,2026-08-02 09:00:00,2028.18
Wind Onshore,2026-08-02 10:00:00,1891.06
Wind Onshore,2026-08-02 11:00:00,1504.33
Wind Onshore,2026-08-02 12:00:00,1553.08
Wind Onshore,2026-08-02 13:00:00,1509.92
Wind Onshore,2026-08-02 14:00:00,1657.19
Wind Onshore,2026-08-02 15:00:00,2846.2
Wind Onshore,2026-08-02 16:00:00,4665.37
Wind Onshore,2026-08-02 17:00:00,6219.27
Wind Onshore,2026-08-02 18:00:00,8177.44
Wind Onshore,2026-08-02 19:00:00,13218.53
Wind Onshore,2026-08-02 20:00:00,17847.57
Wind Onshore,2026-08-02 21:00:00,19710.99
Wind Onshore,2026-08-02 22:00:00,19420.28
Wind Onshore,2026-08-02 23:00:00,18823.27
Wind Onshore,2026-08-03 00:00:00,18110.93
Wind Onshore,2026-08-03 01:00:00,17041.6
Wind Onshore,2026-08-03 02:00:00,16249.64
Wind Onshore,2026-08-03 03:00:00,15600.62
Wind Onshore,2026-08-03 04:00:00,15431.56
Wind Onshore,2026-08-03 05:00:00,12593.83
Wind Onshore,2026-08-03 06:00:00,7206.89
Wind Onshore,2026-08-03 07:00:00,4464.52
Wind Onshore,2026-08-03 08:00:00,4976.54
Wind Onshore,2026-08-03 09:00:00,5722.77
Wind Onshore,2026-08-03 10:00:00,5572.06
Wind Onshore,2026-08-03 11:00:00,5410.78
Wind Onshore,2026-08-03 12:00:00,5183.89
Wind Onshore,2026-08-03 13:00:00,5061.07
Wind Onshore,2026-08-03 14:00:00,5206.7
Wind Onshore,2026-08-03 15:00:00,5867.36
Wind Onshore,2026-08-03 16:00:00,6882.0
Wind Onshore,2026-08-03 17:00:00,8304.78
Wind Onshore,2026-08-03 18:00:00,9423.78
Wind Onshore,2026-08-03 19:00:00,13254.58
Wind Onshore,2026-08-03 20:00:00,15522.26
Wind Onshore,2026-08-03 21:00:00,16712.72
Wind Onshore,2026-08-03 22:00:00,17179.83
Wind Onshore,2026-08-03 23:00:00,15758.3
Wind Onshore,2026-08-04 00:00:00,14058.37
Wind Onshore,2026-08-04 01:00:00,11793.94
Wind Onshore,2026-08-04 02:00:00,9266.54
Wind Onshore,2026-08-04 03:00:00,9834.43
Wind Onshore,2026-08-04 04:00:00,9838.7
Wind Onshore,2026-08-04 05:00:00,8493.75
Wind Onshore,2026-08-04 06:00:00,6327.8
Wind Onshore,2026-08-04 07:00:00,4304.02
Wind Onshore,2026-08-04 08:00:00,4112.5
Wind Onshore,2026-08-04 09:00:00,3955.69
Wind Onshore,2026-08-04 10:00:00,3640.27
Wind Onshore,2026-08-04 11:00:00,3593.19
Wind Onshore,2026-08-04 12:00:00,3231.21
Wind Onshore,2026-08-04 13:00:00,3533.23
Wind Onshore,2026-08-04 14:00:00,3679.86
Wind Onshore,2026-08-04 15:00:00,3772.5
Wind Onshore,2026-08-04 16:00:00,3759.3
Wind Onshore,2026-08-04 17:00:00,3777.72
Wind Onshore,2026-08-04 18:00:00,4521.13
Wind Onshore,2026-08-04 19:00:00,5283.61
Wind Onshore,2026-08-04 20:00:00,6115.57
Wind Onshore,2026-08-04 21:00:00,7732.59
Wind Onshore,2026-08-04 22:00:00,8754.02
Wind Onshore,2026-08-04 23:00:00,8735.03
Wind Onshore,2026-08-05 00:00:00,8521.43
Wind Onshore,2026-08-05 01:00:00,8151.28
Wind Onshore,2026-08-05 02:00:00,9012.05
Wind Onshore,2026-08-05 03:00:00,9976.22
Wind Onshore,2026-08-05 04:00:00,10664.27
Wind Onshore,2026-08-05 05:00:00,9821.7
Wind Onshore,2026-08-05 06:00:00,7439.61
Wind Onshore,2026-08-05 07:00:00,7152.04
Wind Onshore,2026-08-05 08:00:00,8669.74
Wind Onshore,2026-08-05 09:00:00,10352.26
Wind Onshore,2026-08-05 10:00:00,11104.27
Wind Onshore,2026-08-05 11:00:00,11160.98
Wind Onshore,2026-08-05 12:00:00,12588.62
Wind Onshore,2026-08-05 13:00:00,13094.75
Wind Onshore,2026-08-05 14:00:00,13475.47
Wind Onshore,2026-08-05 15:00:00,14219.72
Wind Onshore,2026-08-05 16:00:00,12310.19
Wind Onshore,2026-08-05 17:00:00,10046.56
Wind Onshore,2026-08-05 18:00:00,7774.03
Wind Onshore,2026-08-05 19:00:00,6031.54
Wind Onshore,2026-08-05 20:00:00,5446.12
Wind Onshore,2026-08-05 21:00:00,5896.23
Wind Onshore,2026-08-05 22:00:00,6104.18
Wind Onshore,2026-08-05 23:00:00,5674.05
Wind Onshore,2026-08-06 00:00:00,6202.23
Wind Onshore,2026-08-06 01:00:00,7128.99
Wind Onshore,2026-08-06 02:00:00,8505.94
Wind Onshore,2026-08-06 03:00:00,9033.82
Wind Onshore,2026-08-06 04:00:00,9853.7
Wind Onshore,2026-08-06 05:00:00,9601.79
Wind Onshore,2026-08-06 06:00:00,9882.57
Wind Onshore,2026-08-06 07:00:00,11453.28
Wind Onshore,2026-08-06 08:00:00,12955.12
Wind Onshore,2026-08-06 09:00:00,13958.89
Wind Onshore,2026-08-06 10:00:00,15241.27
Wind Onshore,2026-08-06 11:00:00,14514.4
Wind Onshore,2026-08-06 12:00:00,15197.81
Wind Onshore,2026-08-06 13:00:00,15768.24
Wind Onshore,2026-08-06 14:00:00,18620.99
Wind Onshore,2026-08-06 15:00:00,21939.44
Wind Onshore,2026-08-06 16:00:00,22401.52
Wind Onshore,2026-08-06 17:00:00,19522.73
Wind Onshore,2026-08-06 18:00:00,14458.86
Wind Onshore,2026-08-06 19:00:00,11319.83
Wind Onshore,2026-08-06 20:00:00,9998.55
Wind Onshore,2026-08-06 21:00:00,10031.76
Wind Onshore,2026-08-06 22:00:00,9756.92
Wind Onshore,2026-08-06 23:00:00,10082.59
Wind Onshore,2026-08-07 00:00:00,9665.12
Wind Onshore,2026-08-07 01:00:00,8654.83
Wind Onshore,2026-08-07 02:00:00,8339.29
Wind Onshore,2026-08-07 03:00:00,8421.97
Wind Onshore,2026-08-07 04:00:00,7857.46
Wind Onshore,2026-08-07 05:00:00,6150.64
Wind Onshore,2026-08-07 06:00:00,4677.84
Wind Onshore,2026-08-07 07:00:00,4994.33
Wind Onshore,2026-08-07 08:00:00,5068.45
Wind Onshore,2026-08-07 09:00:00,4923.61
Wind Onshore,2026-08-07 10:00:00,5070.73
Wind Onshore,2026-08-07 11:00:00,5018.49
Wind Onshore,2026-08-07 12:00:00,5075.95
Wind Onshore,2026-08-07 13:00:00,5002.41
Wind Onshore,2026-08-07 14:00:00,5146.56
Wind Onshore,2026-08-07 15:00:00,4989.8
Wind Onshore,2026-08-07 16:00:00,4927.17
Wind Onshore,2026-08-07 17:00:00,4887.84
Wind Onshore,2026-08-07 18:00:00,4234.52
Wind Onshore,2026-08-07 19:00:00,4578.34
Wind Onshore,2026-08-07 20:00:00,5271.49
Wind Onshore,2026-08-07 21:00:00,5649.63
Wind Onshore,2026-08-07 22:00:00,5802.01
Wind Onshore,2026-08-07 23:00:00,5455.3
Wind Onshore,2026-08-08 00:00:00,5144.16
Wind Onshore,2026-08-08 01:00:00,4638.61
Wind Onshore,2026-08-08 02:00:00,4184.11
Wind Onshore,2026-08-08 03:00:00,3977.54
Wind Onshore,2026-08-08 04:00:00,3963.42
Wind Onshore,2026-08-08 05:00:00,3600.02
Wind Onshore,2026-08-08 06:00:00,2044.75
Wind Onshore,2026-08-08 07:00:00,1097.84
Wind Onshore,2026-08-08 08:00:00,834.94
Wind Onshore,2026-08-08 09:00:00,892.72
Wind Onshore,2026-08-08 10:00:00,729.37
Wind Onshore,2026-08-08 11:00:00,564.02
Wind Onshore,2026-08-08 12:00:00,482.65
Wind Onshore,2026-08-08 13:00:00,517.34
Wind Onshore,2026-08-08 14:00:00,671.55
Wind Onshore,2026-08-08 15:00:00,1090.46
Wind Onshore,2026-08-08 16:00:00,1403.93
Wind Onshore,2026-08-08 17:00:00,2088.68
Wind Onshore,2026-08-08 18:00:00,3681.98
Wind Onshore,2026-08-08 19:00:00,6751.53
Wind Onshore,2026-08-08 20:00:00,10666.88
Wind Onshore,2026-08-08 21:00:00,14373.94
Wind Onshore,2026-08-08 22:00:00,16296.52
Wind Onshore,2026-08-08 23:00:00,16581.18
Wind Onshore,2026-08-09 00:00:00,15952.86
Wind Onshore,2026-08-09 01:00:00,15326.43
Wind Onshore,2026-08-09 02:00:00,14461.92
Wind Onshore,2026-08-09 03:00:00,13817.03
Wind Onshore,2026-08-09 04:00:00,13142.29
Wind Onshore,2026-08-09 05:00:00,10827.67
Wind Onshore,2026-08-09 06:00:00,6148.41
Wind Onshore,2026-08-09 07:00:00,3015.56
Wind Onshore,2026-08-09 08:00:00,1932.97
Wind Onshore,2026-08-09 09:00:00,1748.72
Wind Onshore,2026-08-09 10:00:00,1902.14
Wind Onshore,2026-08-09 11:00:00,2430.72
Wind Onshore,2026-08-09 12:00:00,4426.4
Wind Onshore,2026-08-09 13:00:00,7252.13
Wind Onshore,2026-08-09 14:00:00,9069.48
Wind Onshore,2026-08-09 15:00:00,9677.34
Wind Onshore,2026-08-09 16:00:00,8390.49
Wind Onshore,2026-08-09 17:00:00,6285.99
Wind Onshore,2026-08-09 18:00:00,5574.18
Wind Onshore,2026-08-09 19:00:00,6431.43
Wind Onshore,2026-08-09 20:00:00,7627.83
Wind Onshore,2026-08-09 21:00:00,7604.2
Wind Onshore,2026-08-09 22:00:00,7805.48
Wind Onshore,2026-08-09 23:00:00,7925.99
Wind Onshore,2026-08-10 00:00:00,7245.05
Wind Onshore,2026-08-10 01:00:00,6844.02
Wind Onshore,2026-08-10 02:00:00,6444.45
Wind Onshore,2026-08-10 03:00:00,7090.91
Wind Onshore,2026-08-10 04:00:00,8434.36
Wind Onshore,2026-08-10 05:00:00,8579.75
Wind Onshore,2026-08-10 06:00:00,6829.79
Wind Onshore,2026-08-10 07:00:00,5213.92
Wind Onshore,2026-08-10 08:00:00,6429.98
Wind Onshore,2026-08-10 09:00:00,8917.97
Wind Onshore,2026-08-10 10:00:00,11382.43
Wind Onshore,2026-08-10 11:00:00,14239.34
Wind Onshore,2026-08-10 12:00:00,17278.34
Wind Onshore,2026-08-10 13:00:00,19967.5
Wind Onshore,2026-08-10 14:00:00,20793.38
Wind Onshore,2026-08-10 15:00:00,21513.58
Wind Onshore,2026-08-10 16:00:00,21706.89
Wind Onshore,2026-08-10 17:00:00,20235.23
Wind Onshore,2026-08-10 18:00:00,17083.63
Wind Onshore,2026-08-10 19:00:00,15222.09
Wind Onshore,2026-08-10 20:00:00,14809.89
Wind Onshore,2026-08-10 21:00:00,14787.27
Wind Onshore,2026-08-10 22:00:00,14655.6
Wind Onshore,2026-08-10 23:00:00,14611.73
Wind Onshore,2026-08-11 00:00:00,14367.14
Wind Onshore,2026-08-11 01:00:00,13577.9
Wind Onshore,2026-08-11 02:00:00,12917.62
Wind Onshore,2026-08-11 03:00:00,12017.78
Wind Onshore,2026-08-11 04:00:00,11537.92
Wind Onshore,2026-08-11 05:00:00,9040.16
Wind Onshore,2026-08-11 06:00:00,6529.69
Wind Onshore,2026-08-11 07:00:00,7290.32
Wind Onshore,2026-08-11 08:00:00,7787.62
Wind Onshore,2026-08-11 09:00:00,6921.9
Wind Onshore,2026-08-11 10:00:00,5661.97
Wind Onshore,2026-08-11 11:00:00,4533.98
Wind Onshore,2026-08-11 12:00:00,4726.92
Wind Onshore,2026-08-11 13:00:00,5424.99
Wind Onshore,2026-08-11 14:00:00,6207.94
Wind Onshore,2026-08-11 15:00:00,7074.46
Wind Onshore,2026-08-11 16:00:00,6926.34
Wind Onshore,2026-08-11 17:00:00,6538.69
Wind Onshore,2026-08-11 18:00:00,6286.21
Wind Onshore,2026-08-11 19:00:00,7429.59
Wind Onshore,2026-08-11 20:00:00,8595.52
Wind Onshore,2026-08-11 21:00:00,8917.56
Wind Onshore,2026-08-11 22:00:00,8349.88
Wind Onshore,2026-08-11 23:00:00,7708.6
Wind Onshore,2026-08-12 00:00:00,7037.06
Wind Onshore,2026-08-12 01:00:00,6630.15
Wind Onshore,2026-08-12 02:00:00,6179.16
Wind Onshore,2026-08-12 03:00:00,5972.19
Wind Onshore,2026-08-12 04:00:00,6054.06
Wind Onshore,2026-08-12 05:00:00,5327.62
Wind Onshore,2026-08-12 06:00:00,2912.78
Wind Onshore,2026-08-12 07:00:00,1316.7
Wind Onshore,2026-08-12 08:00:00,1262.8
Wind Onshore,2026-08-12 09:00:00,1501.85
Wind Onshore,2026-08-12 10:00:00,1159.12
Wind Onshore,2026-08-12 11:00:00,982.59
Wind Onshore,2026-08-12 12:00:00,1290.42
Wind Onshore,2026-08-12 13:00:00,1640.64
Wind Onshore,2026-08-12 14:00:00,1907.77
Wind Onshore,2026-08-12 15:00:00,2299.63
Wind Onshore,2026-08-12 16:00:00,2866.98
Wind Onshore,2026-08-12 17:00:00,3914.62
Wind Onshore,2026-08-12 18:00:00,6818.23
Wind Onshore,2026-08-12 19:00:00,11030.64
Wind Onshore,2026-08-12 20:00:00,13994.51
Wind Onshore,2026-08-12 21:00:00,15232.57
Wind Onshore,2026-08-12 22:00:00,15377.11
Wind Onshore,2026-08-12 23:00:00,15144.94
Wind Onshore,2026-08-13 00:00:00,14371.27
Wind Onshore,2026-08-13 01:00:00,12948.7
Wind Onshore,2026-08-13 02:00:00,11887.39
Wind Onshore,2026-08-13 03:00:00,11061.84
Wind Onshore,2026-08-13 04:00:00,10560.91
Wind Onshore,2026-08-13 05:00:00,9045.26
Wind Onshore,2026-08-13 06:00:00,5677.14
Wind Onshore,2026-08-13 07:00:00,2336.24
Wind Onshore,2026-08-13 08:00:00,1831.19
Wind Onshore,2026-08-13 09:00:00,3050.14
Wind Onshore,2026-08-13 10:00:00,3446.92
Wind Onshore,2026-08-13 11:00:00,2988.02
Wind Onshore,2026-08-13 12:00:00,3589.34
Wind Onshore,2026-08-13 13:00:00,3653.12
Wind Onshore,2026-08-13 14:00:00,3723.52
Wind Onshore,2026-08-13 15:00:00,3975.04
Wind Onshore,2026-08-13 16:00:00,4405.83
Wind Onshore,2026-08-13 17:00:00,5100.53
Wind Onshore,2026-08-13 18:00:00,7616.14
Wind Onshore,2026-08-13 19:00:00,12979.71
Wind Onshore,2026-08-13 20:00:00,17743.1
Wind Onshore,2026-08-13 21:00:00,19668.33
Wind Onshore,2026-08-13 22:00:00,19580.78
Wind Onshore,2026-08-13 23:00:00,19311.93
Wind Onshore,2026-08-14 00:00:00,18508.94
Wind Onshore,2026-08-14 01:00:00,16886.86
Wind Onshore,2026-08-14 02:00:00,15147.91
Wind Onshore,2026-08-14 03:00:00,14107.67
Wind Onshore,2026-08-14 04:00:00,13581.99
Wind Onshore,2026-08-14 05:00:00,11677.63
Wind Onshore,2026-08-14 06:00:00,7409.22
Wind Onshore,2026-08-14 07:00:00,3244.12
Wind Onshore,2026-08-14 08:00:00,2204.44
Wind Onshore,2026-08-14 09:00:00,2810.0
Wind Onshore,2026-08-14 10:00:00,3105.68
Wind Onshore,2026-08-14 11:00:00,2737.9
Wind Onshore,2026-08-14 12:00:00,2317.73
Wind Onshore,2026-08-14 13:00:00,2107.38
Wind Onshore,2026-08-14 14:00:00,2045.43
Wind Onshore,2026-08-14 15:00:00,2026.89
Wind Onshore,2026-08-14 16:00:00,2057.3
Wind Onshore,2026-08-14 17:00:00,2600.32
Wind Onshore,2026-08-14 18:00:00,4034.45
Wind Onshore,2026-08-14 19:00:00,6250.6
Wind Onshore,2026-08-14 20:00:00,9052.63
Wind Onshore,2026-08-14 21:00:00,10347.31
Wind Onshore,2026-08-14 22:00:00,9913.15
Wind Onshore,2026-08-14 23:00:00,8772.97
Wind Onshore,2026-08-15 00:00:00,7992.87
Wind Onshore,2026-08-15 01:00:00,7165.75
Wind Onshore,2026-08-15 02:00:00,6311.26
Wind Onshore,2026-08-15 03:00:00,5782.35
Wind Onshore,2026-08-15 04:00:00,5703.71
Wind Onshore,2026-08-15 05:00:00,5181.83
Wind Onshore,2026-08-15 06:00:00,3782.46
Wind Onshore,2026-08-15 07:00:00,2974.34
Wind Onshore,2026-08-15 08:00:00,3115.91
Wind Onshore,2026-08-15 09:00:00,3577.09
Wind Onshore,2026-08-15 10:00:00,4402.91
Wind Onshore,2026-08-15 11:00:00,5019.81
Wind Onshore,2026-08-15 12:00:00,5625.07
Wind Onshore,2026-08-15 13:00:00,6569.76
Wind Onshore,2026-08-15 14:00:00,9063.57
Wind Onshore,2026-08-15 15:00:00,9856.96
Wind Onshore,2026-08-15 16:00:00,10678.71
Wind Onshore,2026-08-15 17:00:00,11016.01
Wind Onshore,2026-08-15 18:00:00,10725.44
Wind Onshore,2026-08-15 19:00:00,9807.23
Wind Onshore,2026-08-15 20:00:00,8928.54
Wind Onshore,2026-08-15 21:00:00,7454.61
Wind Onshore,2026-08-15 22:00:00,5887.18
Wind Onshore,2026-08-15 23:00:00,5091.08
Wind Onshore,2026-08-16 00:00:00,4557.45
Wind Onshore,2026-08-16 01:00:00,4433.77
Wind Onshore,2026-08-16 02:00:00,4588.4
Wind Onshore,2026-08-16 03:00:00,4765.33
Wind Onshore,2026-08-16 04:00:00,4699.88
Wind Onshore,2026-08-16 05:00:00,3923.35
Wind Onshore,2026-08-16 06:00:00,2719.51
Wind Onshore,2026-08-16 07:00:00,2060.22
Wind Onshore,2026-08-16 08:00:00,1999.23
Wind Onshore,2026-08-16 09:00:00,2057.92
Wind Onshore,2026-08-16 10:00:00,1630.59
Wind Onshore,2026-08-16 11:00:00,1707.89
Wind Onshore,2026-08-16 12:00:00,2288.18
Wind Onshore,2026-08-16 13:00:00,3186.8
Wind Onshore,2026-08-16 14:00:00,3976.64
Wind Onshore,2026-08-16 15:00:00,4262.51
Wind Onshore,2026-08-16 16:00:00,4283.93
Wind Onshore,2026-08-16 17:00:00,4387.45
Wind Onshore,2026-08-16 18:00:00,4412.03
Wind Onshore,2026-08-16 19:00:00,3423.59
Wind Onshore,2026-08-16 20:00:00,2995.77
Wind Onshore,2026-08-16 21:00:00,2871.47
Wind Onshore,2026-08-16 22:00:00,2484.26
Wind Onshore,2026-08-16 23:00:00,2125.67
Wind Onshore,2026-08-17 00:00:00,1869.14
Wind Onshore,2026-08-17 01:00:00,1714.41
Wind Onshore,2026-08-17 02:00:00,1898.67
Wind Onshore,2026-08-17 03:00:00,1993.6
Wind Onshore,2026-08-17 04:00:00,2817.45
Wind Onshore,2026-08-17 05:00:00,3358.54
Wind Onshore,2026-08-17 06:00:00,3230.7
Wind Onshore,2026-08-17 07:00:00,3010.9
Wind Onshore,2026-08-17 08:00:00,3358.91
Wind Onshore,2026-08-17 09:00:00,4052.61
Wind Onshore,2026-08-17 10:00:00,4987.43
Wind Onshore,2026-08-17 11:00:00,6581.23
Wind Onshore,2026-08-17 12:00:00,8903.28
Wind Onshore,2026-08-17 13:00:00,11336.41
Wind Onshore,2026-08-17 14:00:00,13068.11
Wind Onshore,2026-08-17 15:00:00,13347.14
Wind Onshore,2026-08-17 16:00:00,12402.28
Wind Onshore,2026-08-17 17:00:00,10393.66
Wind Onshore,2026-08-17 18:00:00,8166.38
Wind Onshore,2026-08-17 19:00:00,6458.4
Wind Onshore,2026-08-17 20:00:00,6245.94
Wind Onshore,2026-08-17 21:00:00,6175.88
Wind Onshore,2026-08-17 22:00:00,5929.87
Wind Onshore,2026-08-17 23:00:00,5918.02
Wind Onshore,2026-08-18 00:00:00,5545.47
Wind Onshore,2026-08-18 01:00:00,5261.68
Wind Onshore,2026-08-18 02:00:00,4955.64
Wind Onshore,2026-08-18 03:00:00,4555.61
Wind Onshore,2026-08-18 04:00:00,4064.18
Wind Onshore,2026-08-18 05:00:00,3500.17
Wind Onshore,2026-08-18 06:00:00,3240.74
Wind Onshore,2026-08-18 07:00:00,3722.09
Wind Onshore,2026-08-18 08:00:00,5087.41
Wind Onshore,2026-08-18 09:00:00,6751.13
Wind Onshore,2026-08-18 10:00:00,8408.92
Wind Onshore,2026-08-18 11:00:00,9623.17
Wind Onshore,2026-08-18 12:00:00,10202.27
Wind Onshore,2026-08-18 13:00:00,10639.33
Wind Onshore,2026-08-18 14:00:00,11383.8
Wind Onshore,2026-08-18 15:00:00,11641.65
Wind Onshore,2026-08-18 16:00:00,11496.07
Wind Onshore,2026-08-18 17:00:00,10891.19
Wind Onshore,2026-08-18 18:00:00,10086.76
Wind Onshore,2026-08-18 19:00:00,9311.85
Wind Onshore,2026-08-18 20:00:00,9445.73
Wind Onshore,2026-08-18 21:00:00,9362.38
Wind Onshore,2026-08-18 22:00:00,9710.19
Wind Onshore,2026-08-18 23:00:00,9658.66
Wind Onshore,2026-08-19 00:00:00,9629.04
Wind Onshore,2026-08-19 01:00:00,9435.44
Wind Onshore,2026-08-19 02:00:00,9497.06
Wind Onshore,2026-08-19 03:00:00,9984.44
Wind Onshore,2026-08-19 04:00:00,11280.05
Wind Onshore,2026-08-19 05:00:00,11712.98
Wind Onshore,2026-08-19 06:00:00,12326.85
Wind Onshore,2026-08-19 07:00:00,12274.33
Wind Onshore,2026-08-19 08:00:00,13602.11
Wind Onshore,2026-08-19 09:00:00,14424.71
Wind Onshore,2026-08-19 10:00:00,15743.89
Wind Onshore,2026-08-19 11:00:00,16513.52
Wind Onshore,2026-08-19 12:00:00,15599.92
Wind Onshore,2026-08-19 13:00:00,14121.61
Wind Onshore,2026-08-19 14:00:00,12429.07
Wind Onshore,2026-08-19 15:00:00,10418.55
Wind Onshore,2026-08-19 16:00:00,9405.11
Wind Onshore,2026-08-19 17:00:00,8289.4
Wind Onshore,2026-08-19 18:00:00,7568.27
Wind Onshore,2026-08-19 19:00:00,8606.88
Wind Onshore,2026-08-19 20:00:00,9717.79
Wind Onshore,2026-08-19 21:00:00,9004.91
Wind Onshore,2026-08-19 22:00:00,8573.81
Wind Onshore,2026-08-19 23:00:00,6864.03
Wind Onshore,2026-08-20 00:00:00,6051.33
Wind Onshore,2026-08-20 01:00:00,5829.28
Wind Onshore,2026-08-20 02:00:00,6652.98
Wind Onshore,2026-08-20 03:00:00,7795.73
Wind Onshore,2026-08-20 04:00:00,8585.0
Wind Onshore,2026-08-20 05:00:00,7720.99
Wind Onshore,2026-08-20 06:00:00,6972.11
Wind Onshore,2026-08-20 07:00:00,7422.23
Wind Onshore,2026-08-20 08:00:00,8930.37
Wind Onshore,2026-08-20 09:00:00,10861.28
Wind Onshore,2026-08-20 10:00:00,12375.96
Wind Onshore,2026-08-20 11:00:00,13349.96
Wind Onshore,2026-08-20 12:00:00,14318.1
Wind Onshore,2026-08-20 13:00:00,15657.09
Wind Onshore,2026-08-20 14:00:00,16485.91
Wind Onshore,2026-08-20 15:00:00,15300.75
Wind Onshore,2026-08-20 16:00:00,12404.81
Wind Onshore,2026-08-20 17:00:00,8864.1
Wind Onshore,2026-08-20 18:00:00,7588.33
Wind Onshore,2026-08-20 19:00:00,8197.8
Wind Onshore,2026-08-20 20:00:00,9630.48
Wind Onshore,2026-08-20 21:00:00,11063.44
Wind Onshore,2026-08-20 22:00:00,10993.98
Wind Onshore,2026-08-20 23:00:00,10526.31
Wind Onshore,2026-08-21 00:00:00,10447.14
Wind Onshore,2026-08-21 01:00:00,10211.36
Wind Onshore,2026-08-21 02:00:00,9279.67
Wind Onshore,2026-08-21 03:00:00,8386.22
Wind Onshore,2026-08-21 04:00:00,7680.27
Wind Onshore,2026-08-21 05:00:00,5874.28
Wind Onshore,2026-08-21 06:00:00,3506.8
Wind Onshore,2026-08-21 07:00:00,2411.14
Wind Onshore,2026-08-21 08:00:00,2479.49
Wind Onshore,2026-08-21 09:00:00,3176.55
Wind Onshore,2026-08-21 10:00:00,3530.67
Wind Onshore,2026-08-21 11:00:00,3726.04
Wind Onshore,2026-08-21 12:00:00,4004.58
Wind Onshore,2026-08-21 13:00:00,4868.87
Wind Onshore,2026-08-21 14:00:00,5162.21
Wind Onshore,2026-08-21 15:00:00,5105.2
Wind Onshore,2026-08-21 16:00:00,5422.59
Wind Onshore,2026-08-21 17:00:00,5311.07
Wind Onshore,2026-08-21 18:00:00,5308.74
Wind Onshore,2026-08-21 19:00:00,5131.17
Wind Onshore,2026-08-21 20:00:00,5385.79
Wind Onshore,2026-08-21 21:00:00,5470.62
Wind Onshore,2026-08-21 22:00:00,5802.63
Wind Onshore,2026-08-21 23:00:00,6705.43
Wind Onshore,2026-08-22 00:00:00,7191.22
Wind Onshore,2026-08-22 01:00:00,7479.28
Wind Onshore,2026-08-22 02:00:00,8221.57
Wind Onshore,2026-08-22 03:00:00,9147.24
Wind Onshore,2026-08-22 04:00:00,10049.36
Wind Onshore,2026-08-22 05:00:00,10232.61
Wind Onshore,2026-08-22 06:00:00,9827.74
Wind Onshore,2026-08-22 07:00:00,10975.75
Wind Onshore,2026-08-22 08:00:00,12088.65
Wind Onshore,2026-08-22 09:00:00,11931.86
Wind Onshore,2026-08-22 10:00:00,10886.65
Wind Onshore,2026-08-22 11:00:00,9879.22
Wind Onshore,2026-08-22 12:00:00,11102.58
Wind Onshore,2026-08-22 13:00:00,11692.44
Wind Onshore,2026-08-22 14:00:00,13532.31
Wind Onshore,2026-08-22 15:00:00,18429.0
Wind Onshore,2026-08-22 16:00:00,22402.25
Wind Onshore,2026-08-22 17:00:00,20478.42
Wind Onshore,2026-08-22 18:00:00,19132.14
Wind Onshore,2026-08-22 19:00:00,17404.63
Wind Onshore,2026-08-22 20:00:00,16543.07
Wind Onshore,2026-08-22 21:00:00,16267.28
Wind Onshore,2026-08-22 22:00:00,15829.43
Wind Onshore,2026-08-22 23:00:00,15322.6
Wind Onshore,2026-08-23 00:00:00,14615.79
Wind Onshore,2026-08-23 01:00:00,14848.16
Wind Onshore,2026-08-23 02:00:00,14716.34
Wind Onshore,2026-08-23 03:00:00,14740.21
Wind Onshore,2026-08-23 04:00:00,15050.63
Wind Onshore,2026-08-23 05:00:00,14494.54
Wind Onshore,2026-08-23 06:00:00,14047.61
Wind Onshore,2026-08-23 07:00:00,12819.82
Wind Onshore,2026-08-23 08:00:00,9775.76
Wind Onshore,2026-08-23 09:00:00,9901.35
Wind Onshore,2026-08-23 10:00:00,9347.5
Wind Onshore,2026-08-23 11:00:00,8309.02
Wind Onshore,2026-08-23 12:00:00,8114.75
Wind Onshore,2026-08-23 13:00:00,9174.39
Wind Onshore,2026-08-23 14:00:00,9746.14
Wind Onshore,2026-08-23 15:00:00,14908.9
Wind Onshore,2026-08-23 16:00:00,14482.89
Wind Onshore,2026-08-23 17:00:00,11989.37
Wind Onshore,2026-08-23 18:00:00,10363.52
Wind Onshore,2026-08-23 19:00:00,9703.03
Wind Onshore,2026-08-23 20:00:00,9670.42
Wind Onshore,2026-08-23 21:00:00,9753.09
Wind Onshore,2026-08-23 22:00:00,9206.37
Wind Onshore,2026-08-23 23:00:00,8749.06
Wind Onshore,2026-08-24 00:00:00,8405.74
Wind Onshore,2026-08-24 01:00:00,7684.01
Wind Onshore,2026-08-24 02:00:00,6940.78
Wind Onshore,2026-08-24 03:00:00,6810.04
Wind Onshore,2026-08-24 04:00:00,6661.65
Wind Onshore,2026-08-24 05:00:00,5600.14
Wind Onshore,2026-08-24 06:00:00,3968.45
Wind Onshore,2026-08-24 07:00:00,2701.89
Wind Onshore,2026-08-24 08:00:00,2572.66
Wind Onshore,2026-08-24 09:00:00,2650.43
Wind Onshore,2026-08-24 10:00:00,2570.47
Wind Onshore,2026-08-24 11:00:00,2477.78
Wind Onshore,2026-08-24 12:00:00,2646.02
Wind Onshore,2026-08-24 13:00:00,3021.45
Wind Onshore,2026-08-24 14:00:00,3644.84
Wind Onshore,2026-08-24 15:00:00,4636.67
Wind Onshore,2026-08-24 16:00:00,5479.16
Wind Onshore,2026-08-24 17:00:00,6435.42
Wind Onshore,2026-08-24 18:00:00,7831.66
Wind Onshore,2026-08-24 19:00:00,10398.82
Wind Onshore,2026-08-24 20:00:00,12887.29
Wind Onshore,2026-08-24 21:00:00,15202.55
Wind Onshore,2026-08-24 22:00:00,16855.98
Wind Onshore,2026-08-24 23:00:00,17308.52
Wind Onshore,2026-08-25 00:00:00,16985.8
Wind Onshore,2026-08-25 01:00:00,16891.46
Wind Onshore,2026-08-25 02:00:00,16847.87
Wind Onshore,2026-08-25 03:00:00,16994.36
Wind Onshore,2026-08-25 04:00:00,17756.0
Wind Onshore,2026-08-25 05:00:00,15900.49
Wind Onshore,2026-08-25 06:00:00,11253.93
Wind Onshore,2026-08-25 07:00:00,8712.12
Wind Onshore,2026-08-25 08:00:00,10939.86
Wind Onshore,2026-08-25 09:00:00,12250.48
Wind Onshore,2026-08-25 10:00:00,12292.3
Wind Onshore,2026-08-25 11:00:00,12217.7
Wind Onshore,2026-08-25 12:00:00,12209.74
Wind Onshore,2026-08-25 13:00:00,12981.89
Wind Onshore,2026-08-25 14:00:00,13139.66
Wind Onshore,2026-08-25 15:00:00,13266.06
Wind Onshore,2026-08-25 16:00:00,12472.87
Wind Onshore,2026-08-25 17:00:00,10768.39
Wind Onshore,2026-08-25 18:00:00,11892.8
Wind Onshore,2026-08-25 19:00:00,14099.42
Wind Onshore,2026-08-25 20:00:00,14613.14
Wind Onshore,2026-08-25 21:00:00,14548.13
Wind Onshore,2026-08-25 22:00:00,13767.33
Wind Onshore,2026-08-25 23:00:00,13029.49
Wind Onshore,2026-08-26 00:00:00,12585.62
Wind Onshore,2026-08-26 01:00:00,12373.64
Wind Onshore,2026-08-26 02:00:00,12185.79
Wind Onshore,2026-08-26 03:00:00,11912.61
Wind Onshore,2026-08-26 04:00:00,11820.11
Wind Onshore,2026-08-26 05:00:00,10401.76
Wind Onshore,2026-08-26 06:00:00,7376.49
Wind Onshore,2026-08-26 07:00:00,5892.02
Wind Onshore,2026-08-26 08:00:00,7135.69
Wind Onshore,2026-08-26 09:00:00,10599.81
Wind Onshore,2026-08-26 10:00:00,12529.94
Wind Onshore,2026-08-26 11:00:00,12936.29
Wind Onshore,2026-08-26 12:00:00,12886.3
Wind Onshore,2026-08-26 13:00:00,13252.85
Wind Onshore,2026-08-26 14:00:00,13851.66
Wind Onshore,2026-08-26 15:00:00,13973.82
Wind Onshore,2026-08-26 16:00:00,13585.5
Wind Onshore,2026-08-26 17:00:00,12473.26
Wind Onshore,2026-08-26 18:00:00,13654.0
Wind Onshore,2026-08-26 19:00:00,16105.87
Wind Onshore,2026-08-26 20:00:00,17479.05
Wind Onshore,2026-08-26 21:00:00,18431.76
Wind Onshore,2026-08-26 22:00:00,18810.21
Wind Onshore,2026-08-26 23:00:00,18938.6
Wind Onshore,2026-08-27 00:00:00,19109.12
Wind Onshore,2026-08-27 01:00:00,18938.67
Wind Onshore,2026-08-27 02:00:00,18930.06
Wind Onshore,2026-08-27 03:00:00,19092.22
Wind Onshore,2026-08-27 04:00:00,19481.79
Wind Onshore,2026-08-27 05:00:00,17110.65
Wind Onshore,2026-08-27 06:00:00,13645.47
Wind Onshore,2026-08-27 07:00:00,11789.64
Wind Onshore,2026-08-27 08:00:00,12707.02
Wind Onshore,2026-08-27 09:00:00,14742.58
Wind Onshore,2026-08-27 10:00:00,15684.81
Wind Onshore,2026-08-27 11:00:00,15262.68
Wind Onshore,2026-08-27 12:00:00,16249.07
Wind Onshore,2026-08-27 13:00:00,18685.68
Wind Onshore,2026-08-27 14:00:00,18189.85
Wind Onshore,2026-08-27 15:00:00,18740.35
Wind Onshore,2026-08-27 16:00:00,18962.02
Wind Onshore,2026-08-27 17:00:00,18522.77
Wind Onshore,2026-08-27 18:00:00,21461.1
Wind Onshore,2026-08-27 19:00:00,23939.66
Wind Onshore,2026-08-27 20:00:00,25038.23
Wind Onshore,2026-08-27 21:00:00,26174.24
Wind Onshore,2026-08-27 22:00:00,26154.49
Wind Onshore,2026-08-27 23:00:00,25139.52
Wind Onshore,2026-08-28 00:00:00,21442.92
Wind Onshore,2026-08-28 01:00:00,18769.81
Wind Onshore,2026-08-28 02:00:00,17551.88
Wind Onshore,2026-08-28 03:00:00,16821.05
Wind Onshore,2026-08-28 04:00:00,17250.18
Wind Onshore,2026-08-28 05:00:00,16717.32
Wind Onshore,2026-08-28 06:00:00,15516.53
Wind Onshore,2026-08-28 07:00:00,13130.9
Wind Onshore,2026-08-28 08:00:00,11520.47
Wind Onshore,2026-08-28 09:00:00,10598.59
Wind Onshore,2026-08-28 10:00:00,10184.57
Wind Onshore,2026-08-28 11:00:00,12807.05
Wind Onshore,2026-08-28 12:00:00,14875.55
Wind Onshore,2026-08-28 13:00:00,16088.09
Wind Onshore,2026-08-28 14:00:00,16625.5
Wind Onshore,2026-08-28 15:00:00,17297.5
Wind Onshore,2026-08-28 16:00:00,16518.51
Wind Onshore,2026-08-28 17:00:00,17105.84
Wind Onshore,2026-08-28 18:00:00,17571.12
Wind Onshore,2026-08-28 19:00:00,18270.36
Wind Onshore,2026-08-28 20:00:00,19747.54
Wind Onshore,2026-08-28 21:00:00,19957.74
Wind Onshore,2026-08-28 22:00:00,20153.83
Wind Onshore,2026-08-28 23:00:00,21726.45
Wind Onshore,2026-08-29 00:00:00,22641.3
Wind Onshore,2026-08-29 01:00:00,23524.5
Wind Onshore,2026-08-29 02:00:00,24274.08
Wind Onshore,2026-08-29 03:00:00,24319.31
Wind Onshore,2026-08-29 04:00:00,25657.07
Wind Onshore,2026-08-29 05:00:00,24362.4
Wind Onshore,2026-08-29 06:00:00,23147.88
Wind Onshore,2026-08-29 07:00:00,20890.49
Wind Onshore,2026-08-29 08:00:00,16324.26
Wind Onshore,2026-08-29 09:00:00,14870.09
Wind Onshore,2026-08-29 10:00:00,14785.65
Wind Onshore,2026-08-29 11:00:00,15458.8
Wind Onshore,2026-08-29 12:00:00,16075.33
Wind Onshore,2026-08-29 13:00:00,18683.19
Wind Onshore,2026-08-29 14:00:00,20285.09
Wind Onshore,2026-08-29 15:00:00,19256.85
Wind Onshore,2026-08-29 16:00:00,16637.43
Wind Onshore,2026-08-29 17:00:00,13828.94
Wind Onshore,2026-08-29 18:00:00,12951.39
Wind Onshore,2026-08-29 19:00:00,15537.98
Wind Onshore,2026-08-29 20:00:00,18947.87
Wind Onshore,2026-08-29 21:00:00,21802.18
Wind Onshore,2026-08-29 22:00:00,24060.61
Wind Onshore,2026-08-29 23:00:00,24980.29
Wind Onshore,2026-08-30 00:00:00,26411.88
Wind Onshore,2026-08-30 01:00:00,27892.22
Wind Onshore,2026-08-30 02:00:00,29211.71
Wind Onshore,2026-08-30 03:00:00,30951.07
Wind Onshore,2026-08-30 04:00:00,33357.7
Wind Onshore,2026-08-30 05:00:00,34420.99
Wind Onshore,2026-08-30 06:00:00,32968.09
Wind Onshore,2026-08-30 07:00:00,27870.94
Wind Onshore,2026-08-30 08:00:00,25505.05
Wind Onshore,2026-08-30 09:00:00,24917.92
Wind Onshore,2026-08-30 10:00:00,22562.08
Wind Onshore,2026-08-30 11:00:00,19935.42
Wind Onshore,2026-08-30 12:00:00,18818.15
Wind Onshore,2026-08-30 13:00:00,20596.09
Wind Onshore,2026-08-30 14:00:00,19959.12
Wind Onshore,2026-08-30 15:00:00,19405.61
Wind Onshore,2026-08-30 16:00:00,14139.46
Wind Onshore,2026-08-30 17:00:00,9136.72
Wind Onshore,2026-08-30 18:00:00,5259.09
Wind Onshore,2026-08-30 19:00:00,4122.48
Wind Onshore,2026-08-30 20:00:00,3941.94
Wind Onshore,2026-08-30 21:00:00,3837.66
Wind Onshore,2026-08-30 22:00:00,4295.5
Wind Onshore,2026-08-30 23:00:00,5359.95
Wind Onshore,2026-08-31 00:00:00,7562.8
Wind Onshore,2026-08-31 01:00:00,10223.34
Wind Onshore,2026-08-31 02:00:00,12776.96
Wind Onshore,2026-08-31 03:00:00,15125.57
Wind Onshore,2026-08-31 04:00:00,17908.82
Wind Onshore,2026-08-31 05:00:00,18898.68
Wind Onshore,2026-08-31 06:00:00,19677.37
Wind Onshore,2026-08-31 07:00:00,20644.79
Wind Onshore,2026-08-31 08:00:00,21895.3
Wind Onshore,2026-08-31 09:00:00,22556.64
Wind Onshore,2026-08-31 10:00:00,20988.16
Wind Onshore,2026-08-31 11:00:00,23059.54
Wind Onshore,2026-08-31 12:00:00,23617.83
Wind Onshore,2026-08-31 13:00:00,24884.35
Wind Onshore,2026-08-31 14:00:00,27666.03
Wind Onshore,2026-08-31 15:00:00,28336.23
Wind Onshore,2026-08-31 16:00:00,26997.17
Wind Onshore,2026-08-31 17:00:00,24913.84
Wind Onshore,2026-08-31 18:00:00,24139.12
Wind Onshore,2026-08-31 19:00:00,24453.86
Wind Onshore,2026-08-31 20:00:00,23716.68
Wind Onshore,2026-08-31 21:00:00,24031.35
Wind Onshore,2026-08-31 22:00:00,24101.33
Wind Onshore,2026-08-31 23:00:00,23433.84
Wind Onshore,2026-09-01 00:00:00,22161.81
Wind Onshore,2026-09-01 01:00:00,20784.51
Wind Onshore,2026-09-01 02:00:00,19243.65
Wind Onshore,2026-09-01 03:00:00,18659.7
Wind Onshore,2026-09-01 04:00:00,18940.21
Wind Onshore,2026-09-01 05:00:00,18108.51
Wind Onshore,2026-09-01 06:00:00,17164.11
Wind Onshore,2026-09-01 07:00:00,17141.52
Wind Onshore,2026-09-01 08:00:00,18584.49
Wind Onshore,2026-09-01 09:00:00,20533.62
Wind Onshore,2026-09-01 10:00:00,20335.68
Wind Onshore,2026-09-01 11:00:00,19849.84
Wind Onshore,2026-09-01 12:00:00,18593.34
Wind Onshore,2026-09-01 13:00:00,17065.52
Wind Onshore,2026-09-01 14:00:00,16455.45
Wind Onshore,2026-09-01 15:00:00,15913.23
Wind Onshore,2026-09-01 16:00:00,14029.84
Wind Onshore,2026-09-01 17:00:00,11443.82
Wind Onshore,2026-09-01 18:00:00,10394.08
Wind Onshore,2026-09-01 19:00:00,9436.82
Wind Onshore,2026-09-01 20:00:00,8038.08
Wind Onshore,2026-09-01 21:00:00,7430.56
Wind Onshore,2026-09-01 22:00:00,7121.52
Wind Onshore,2026-09-01 23:00:00,6133.84
Wind Onshore,2026-09-02 00:00:00,5566.69
Wind Onshore,2026-09-02 01:00:00,5669.5
Wind Onshore,2026-09-02 02:00:00,5967.29
Wind Onshore,2026-09-02 03:00:00,6105.63
Wind Onshore,2026-09-02 04:00:00,6852.54
Wind Onshore,2026-09-02 05:00:00,7250.75
Wind Onshore,2026-09-02 06:00:00,6278.92
Wind Onshore,2026-09-02 07:00:00,4804.83
Wind Onshore,2026-09-02 08:00:00,5367.91
Wind Onshore,2026-09-02 09:00:00,6643.83
Wind Onshore,2026-09-02 10:00:00,7858.95
Wind Onshore,2026-09-02 11:00:00,9073.23
Wind Onshore,2026-09-02 12:00:00,9054.76
Wind Onshore,2026-09-02 13:00:00,8906.92
Wind Onshore,2026-09-02 14:00:00,9137.02
Wind Onshore,2026-09-02 15:00:00,8836.27
Wind Onshore,2026-09-02 16:00:00,6969.0
Wind Onshore,2026-09-02 17:00:00,4953.98
Wind Onshore,2026-09-02 18:00:00,4319.85
Wind Onshore,2026-09-02 19:00:00,4899.7
Wind Onshore,2026-09-02 20:00:00,5623.7
Wind Onshore,2026-09-02 21:00:00,6555.61
Wind Onshore,2026-09-02 22:00:00,7437.52
Wind Onshore,2026-09-02 23:00:00,8728.68
Wind Onshore,2026-09-03 00:00:00,9998.61
Wind Onshore,2026-09-03 01:00:00,10323.07
Wind Onshore,2026-09-03 02:00:00,11556.04
Wind Onshore,2026-09-03 03:00:00,13880.21
Wind Onshore,2026-09-03 04:00:00,17864.94
Wind Onshore,2026-09-03 05:00:00,21609.44
Wind Onshore,2026-09-03 06:00:00,22911.29
Wind Onshore,2026-09-03 07:00:00,23014.6
Wind Onshore,2026-09-03 08:00:00,24588.16
Wind Onshore,2026-09-03 09:00:00,26548.39
Wind Onshore,2026-09-03 10:00:00,28025.17
Wind Onshore,2026-09-03 11:00:00,28742.38
Wind Onshore,2026-09-03 12:00:00,30508.84
Wind Onshore,2026-09-03 13:00:00,32642.87
Wind Onshore,2026-09-03 14:00:00,33992.19
Wind Onshore,2026-09-03 15:00:00,32690.91
Wind Onshore,2026-09-03 16:00:00,30122.51
Wind Onshore,2026-09-03 17:00:00,27740.45
Wind Onshore,2026-09-03 18:00:00,25809.5
Wind Onshore,2026-09-03 19:00:00,24758.13
Wind Onshore,2026-09-03 20:00:00,24446.14
Wind Onshore,2026-09-03 21:00:00,24279.77
Wind Onshore,2026-09-03 22:00:00,23769.08
Wind Onshore,2026-09-03 23:00:00,23261.96
Wind Onshore,2026-09-04 00:00:00,22872.71
Wind Onshore,2026-09-04 01:00:00,23050.31
Wind Onshore,2026-09-04 02:00:00,23332.76
Wind Onshore,2026-09-04 03:00:00,22976.82
Wind Onshore,2026-09-04 04:00:00,25523.32
Wind Onshore,2026-09-04 05:00:00,29104.52
Wind Onshore,2026-09-04 06:00:00,30249.03
Wind Onshore,2026-09-04 07:00:00,31775.57
Wind Onshore,2026-09-04 08:00:00,33987.3
Wind Onshore,2026-09-04 09:00:00,35673.9
Wind Onshore,2026-09-04 10:00:00,31689.66
Wind Onshore,2026-09-04 11:00:00,29643.79
Wind Onshore,2026-09-04 12:00:00,27537.4
Wind Onshore,2026-09-04 13:00:00,29286.96
Wind Onshore,2026-09-04 14:00:00,33793.83
Wind Onshore,2026-09-04 15:00:00,37803.78
Wind Onshore,2026-09-04 16:00:00,41083.03
Wind Onshore,2026-09-04 17:00:00,38097.74
Wind Onshore,2026-09-04 18:00:00,36500.96
Wind Onshore,2026-09-04 19:00:00,34676.41
Wind Onshore,2026-09-04 20:00:00,32608.65
Wind Onshore,2026-09-04 21:00:00,32185.66
Wind Onshore,2026-09-04 22:00:00,30393.31
Wind Onshore,2026-09-04 23:00:00,28481.55
Wind Onshore,2026-09-05 00:00:00,26879.8
Wind Onshore,2026-09-05 01:00:00,26225.53
Wind Onshore,2026-09-05 02:00:00,26144.17
Wind Onshore,2026-09-05 03:00:00,26249.77
Wind Onshore,2026-09-05 04:00:00,27119.8
Wind Onshore,2026-09-05 05:00:00,24688.49
Wind Onshore,2026-09-05 06:00:00,23913.06
Wind Onshore,2026-09-05 07:00:00,23865.52
